kind,temp_c,c_rate,dod,efc_target,days,efc,loss_time,loss_efc
calendar,25.0,1.0,0.0,0.0,1.0,0.0,0.0007686598811920131,0.0
calendar,25.0,1.0,0.0,0.0,2.0,0.0,0.0011729749786989485,0.0
calendar,25.0,1.0,0.0,0.0,3.0,0.0,0.0014492308395952502,0.0
calendar,25.0,1.0,0.0,0.0,4.0,0.0,0.0016775502281822785,0.0
calendar,25.0,1.0,0.0,0.0,5.0,0.0,0.0018776682251894217,0.0
calendar,25.0,1.0,0.0,0.0,6.0,0.0,0.002058461106559273,0.0
calendar,25.0,1.0,0.0,0.0,7.0,0.0,0.0022248806622058304,0.0
calendar,25.0,1.0,0.0,0.0,8.0,0.0,0.002380040098766023,0.0
calendar,25.0,1.0,0.0,0.0,9.0,0.0,0.0025260542673598563,0.0
calendar,25.0,1.0,0.0,0.0,10.0,0.0,0.0026644405175860753,0.0
calendar,25.0,1.0,0.0,0.0,11.0,0.0,0.0027963328358544537,0.0
calendar,25.0,1.0,0.0,0.0,12.0,0.0,0.0029226059866686027,0.0
calendar,25.0,1.0,0.0,0.0,13.0,0.0,0.003043952100084568,0.0
calendar,25.0,1.0,0.0,0.0,14.0,0.0,0.0031609302983064413,0.0
calendar,25.0,1.0,0.0,0.0,15.0,0.0,0.0032740001576547773,0.0
calendar,25.0,1.0,0.0,0.0,16.0,0.0,0.0033835450270163214,0.0
calendar,25.0,1.0,0.0,0.0,17.0,0.0,0.003489888735149549,0.0
calendar,25.0,1.0,0.0,0.0,18.0,0.0,0.0035933078486738435,0.0
calendar,25.0,1.0,0.0,0.0,19.0,0.0,0.0036940408521504153,0.0
calendar,25.0,1.0,0.0,0.0,20.0,0.0,0.0037922951475306554,0.0
calendar,25.0,1.0,0.0,0.0,21.0,0.0,0.003888252476024645,0.0
calendar,25.0,1.0,0.0,0.0,22.0,0.0,0.0039820731773798634,0.0
calendar,25.0,1.0,0.0,0.0,23.0,0.0,0.0040738995781756104,0.0
calendar,25.0,1.0,0.0,0.0,24.0,0.0,0.004163858717905478,0.0
calendar,25.0,1.0,0.0,0.0,25.0,0.0,0.004252064564831071,0.0
calendar,25.0,1.0,0.0,0.0,26.0,0.0,0.0043386198339468995,0.0
calendar,25.0,1.0,0.0,0.0,27.0,0.0,0.0044236174912325454,0.0
calendar,25.0,1.0,0.0,0.0,28.0,0.0,0.004507142008066789,0.0
calendar,25.0,1.0,0.0,0.0,29.0,0.0,0.004589270414828706,0.0
calendar,25.0,1.0,0.0,0.0,30.0,0.0,0.004670073191714752,0.0
calendar,25.0,1.0,0.0,0.0,31.0,0.0,0.00474961502655824,0.0
calendar,25.0,1.0,0.0,0.0,32.0,0.0,0.004827955463192701,0.0
calendar,25.0,1.0,0.0,0.0,33.0,0.0,0.004905149459121461,0.0
calendar,25.0,1.0,0.0,0.0,34.0,0.0,0.004981247867565153,0.0
calendar,25.0,1.0,0.0,0.0,35.0,0.0,0.005056297856077863,0.0
calendar,25.0,1.0,0.0,0.0,36.0,0.0,0.005130343271666615,0.0
calendar,25.0,1.0,0.0,0.0,37.0,0.0,0.005203424960554481,0.0
calendar,25.0,1.0,0.0,0.0,38.0,0.0,0.00527558104930248,0.0
calendar,25.0,1.0,0.0,0.0,39.0,0.0,0.005346847192860715,0.0
calendar,25.0,1.0,0.0,0.0,40.0,0.0,0.0054172567941900285,0.0
calendar,25.0,1.0,0.0,0.0,41.0,0.0,0.005486841199346504,0.0
calendar,25.0,1.0,0.0,0.0,42.0,0.0,0.005555629871304202,0.0
calendar,25.0,1.0,0.0,0.0,43.0,0.0,0.00562365054528724,0.0
calendar,25.0,1.0,0.0,0.0,44.0,0.0,0.0056909293679624495,0.0
calendar,25.0,1.0,0.0,0.0,45.0,0.0,0.005757491022502559,0.0
calendar,25.0,1.0,0.0,0.0,46.0,0.0,0.005823358841235193,0.0
calendar,25.0,1.0,0.0,0.0,47.0,0.0,0.005888554907354515,0.0
calendar,25.0,1.0,0.0,0.0,48.0,0.0,0.005953100146969037,0.0
calendar,25.0,1.0,0.0,0.0,49.0,0.0,0.006017014412586064,0.0
calendar,25.0,1.0,0.0,0.0,50.0,0.0,0.006080316558988663,0.0
calendar,25.0,1.0,0.0,0.0,51.0,0.0,0.0061430245123366145,0.0
calendar,25.0,1.0,0.0,0.0,52.0,0.0,0.006205155333218526,0.0
calendar,25.0,1.0,0.0,0.0,53.0,0.0,0.006266725274291063,0.0
calendar,25.0,1.0,0.0,0.0,54.0,0.0,0.0063277498330625015,0.0
calendar,25.0,1.0,0.0,0.0,55.0,0.0,0.006388243800313664,0.0
calendar,25.0,1.0,0.0,0.0,56.0,0.0,0.006448221304588664,0.0
calendar,25.0,1.0,0.0,0.0,57.0,0.0,0.006507695853139817,0.0
calendar,25.0,1.0,0.0,0.0,58.0,0.0,0.006566680369666011,0.0
calendar,25.0,1.0,0.0,0.0,59.0,0.0,0.006625187229147178,0.0
calendar,25.0,1.0,0.0,0.0,60.0,0.0,0.006683228290044085,0.0
calendar,25.0,1.0,0.0,0.0,61.0,0.0,0.00674081492410239,0.0
calendar,25.0,1.0,0.0,0.0,62.0,0.0,0.0067979580439767595,0.0
calendar,25.0,1.0,0.0,0.0,63.0,0.0,0.006854668128866148,0.0
calendar,25.0,1.0,0.0,0.0,64.0,0.0,0.00691095524833385,0.0
calendar,25.0,1.0,0.0,0.0,65.0,0.0,0.0069668290844661085,0.0
calendar,25.0,1.0,0.0,0.0,66.0,0.0,0.00702229895250972,0.0
calendar,25.0,1.0,0.0,0.0,67.0,0.0,0.007077373820114197,0.0
calendar,25.0,1.0,0.0,0.0,68.0,0.0,0.007132062325292621,0.0
calendar,25.0,1.0,0.0,0.0,69.0,0.0,0.007186372793203999,0.0
calendar,25.0,1.0,0.0,0.0,70.0,0.0,0.007240313251849484,0.0
calendar,25.0,1.0,0.0,0.0,71.0,0.0,0.007293891446769507,0.0
calendar,25.0,1.0,0.0,0.0,72.0,0.0,0.007347114854815651,0.0
calendar,25.0,1.0,0.0,0.0,73.0,0.0,0.007399990697070646,0.0
calendar,25.0,1.0,0.0,0.0,74.0,0.0,0.00745252595097734,0.0
calendar,25.0,1.0,0.0,0.0,75.0,0.0,0.00750472736173724,0.0
calendar,25.0,1.0,0.0,0.0,76.0,0.0,0.007556601453030498,0.0
calendar,25.0,1.0,0.0,0.0,77.0,0.0,0.007608154537106948,0.0
calendar,25.0,1.0,0.0,0.0,78.0,0.0,0.007659392724291614,0.0
calendar,25.0,1.0,0.0,0.0,79.0,0.0,0.007710321931947539,0.0
calendar,25.0,1.0,0.0,0.0,80.0,0.0,0.007760947892932024,0.0
calendar,25.0,1.0,0.0,0.0,81.0,0.0,0.007811276163580461,0.0
calendar,25.0,1.0,0.0,0.0,82.0,0.0,0.007861312131251852,0.0
calendar,25.0,1.0,0.0,0.0,83.0,0.0,0.007911061021462662,0.0
calendar,25.0,1.0,0.0,0.0,84.0,0.0,0.007960527904637416,0.0
calendar,25.0,1.0,0.0,0.0,85.0,0.0,0.008009717702501362,0.0
calendar,25.0,1.0,0.0,0.0,86.0,0.0,0.00805863519413652,0.0
calendar,25.0,1.0,0.0,0.0,87.0,0.0,0.00810728502172453,0.0
calendar,25.0,1.0,0.0,0.0,88.0,0.0,0.008155671695994515,0.0
calendar,25.0,1.0,0.0,0.0,89.0,0.0,0.008203799601394723,0.0
calendar,25.0,1.0,0.0,0.0,90.0,0.0,0.008251673001005266,0.0
calendar,25.0,1.0,0.0,0.0,91.0,0.0,0.008299296041206605,0.0
calendar,25.0,1.0,0.0,0.0,92.0,0.0,0.00834667275612011,0.0
calendar,25.0,1.0,0.0,0.0,93.0,0.0,0.008393807071832349,0.0
calendar,25.0,1.0,0.0,0.0,94.0,0.0,0.008440702810417422,0.0
calendar,25.0,1.0,0.0,0.0,95.0,0.0,0.008487363693768013,0.0
calendar,25.0,1.0,0.0,0.0,96.0,0.0,0.008533793347246688,0.0
calendar,25.0,1.0,0.0,0.0,97.0,0.0,0.00857999530316711,0.0
calendar,25.0,1.0,0.0,0.0,98.0,0.0,0.008625973004115717,0.0
calendar,25.0,1.0,0.0,0.0,99.0,0.0,0.008671729806122075,0.0
calendar,25.0,1.0,0.0,0.0,100.0,0.0,0.008717268981685566,0.0
calendar,25.0,1.0,0.0,0.0,101.0,0.0,0.008762593722668188,0.0
calendar,25.0,1.0,0.0,0.0,102.0,0.0,0.008807707143058896,0.0
calendar,25.0,1.0,0.0,0.0,103.0,0.0,0.008852612281616712,0.0
calendar,25.0,1.0,0.0,0.0,104.0,0.0,0.0088973121044007,0.0
calendar,25.0,1.0,0.0,0.0,105.0,0.0,0.00894180950718948,0.0
calendar,25.0,1.0,0.0,0.0,106.0,0.0,0.008986107317799474,0.0
calendar,25.0,1.0,0.0,0.0,107.0,0.0,0.009030208298305031,0.0
calendar,25.0,1.0,0.0,0.0,108.0,0.0,0.009074115147165829,0.0
calendar,25.0,1.0,0.0,0.0,109.0,0.0,0.009117830501266466,0.0
calendar,25.0,1.0,0.0,0.0,110.0,0.0,0.009161356937872789,0.0
calendar,25.0,1.0,0.0,0.0,111.0,0.0,0.00920469697650872,0.0
calendar,25.0,1.0,0.0,0.0,112.0,0.0,0.009247853080757484,0.0
calendar,25.0,1.0,0.0,0.0,113.0,0.0,0.00929082765999134,0.0
calendar,25.0,1.0,0.0,0.0,114.0,0.0,0.009333623071032582,0.0
calendar,25.0,1.0,0.0,0.0,115.0,0.0,0.009376241619750592,0.0
calendar,25.0,1.0,0.0,0.0,116.0,0.0,0.009418685562595286,0.0
calendar,25.0,1.0,0.0,0.0,117.0,0.0,0.009460957108073043,0.0
calendar,25.0,1.0,0.0,0.0,118.0,0.0,0.009503058418165677,0.0
calendar,25.0,1.0,0.0,0.0,119.0,0.0,0.009544991609695574,0.0
calendar,25.0,1.0,0.0,0.0,120.0,0.0,0.00958675875564019,0.0
calendar,25.0,1.0,0.0,0.0,121.0,0.0,0.009628361886397485,0.0
calendar,25.0,1.0,0.0,0.0,122.0,0.0,0.009669802991004173,0.0
calendar,25.0,1.0,0.0,0.0,123.0,0.0,0.009711084018310445,0.0
calendar,25.0,1.0,0.0,0.0,124.0,0.0,0.009752206878110847,0.0
calendar,25.0,1.0,0.0,0.0,125.0,0.0,0.009793173442235514,0.0
calendar,25.0,1.0,0.0,0.0,126.0,0.0,0.009833985545601998,0.0
calendar,25.0,1.0,0.0,0.0,127.0,0.0,0.009874644987229453,0.0
calendar,25.0,1.0,0.0,0.0,128.0,0.0,0.009915153531218523,0.0
calendar,25.0,1.0,0.0,0.0,129.0,0.0,0.009955512907694919,0.0
calendar,25.0,1.0,0.0,0.0,130.0,0.0,0.009995724813722795,0.0
calendar,25.0,1.0,0.0,0.0,131.0,0.0,0.010035790914184606,0.0
calendar,25.0,1.0,0.0,0.0,132.0,0.0,0.010075712842632756,0.0
calendar,25.0,1.0,0.0,0.0,133.0,0.0,0.010115492202111054,0.0
calendar,25.0,1.0,0.0,0.0,134.0,0.0,0.01015513056594941,0.0
calendar,25.0,1.0,0.0,0.0,135.0,0.0,0.010194629478532224,0.0
calendar,25.0,1.0,0.0,0.0,136.0,0.0,0.010233990456040232,0.0
calendar,25.0,1.0,0.0,0.0,137.0,0.0,0.010273214987169599,0.0
calendar,25.0,1.0,0.0,0.0,138.0,0.0,0.010312304533826366,0.0
calendar,25.0,1.0,0.0,0.0,139.0,0.0,0.010351260531799134,0.0
calendar,25.0,1.0,0.0,0.0,140.0,0.0,0.010390084391409538,0.0
calendar,25.0,1.0,0.0,0.0,141.0,0.0,0.010428777498142416,0.0
calendar,25.0,1.0,0.0,0.0,142.0,0.0,0.01046734121325621,0.0
calendar,25.0,1.0,0.0,0.0,143.0,0.0,0.010505776874373818,0.0
calendar,25.0,1.0,0.0,0.0,144.0,0.0,0.010544085796054925,0.0
calendar,25.0,1.0,0.0,0.0,145.0,0.0,0.010582269270350997,0.0
calendar,25.0,1.0,0.0,0.0,146.0,0.0,0.01062032856734274,0.0
calendar,25.0,1.0,0.0,0.0,147.0,0.0,0.010658264935661688,0.0
calendar,25.0,1.0,0.0,0.0,148.0,0.0,0.010696079602995456,0.0
calendar,25.0,1.0,0.0,0.0,149.0,0.0,0.010733773776578026,0.0
calendar,25.0,1.0,0.0,0.0,150.0,0.0,0.010771348643665024,0.0
calendar,25.0,1.0,0.0,0.0,151.0,0.0,0.010808805371995467,0.0
calendar,25.0,1.0,0.0,0.0,152.0,0.0,0.01084614511023918,0.0
calendar,25.0,1.0,0.0,0.0,153.0,0.0,0.010883368988431674,0.0
calendar,25.0,1.0,0.0,0.0,154.0,0.0,0.010920478118395693,0.0
calendar,25.0,1.0,0.0,0.0,155.0,0.0,0.010957473594151446,0.0
calendar,25.0,1.0,0.0,0.0,156.0,0.0,0.010994356492313617,0.0
calendar,25.0,1.0,0.0,0.0,157.0,0.0,0.011031127872479063,0.0
calendar,25.0,1.0,0.0,0.0,158.0,0.0,0.011067788777601062,0.0
calendar,25.0,1.0,0.0,0.0,159.0,0.0,0.011104340234355359,0.0
calendar,25.0,1.0,0.0,0.0,160.0,0.0,0.011140783253493991,0.0
calendar,25.0,1.0,0.0,0.0,161.0,0.0,0.011177118830190569,0.0
calendar,25.0,1.0,0.0,0.0,162.0,0.0,0.01121334794437523,0.0
calendar,25.0,1.0,0.0,0.0,163.0,0.0,0.01124947156106082,0.0
calendar,25.0,1.0,0.0,0.0,164.0,0.0,0.011285490630659645,0.0
calendar,25.0,1.0,0.0,0.0,165.0,0.0,0.01132140608929233,0.0
calendar,25.0,1.0,0.0,0.0,166.0,0.0,0.011357218859087581,0.0
calendar,25.0,1.0,0.0,0.0,167.0,0.0,0.011392929848474398,0.0
calendar,25.0,1.0,0.0,0.0,168.0,0.0,0.011428539952465844,0.0
calendar,25.0,1.0,0.0,0.0,169.0,0.0,0.011464050052936381,0.0
calendar,25.0,1.0,0.0,0.0,170.0,0.0,0.011499461018890766,0.0
calendar,25.0,1.0,0.0,0.0,171.0,0.0,0.01153477370672662,0.0
calendar,25.0,1.0,0.0,0.0,172.0,0.0,0.011569988960489441,0.0
calendar,25.0,1.0,0.0,0.0,173.0,0.0,0.011605107612121857,0.0
calendar,25.0,1.0,0.0,0.0,174.0,0.0,0.011640130481705868,0.0
calendar,25.0,1.0,0.0,0.0,175.0,0.0,0.011675058377698777,0.0
calendar,25.0,1.0,0.0,0.0,176.0,0.0,0.011709892097163777,0.0
calendar,25.0,1.0,0.0,0.0,177.0,0.0,0.011744632425993995,0.0
calendar,25.0,1.0,0.0,0.0,178.0,0.0,0.011779280139130988,0.0
calendar,25.0,1.0,0.0,0.0,179.0,0.0,0.011813836000778455,0.0
calendar,25.0,1.0,0.0,0.0,180.0,0.0,0.01184830076460941,0.0
calendar,25.0,1.0,0.0,0.0,181.0,0.0,0.011882675173969348,0.0
calendar,25.0,1.0,0.0,0.0,182.0,0.0,0.01191695996207398,0.0
calendar,25.0,1.0,0.0,0.0,183.0,0.0,0.011951155852201634,0.0
calendar,25.0,1.0,0.0,0.0,184.0,0.0,0.011985263557882098,0.0
calendar,25.0,1.0,0.0,0.0,185.0,0.0,0.01201928378307937,0.0
calendar,25.0,1.0,0.0,0.0,186.0,0.0,0.012053217222371515,0.0
calendar,25.0,1.0,0.0,0.0,187.0,0.0,0.012087064561125294,0.0
calendar,25.0,1.0,0.0,0.0,188.0,0.0,0.012120826475666813,0.0
calendar,25.0,1.0,0.0,0.0,189.0,0.0,0.012154503633447833,0.0
calendar,25.0,1.0,0.0,0.0,190.0,0.0,0.012188096693209194,0.0
calendar,25.0,1.0,0.0,0.0,191.0,0.0,0.012221606305139132,0.0
calendar,25.0,1.0,0.0,0.0,192.0,0.0,0.01225503311102849,0.0
calendar,25.0,1.0,0.0,0.0,193.0,0.0,0.012288377744422596,0.0
calendar,25.0,1.0,0.0,0.0,194.0,0.0,0.01232164083076881,0.0
calendar,25.0,1.0,0.0,0.0,195.0,0.0,0.012354822987561631,0.0
calendar,25.0,1.0,0.0,0.0,196.0,0.0,0.01238792482448381,0.0
calendar,25.0,1.0,0.0,0.0,197.0,0.0,0.012420946943544231,0.0
calendar,25.0,1.0,0.0,0.0,198.0,0.0,0.012453889939213592,0.0
calendar,25.0,1.0,0.0,0.0,199.0,0.0,0.012486754398555622,0.0
calendar,25.0,1.0,0.0,0.0,200.0,0.0,0.012519540901356208,0.0
calendar,25.0,1.0,0.0,0.0,201.0,0.0,0.012552250020249844,0.0
calendar,25.0,1.0,0.0,0.0,202.0,0.0,0.01258488232084276,0.0
calendar,25.0,1.0,0.0,0.0,203.0,0.0,0.012617438361833044,0.0
calendar,25.0,1.0,0.0,0.0,204.0,0.0,0.012649918695129436,0.0
calendar,25.0,1.0,0.0,0.0,205.0,0.0,0.012682323865965905,0.0
calendar,25.0,1.0,0.0,0.0,206.0,0.0,0.012714654413014781,0.0
calendar,25.0,1.0,0.0,0.0,207.0,0.0,0.012746910868497219,0.0
calendar,25.0,1.0,0.0,0.0,208.0,0.0,0.012779093758291005,0.0
calendar,25.0,1.0,0.0,0.0,209.0,0.0,0.01281120360203647,0.0
calendar,25.0,1.0,0.0,0.0,210.0,0.0,0.01284324091323985,0.0
calendar,25.0,1.0,0.0,0.0,211.0,0.0,0.0128752061993741,0.0
calendar,25.0,1.0,0.0,0.0,212.0,0.0,0.012907099961978696,0.0
calendar,25.0,1.0,0.0,0.0,213.0,0.0,0.012938922696756228,0.0
calendar,25.0,1.0,0.0,0.0,214.0,0.0,0.012970674893667211,0.0
calendar,25.0,1.0,0.0,0.0,215.0,0.0,0.013002357037023682,0.0
calendar,25.0,1.0,0.0,0.0,216.0,0.0,0.013033969605579343,0.0
calendar,25.0,1.0,0.0,0.0,217.0,0.0,0.013065513072619717,0.0
calendar,25.0,1.0,0.0,0.0,218.0,0.0,0.01309698790604874,0.0
calendar,25.0,1.0,0.0,0.0,219.0,0.0,0.01312839456847481,0.0
calendar,25.0,1.0,0.0,0.0,220.0,0.0,0.013159733517294048,0.0
calendar,25.0,1.0,0.0,0.0,221.0,0.0,0.013191005204773232,0.0
calendar,25.0,1.0,0.0,0.0,222.0,0.0,0.013222210078129182,0.0
calendar,25.0,1.0,0.0,0.0,223.0,0.0,0.01325334857960847,0.0
calendar,25.0,1.0,0.0,0.0,224.0,0.0,0.013284421146564473,0.0
calendar,25.0,1.0,0.0,0.0,225.0,0.0,0.013315428211532865,0.0
calendar,25.0,1.0,0.0,0.0,226.0,0.0,0.013346370202305669,0.0
calendar,25.0,1.0,0.0,0.0,227.0,0.0,0.013377247542004533,0.0
calendar,25.0,1.0,0.0,0.0,228.0,0.0,0.013408060649151787,0.0
calendar,25.0,1.0,0.0,0.0,229.0,0.0,0.01343880993774027,0.0
calendar,25.0,1.0,0.0,0.0,230.0,0.0,0.013469495817302057,0.0
calendar,25.0,1.0,0.0,0.0,231.0,0.0,0.013500118692975294,0.0
calendar,25.0,1.0,0.0,0.0,232.0,0.0,0.013530678965570808,0.0
calendar,25.0,1.0,0.0,0.0,233.0,0.0,0.013561177031636062,0.0
calendar,25.0,1.0,0.0,0.0,234.0,0.0,0.013591613283518988,0.0
calendar,25.0,1.0,0.0,0.0,235.0,0.0,0.01362198810943005,0.0
calendar,25.0,1.0,0.0,0.0,236.0,0.0,0.013652301893503416,0.0
calendar,25.0,1.0,0.0,0.0,237.0,0.0,0.013682555015856468,0.0
calendar,25.0,1.0,0.0,0.0,238.0,0.0,0.013712747852649088,0.0
calendar,25.0,1.0,0.0,0.0,239.0,0.0,0.013742880776140831,0.0
calendar,25.0,1.0,0.0,0.0,240.0,0.0,0.013772954154747441,0.0
calendar,25.0,1.0,0.0,0.0,241.0,0.0,0.013802968353097023,0.0
calendar,25.0,1.0,0.0,0.0,242.0,0.0,0.013832923732083668,0.0
calendar,25.0,1.0,0.0,0.0,243.0,0.0,0.013862820648921637,0.0
calendar,25.0,1.0,0.0,0.0,244.0,0.0,0.013892659457197198,0.0
calendar,25.0,1.0,0.0,0.0,245.0,0.0,0.01392244050692093,0.0
calendar,25.0,1.0,0.0,0.0,246.0,0.0,0.013952164144577672,0.0
calendar,25.0,1.0,0.0,0.0,247.0,0.0,0.01398183071317638,0.0
calendar,25.0,1.0,0.0,0.0,248.0,0.0,0.014011440552299081,0.0
calendar,25.0,1.0,0.0,0.0,249.0,0.0,0.01404099399814851,0.0
calendar,25.0,1.0,0.0,0.0,250.0,0.0,0.014070491383595618,0.0
calendar,25.0,1.0,0.0,0.0,251.0,0.0,0.014099933038224877,0.0
calendar,25.0,1.0,0.0,0.0,252.0,0.0,0.014129319288380793,0.0
calendar,25.0,1.0,0.0,0.0,253.0,0.0,0.014158650457211541,0.0
calendar,25.0,1.0,0.0,0.0,254.0,0.0,0.014187926864713263,0.0
calendar,25.0,1.0,0.0,0.0,255.0,0.0,0.014217148827772919,0.0
calendar,25.0,1.0,0.0,0.0,256.0,0.0,0.0142463166602107,0.0
calendar,25.0,1.0,0.0,0.0,257.0,0.0,0.014275430672821221,0.0
calendar,25.0,1.0,0.0,0.0,258.0,0.0,0.014304491173414813,0.0
calendar,25.0,1.0,0.0,0.0,259.0,0.0,0.014333498466856942,0.0
calendar,25.0,1.0,0.0,0.0,260.0,0.0,0.01436245285510851,0.0
calendar,25.0,1.0,0.0,0.0,261.0,0.0,0.01439135463726382,0.0
calendar,25.0,1.0,0.0,0.0,262.0,0.0,0.014420204109588886,0.0
calendar,25.0,1.0,0.0,0.0,263.0,0.0,0.014449001565559172,0.0
calendar,25.0,1.0,0.0,0.0,264.0,0.0,0.014477747295895793,0.0
calendar,25.0,1.0,0.0,0.0,265.0,0.0,0.014506441588602259,0.0
calendar,25.0,1.0,0.0,0.0,266.0,0.0,0.014535084728999559,0.0
calendar,25.0,1.0,0.0,0.0,267.0,0.0,0.014563676999761466,0.0
calendar,25.0,1.0,0.0,0.0,268.0,0.0,0.014592218680948621,0.0
calendar,25.0,1.0,0.0,0.0,269.0,0.0,0.014620710050042618,0.0
calendar,25.0,1.0,0.0,0.0,270.0,0.0,0.014649151381979086,0.0
calendar,25.0,1.0,0.0,0.0,271.0,0.0,0.014677542949180111,0.0
calendar,25.0,1.0,0.0,0.0,272.0,0.0,0.014705885021587095,0.0
calendar,25.0,1.0,0.0,0.0,273.0,0.0,0.014734177866691622,0.0
calendar,25.0,1.0,0.0,0.0,274.0,0.0,0.0147624217495671,0.0
calendar,25.0,1.0,0.0,0.0,275.0,0.0,0.014790616932898959,0.0
calendar,25.0,1.0,0.0,0.0,276.0,0.0,0.014818763677015179,0.0
calendar,25.0,1.0,0.0,0.0,277.0,0.0,0.014846862239915382,0.0
calendar,25.0,1.0,0.0,0.0,278.0,0.0,0.014874912877300472,0.0
calendar,25.0,1.0,0.0,0.0,279.0,0.0,0.01490291584260095,0.0
calendar,25.0,1.0,0.0,0.0,280.0,0.0,0.01493087138700544,0.0
calendar,25.0,1.0,0.0,0.0,281.0,0.0,0.014958779759488117,0.0
calendar,25.0,1.0,0.0,0.0,282.0,0.0,0.014986641206836127,0.0
calendar,25.0,1.0,0.0,0.0,283.0,0.0,0.015014455973676566,0.0
calendar,25.0,1.0,0.0,0.0,284.0,0.0,0.015042224302503238,0.0
calendar,25.0,1.0,0.0,0.0,285.0,0.0,0.015069946433701742,0.0
calendar,25.0,1.0,0.0,0.0,286.0,0.0,0.015097622605576122,0.0
calendar,25.0,1.0,0.0,0.0,287.0,0.0,0.015125253054373844,0.0
calendar,25.0,1.0,0.0,0.0,288.0,0.0,0.01515283801431011,0.0
calendar,25.0,1.0,0.0,0.0,289.0,0.0,0.015180377717592952,0.0
calendar,25.0,1.0,0.0,0.0,290.0,0.0,0.015207872394447097,0.0
calendar,25.0,1.0,0.0,0.0,291.0,0.0,0.015235322273137508,0.0
calendar,25.0,1.0,0.0,0.0,292.0,0.0,0.01526272757999314,0.0
calendar,25.0,1.0,0.0,0.0,293.0,0.0,0.01529008853942948,0.0
calendar,25.0,1.0,0.0,0.0,294.0,0.0,0.015317405373971305,0.0
calendar,25.0,1.0,0.0,0.0,295.0,0.0,0.015344678304275217,0.0
calendar,25.0,1.0,0.0,0.0,296.0,0.0,0.015371907549151409,0.0
calendar,25.0,1.0,0.0,0.0,297.0,0.0,0.0153990933255852,0.0
calendar,25.0,1.0,0.0,0.0,298.0,0.0,0.015426235848758685,0.0
calendar,25.0,1.0,0.0,0.0,299.0,0.0,0.01545333533207116,0.0
calendar,25.0,1.0,0.0,0.0,300.0,0.0,0.015480391987160447,0.0
calendar,25.0,1.0,0.0,0.0,301.0,0.0,0.015507406023922754,0.0
calendar,25.0,1.0,0.0,0.0,302.0,0.0,0.015534377650532893,0.0
calendar,25.0,1.0,0.0,0.0,303.0,0.0,0.015561307073464037,0.0
calendar,25.0,1.0,0.0,0.0,304.0,0.0,0.015588194497507368,0.0
calendar,25.0,1.0,0.0,0.0,305.0,0.0,0.015615040125790958,0.0
calendar,25.0,1.0,0.0,0.0,306.0,0.0,0.015641844159798857,0.0
calendar,25.0,1.0,0.0,0.0,307.0,0.0,0.01566860679938975,0.0
calendar,25.0,1.0,0.0,0.0,308.0,0.0,0.015695328242815054,0.0
calendar,25.0,1.0,0.0,0.0,309.0,0.0,0.015722008686737343,0.0
calendar,25.0,1.0,0.0,0.0,310.0,0.0,0.015748648326248227,0.0
calendar,25.0,1.0,0.0,0.0,311.0,0.0,0.015775247354885225,0.0
calendar,25.0,1.0,0.0,0.0,312.0,0.0,0.015801805964650195,0.0
calendar,25.0,1.0,0.0,0.0,313.0,0.0,0.015828324346025324,0.0
calendar,25.0,1.0,0.0,0.0,314.0,0.0,0.015854802687990666,0.0
calendar,25.0,1.0,0.0,0.0,315.0,0.0,0.015881241178040573,0.0
calendar,25.0,1.0,0.0,0.0,316.0,0.0,0.015907640002199797,0.0
calendar,25.0,1.0,0.0,0.0,317.0,0.0,0.015933999345039807,0.0
calendar,25.0,1.0,0.0,0.0,318.0,0.0,0.015960319389694888,0.0
calendar,25.0,1.0,0.0,0.0,319.0,0.0,0.015986600317877353,0.0
calendar,25.0,1.0,0.0,0.0,320.0,0.0,0.016012842309893527,0.0
calendar,25.0,1.0,0.0,0.0,321.0,0.0,0.016039045544658292,0.0
calendar,25.0,1.0,0.0,0.0,322.0,0.0,0.016065210199710966,0.0
calendar,25.0,1.0,0.0,0.0,323.0,0.0,0.0160913364512294,0.0
calendar,25.0,1.0,0.0,0.0,324.0,0.0,0.01611742447404485,0.0
calendar,25.0,1.0,0.0,0.0,325.0,0.0,0.016143474441656647,0.0
calendar,25.0,1.0,0.0,0.0,326.0,0.0,0.016169486526245835,0.0
calendar,25.0,1.0,0.0,0.0,327.0,0.0,0.01619546089868995,0.0
calendar,25.0,1.0,0.0,0.0,328.0,0.0,0.016221397728576004,0.0
calendar,25.0,1.0,0.0,0.0,329.0,0.0,0.016247297184214804,0.0
calendar,25.0,1.0,0.0,0.0,330.0,0.0,0.01627315943265395,0.0
calendar,25.0,1.0,0.0,0.0,331.0,0.0,0.016298984639691483,0.0
calendar,25.0,1.0,0.0,0.0,332.0,0.0,0.016324772969888657,0.0
calendar,25.0,1.0,0.0,0.0,333.0,0.0,0.016350524586583037,0.0
calendar,25.0,1.0,0.0,0.0,334.0,0.0,0.01637623965190116,0.0
calendar,25.0,1.0,0.0,0.0,335.0,0.0,0.016401918326771292,0.0
calendar,25.0,1.0,0.0,0.0,336.0,0.0,0.016427560770935545,0.0
calendar,25.0,1.0,0.0,0.0,337.0,0.0,0.016453167142962077,0.0
calendar,25.0,1.0,0.0,0.0,338.0,0.0,0.016478737600257753,0.0
calendar,25.0,1.0,0.0,0.0,339.0,0.0,0.01650427229907936,0.0
calendar,25.0,1.0,0.0,0.0,340.0,0.0,0.01652977139454581,0.0
calendar,25.0,1.0,0.0,0.0,341.0,0.0,0.016555235040649485,0.0
calendar,25.0,1.0,0.0,0.0,342.0,0.0,0.016580663390267758,0.0
calendar,25.0,1.0,0.0,0.0,343.0,0.0,0.016606056595174667,0.0
calendar,25.0,1.0,0.0,0.0,344.0,0.0,0.016631414806051348,0.0
calendar,25.0,1.0,0.0,0.0,345.0,0.0,0.016656738172497798,0.0
calendar,25.0,1.0,0.0,0.0,346.0,0.0,0.016682026843043096,0.0
calendar,25.0,1.0,0.0,0.0,347.0,0.0,0.016707280965156612,0.0
calendar,25.0,1.0,0.0,0.0,348.0,0.0,0.016732500685258556,0.0
calendar,25.0,1.0,0.0,0.0,349.0,0.0,0.016757686148729967,0.0
calendar,25.0,1.0,0.0,0.0,350.0,0.0,0.016782837499923597,0.0
calendar,25.0,1.0,0.0,0.0,351.0,0.0,0.016807954882173792,0.0
calendar,25.0,1.0,0.0,0.0,352.0,0.0,0.016833038437806702,0.0
calendar,25.0,1.0,0.0,0.0,353.0,0.0,0.016858088308150054,0.0
calendar,25.0,1.0,0.0,0.0,354.0,0.0,0.016883104633543145,0.0
calendar,25.0,1.0,0.0,0.0,355.0,0.0,0.016908087553346496,0.0
calendar,25.0,1.0,0.0,0.0,356.0,0.0,0.016933037205950963,0.0
calendar,25.0,1.0,0.0,0.0,357.0,0.0,0.016957953728788167,0.0
calendar,25.0,1.0,0.0,0.0,358.0,0.0,0.016982837258338712,0.0
calendar,25.0,1.0,0.0,0.0,359.0,0.0,0.017007687930142068,0.0
calendar,25.0,1.0,0.0,0.0,360.0,0.0,0.01703250587880567,0.0
calendar,25.0,1.0,0.0,0.0,361.0,0.0,0.01705729123801336,0.0
calendar,25.0,1.0,0.0,0.0,362.0,0.0,0.017082044140534824,0.0
calendar,25.0,1.0,0.0,0.0,363.0,0.0,0.017106764718234246,0.0
calendar,25.0,1.0,0.0,0.0,364.0,0.0,0.017131453102078753,0.0
calendar,25.0,1.0,0.0,0.0,365.0,0.0,0.01715610942214696,0.0
calendar,35.0,1.0,0.0,0.0,1.0,0.0,0.0014013559720444935,0.0
calendar,35.0,1.0,0.0,0.0,2.0,0.0,0.002138469213339822,0.0
calendar,35.0,1.0,0.0,0.0,3.0,0.0,0.0026421156373980237,0.0
calendar,35.0,1.0,0.0,0.0,4.0,0.0,0.003058368321528837,0.0
calendar,35.0,1.0,0.0,0.0,5.0,0.0,0.003423206603168638,0.0
calendar,35.0,1.0,0.0,0.0,6.0,0.0,0.0037528129612083294,0.0
calendar,35.0,1.0,0.0,0.0,7.0,0.0,0.004056215082063996,0.0
calendar,35.0,1.0,0.0,0.0,8.0,0.0,0.004339088701935334,0.0
calendar,35.0,1.0,0.0,0.0,9.0,0.0,0.004605289439307936,0.0
calendar,35.0,1.0,0.0,0.0,10.0,0.0,0.004857583598205095,0.0
calendar,35.0,1.0,0.0,0.0,11.0,0.0,0.005098038567164176,0.0
calendar,35.0,1.0,0.0,0.0,12.0,0.0,0.005328249143170871,0.0
calendar,35.0,1.0,0.0,0.0,13.0,0.0,0.005549477159463412,0.0
calendar,35.0,1.0,0.0,0.0,14.0,0.0,0.005762741960565143,0.0
calendar,35.0,1.0,0.0,0.0,15.0,0.0,0.005968881407325766,0.0
calendar,35.0,1.0,0.0,0.0,16.0,0.0,0.006168594389156512,0.0
calendar,35.0,1.0,0.0,0.0,17.0,0.0,0.006362471283382853,0.0
calendar,35.0,1.0,0.0,0.0,18.0,0.0,0.006551016302977386,0.0
calendar,35.0,1.0,0.0,0.0,19.0,0.0,0.006734664232910914,0.0
calendar,35.0,1.0,0.0,0.0,20.0,0.0,0.006913793190957418,0.0
calendar,35.0,1.0,0.0,0.0,21.0,0.0,0.007088734512388228,0.0
calendar,35.0,1.0,0.0,0.0,22.0,0.0,0.0072597805151294326,0.0
calendar,35.0,1.0,0.0,0.0,23.0,0.0,0.007427190677016693,0.0
calendar,35.0,1.0,0.0,0.0,24.0,0.0,0.007591196605757133,0.0
calendar,35.0,1.0,0.0,0.0,25.0,0.0,0.007752006078688978,0.0
calendar,35.0,1.0,0.0,0.0,26.0,0.0,0.007909806357141558,0.0
calendar,35.0,1.0,0.0,0.0,27.0,0.0,0.008064766928860712,0.0
calendar,35.0,1.0,0.0,0.0,28.0,0.0,0.008217041794951419,0.0
calendar,35.0,1.0,0.0,0.0,29.0,0.0,0.008366771390714622,0.0
calendar,35.0,1.0,0.0,0.0,30.0,0.0,0.008514084209709893,0.0
calendar,35.0,1.0,0.0,0.0,31.0,0.0,0.008659098185348268,0.0
calendar,35.0,1.0,0.0,0.0,32.0,0.0,0.008801921872932938,0.0
calendar,35.0,1.0,0.0,0.0,33.0,0.0,0.008942655466356642,0.0
calendar,35.0,1.0,0.0,0.0,34.0,0.0,0.009081391676929007,0.0
calendar,35.0,1.0,0.0,0.0,35.0,0.0,0.00921821649656318,0.0
calendar,35.0,1.0,0.0,0.0,36.0,0.0,0.009353209863430467,0.0
calendar,35.0,1.0,0.0,0.0,37.0,0.0,0.009486446244925006,0.0
calendar,35.0,1.0,0.0,0.0,38.0,0.0,0.009617995150182912,0.0
calendar,35.0,1.0,0.0,0.0,39.0,0.0,0.009747921582306529,0.0
calendar,35.0,1.0,0.0,0.0,40.0,0.0,0.009876286438761706,0.0
calendar,35.0,1.0,0.0,0.0,41.0,0.0,0.010003146867038515,0.0
calendar,35.0,1.0,0.0,0.0,42.0,0.0,0.01012855658155043,0.0
calendar,35.0,1.0,0.0,0.0,43.0,0.0,0.01025256614682224,0.0
calendar,35.0,1.0,0.0,0.0,44.0,0.0,0.010375223231255726,0.0
calendar,35.0,1.0,0.0,0.0,45.0,0.0,0.010496572835133056,0.0
calendar,35.0,1.0,0.0,0.0,46.0,0.0,0.010616657495989057,0.0
calendar,35.0,1.0,0.0,0.0,47.0,0.0,0.010735517474043776,0.0
calendar,35.0,1.0,0.0,0.0,48.0,0.0,0.010853190920016464,0.0
calendar,35.0,1.0,0.0,0.0,49.0,0.0,0.010969714027326938,0.0
calendar,35.0,1.0,0.0,0.0,50.0,0.0,0.011085121170427592,0.0
calendar,35.0,1.0,0.0,0.0,51.0,0.0,0.011199445030783739,0.0
calendar,35.0,1.0,0.0,0.0,52.0,0.0,0.011312716711824211,0.0
calendar,35.0,1.0,0.0,0.0,53.0,0.0,0.011424965844023749,0.0
calendar,35.0,1.0,0.0,0.0,54.0,0.0,0.01153622068113469,0.0
calendar,35.0,1.0,0.0,0.0,55.0,0.0,0.011646508188463134,0.0
calendar,35.0,1.0,0.0,0.0,56.0,0.0,0.011755854123981169,0.0
calendar,35.0,1.0,0.0,0.0,57.0,0.0,0.011864283112973717,0.0
calendar,35.0,1.0,0.0,0.0,58.0,0.0,0.011971818716840388,0.0
calendar,35.0,1.0,0.0,0.0,59.0,0.0,0.012078483496602899,0.0
calendar,35.0,1.0,0.0,0.0,60.0,0.0,0.012184299071608007,0.0
calendar,35.0,1.0,0.0,0.0,61.0,0.0,0.012289286173865044,0.0
calendar,35.0,1.0,0.0,0.0,62.0,0.0,0.012393464698406964,0.0
calendar,35.0,1.0,0.0,0.0,63.0,0.0,0.01249685375002707,0.0
calendar,35.0,1.0,0.0,0.0,64.0,0.0,0.012599471686705388,0.0
calendar,35.0,1.0,0.0,0.0,65.0,0.0,0.012701336160006016,0.0
calendar,35.0,1.0,0.0,0.0,66.0,0.0,0.012802464152702586,0.0
calendar,35.0,1.0,0.0,0.0,67.0,0.0,0.012902872013858757,0.0
calendar,35.0,1.0,0.0,0.0,68.0,0.0,0.013002575491572799,0.0
calendar,35.0,1.0,0.0,0.0,69.0,0.0,0.013101589763573118,0.0
calendar,35.0,1.0,0.0,0.0,70.0,0.0,0.013199929465835925,0.0
calendar,35.0,1.0,0.0,0.0,71.0,0.0,0.013297608719377796,0.0
calendar,35.0,1.0,0.0,0.0,72.0,0.0,0.013394641155365483,0.0
calendar,35.0,1.0,0.0,0.0,73.0,0.0,0.013491039938668736,0.0
calendar,35.0,1.0,0.0,0.0,74.0,0.0,0.013586817789973837,0.0
calendar,35.0,1.0,0.0,0.0,75.0,0.0,0.013681987006564311,0.0
calendar,35.0,1.0,0.0,0.0,76.0,0.0,0.013776559481864403,0.0
calendar,35.0,1.0,0.0,0.0,77.0,0.0,0.013870546723836363,0.0
calendar,35.0,1.0,0.0,0.0,78.0,0.0,0.013963959872310583,0.0
calendar,35.0,1.0,0.0,0.0,79.0,0.0,0.01405680971532508,0.0
calendar,35.0,1.0,0.0,0.0,80.0,0.0,0.01414910670454228,0.0
calendar,35.0,1.0,0.0,0.0,81.0,0.0,0.014240860969805258,0.0
calendar,35.0,1.0,0.0,0.0,82.0,0.0,0.014332082332893181,0.0
calendar,35.0,1.0,0.0,0.0,83.0,0.0,0.014422780320527684,0.0
calendar,35.0,1.0,0.0,0.0,84.0,0.0,0.01451296417667991,0.0
calendar,35.0,1.0,0.0,0.0,85.0,0.0,0.014602642874224747,0.0
calendar,35.0,1.0,0.0,0.0,86.0,0.0,0.014691825125982216,0.0
calendar,35.0,1.0,0.0,0.0,87.0,0.0,0.014780519395186986,0.0
calendar,35.0,1.0,0.0,0.0,88.0,0.0,0.01486873390542065,0.0
calendar,35.0,1.0,0.0,0.0,89.0,0.0,0.014956476650040185,0.0
calendar,35.0,1.0,0.0,0.0,90.0,0.0,0.015043755401133785,0.0
calendar,35.0,1.0,0.0,0.0,91.0,0.0,0.015130577718033722,0.0
calendar,35.0,1.0,0.0,0.0,92.0,0.0,0.01521695095540998,0.0
calendar,35.0,1.0,0.0,0.0,93.0,0.0,0.015302882270973317,0.0
calendar,35.0,1.0,0.0,0.0,94.0,0.0,0.015388378632807287,0.0
calendar,35.0,1.0,0.0,0.0,95.0,0.0,0.01547344682635321,0.0
calendar,35.0,1.0,0.0,0.0,96.0,0.0,0.015558093461066846,0.0
calendar,35.0,1.0,0.0,0.0,97.0,0.0,0.015642324976764987,0.0
calendar,35.0,1.0,0.0,0.0,98.0,0.0,0.01572614764968172,0.0
calendar,35.0,1.0,0.0,0.0,99.0,0.0,0.01580956759824692,0.0
calendar,35.0,1.0,0.0,0.0,100.0,0.0,0.015892590788606387,0.0
calendar,35.0,1.0,0.0,0.0,101.0,0.0,0.01597522303989407,0.0
calendar,35.0,1.0,0.0,0.0,102.0,0.0,0.01605747002927216,0.0
calendar,35.0,1.0,0.0,0.0,103.0,0.0,0.016139337296750766,0.0
calendar,35.0,1.0,0.0,0.0,104.0,0.0,0.016220830249798368,0.0
calendar,35.0,1.0,0.0,0.0,105.0,0.0,0.01630195416775515,0.0
calendar,35.0,1.0,0.0,0.0,106.0,0.0,0.01638271420605797,0.0
calendar,35.0,1.0,0.0,0.0,107.0,0.0,0.016463115400287887,0.0
calendar,35.0,1.0,0.0,0.0,108.0,0.0,0.016543162670049516,0.0
calendar,35.0,1.0,0.0,0.0,109.0,0.0,0.016622860822688823,0.0
calendar,35.0,1.0,0.0,0.0,110.0,0.0,0.01670221455686005,0.0
calendar,35.0,1.0,0.0,0.0,111.0,0.0,0.016781228465946763,0.0
calendar,35.0,1.0,0.0,0.0,112.0,0.0,0.016859907041346545,0.0
calendar,35.0,1.0,0.0,0.0,113.0,0.0,0.016938254675624043,0.0
calendar,35.0,1.0,0.0,0.0,114.0,0.0,0.017016275665539426,0.0
calendar,35.0,1.0,0.0,0.0,115.0,0.0,0.017093974214959173,0.0
calendar,35.0,1.0,0.0,0.0,116.0,0.0,0.017171354437653163,0.0
calendar,35.0,1.0,0.0,0.0,117.0,0.0,0.017248420359984085,0.0
calendar,35.0,1.0,0.0,0.0,118.0,0.0,0.017325175923494918,0.0
calendar,35.0,1.0,0.0,0.0,119.0,0.0,0.01740162498739839,0.0
calendar,35.0,1.0,0.0,0.0,120.0,0.0,0.01747777133097239,0.0
calendar,35.0,1.0,0.0,0.0,121.0,0.0,0.017553618655867353,0.0
calendar,35.0,1.0,0.0,0.0,122.0,0.0,0.01762917058832769,0.0
calendar,35.0,1.0,0.0,0.0,123.0,0.0,0.01770443068133265,0.0
calendar,35.0,1.0,0.0,0.0,124.0,0.0,0.017779402416659207,0.0
calendar,35.0,1.0,0.0,0.0,125.0,0.0,0.01785408920687026,0.0
calendar,35.0,1.0,0.0,0.0,126.0,0.0,0.017928494397232986,0.0
calendar,35.0,1.0,0.0,0.0,127.0,0.0,0.018002621267567798,0.0
calendar,35.0,1.0,0.0,0.0,128.0,0.0,0.018076473034034146,0.0
calendar,35.0,1.0,0.0,0.0,129.0,0.0,0.018150052850851917,0.0
calendar,35.0,1.0,0.0,0.0,130.0,0.0,0.0182233638119651,0.0
calendar,35.0,1.0,0.0,0.0,131.0,0.0,0.018296408952647836,0.0
calendar,35.0,1.0,0.0,0.0,132.0,0.0,0.01836919125105474,0.0
calendar,35.0,1.0,0.0,0.0,133.0,0.0,0.01844171362972047,0.0
calendar,35.0,1.0,0.0,0.0,134.0,0.0,0.018513978957007793,0.0
calendar,35.0,1.0,0.0,0.0,135.0,0.0,0.018585990048508028,0.0
calendar,35.0,1.0,0.0,0.0,136.0,0.0,0.018657749668394508,0.0
calendar,35.0,1.0,0.0,0.0,137.0,0.0,0.01872926053073276,0.0
calendar,35.0,1.0,0.0,0.0,138.0,0.0,0.018800525300746607,0.0
calendar,35.0,1.0,0.0,0.0,139.0,0.0,0.018871546596044952,0.0
calendar,35.0,1.0,0.0,0.0,140.0,0.0,0.01894232698780729,0.0
calendar,35.0,1.0,0.0,0.0,141.0,0.0,0.01901286900193322,0.0
calendar,35.0,1.0,0.0,0.0,142.0,0.0,0.01908317512015445,0.0
calendar,35.0,1.0,0.0,0.0,143.0,0.0,0.01915324778111227,0.0
calendar,35.0,1.0,0.0,0.0,144.0,0.0,0.01922308938140127,0.0
calendar,35.0,1.0,0.0,0.0,145.0,0.0,0.019292702276580753,0.0
calendar,35.0,1.0,0.0,0.0,146.0,0.0,0.019362088782155285,0.0
calendar,35.0,1.0,0.0,0.0,147.0,0.0,0.01943125117452449,0.0
calendar,35.0,1.0,0.0,0.0,148.0,0.0,0.019500191691904978,0.0
calendar,35.0,1.0,0.0,0.0,149.0,0.0,0.019568912535224192,0.0
calendar,35.0,1.0,0.0,0.0,150.0,0.0,0.019637415868986707,0.0
calendar,35.0,1.0,0.0,0.0,151.0,0.0,0.019705703822115894,0.0
calendar,35.0,1.0,0.0,0.0,152.0,0.0,0.019773778488769933,0.0
calendar,35.0,1.0,0.0,0.0,153.0,0.0,0.01984164192913418,0.0
calendar,35.0,1.0,0.0,0.0,154.0,0.0,0.01990929617019066,0.0
calendar,35.0,1.0,0.0,0.0,155.0,0.0,0.019976743206464254,0.0
calendar,35.0,1.0,0.0,0.0,156.0,0.0,0.020043985000748887,0.0
calendar,35.0,1.0,0.0,0.0,157.0,0.0,0.020111023484811752,0.0
calendar,35.0,1.0,0.0,0.0,158.0,0.0,0.020177860560077976,0.0
calendar,35.0,1.0,0.0,0.0,159.0,0.0,0.02024449809829587,0.0
calendar,35.0,1.0,0.0,0.0,160.0,0.0,0.02031093794218375,0.0
calendar,35.0,1.0,0.0,0.0,161.0,0.0,0.020377181906058195,0.0
calendar,35.0,1.0,0.0,0.0,162.0,0.0,0.02044323177644536,0.0
calendar,35.0,1.0,0.0,0.0,163.0,0.0,0.020509089312675366,0.0
calendar,35.0,1.0,0.0,0.0,164.0,0.0,0.02057475624746008,0.0
calendar,35.0,1.0,0.0,0.0,165.0,0.0,0.02064023428745565,0.0
calendar,35.0,1.0,0.0,0.0,166.0,0.0,0.02070552511380952,0.0
calendar,35.0,1.0,0.0,0.0,167.0,0.0,0.020770630382692667,0.0
calendar,35.0,1.0,0.0,0.0,168.0,0.0,0.02083555172581797,0.0
calendar,35.0,1.0,0.0,0.0,169.0,0.0,0.020900290750944572,0.0
calendar,35.0,1.0,0.0,0.0,170.0,0.0,0.02096484904236884,0.0
calendar,35.0,1.0,0.0,0.0,171.0,0.0,0.021029228161402513,0.0
calendar,35.0,1.0,0.0,0.0,172.0,0.0,0.02109342964683858,0.0
calendar,35.0,1.0,0.0,0.0,173.0,0.0,0.02115745501540467,0.0
calendar,35.0,1.0,0.0,0.0,174.0,0.0,0.021221305762205045,0.0
calendar,35.0,1.0,0.0,0.0,175.0,0.0,0.021284983361151366,0.0
calendar,35.0,1.0,0.0,0.0,176.0,0.0,0.02134848926538191,0.0
calendar,35.0,1.0,0.0,0.0,177.0,0.0,0.021411824907670685,0.0
calendar,35.0,1.0,0.0,0.0,178.0,0.0,0.02147499170082634,0.0
calendar,35.0,1.0,0.0,0.0,179.0,0.0,0.021537991038080184,0.0
calendar,35.0,1.0,0.0,0.0,180.0,0.0,0.02160082429346577,0.0
calendar,35.0,1.0,0.0,0.0,181.0,0.0,0.021663492822187935,0.0
calendar,35.0,1.0,0.0,0.0,182.0,0.0,0.021725997960983734,0.0
calendar,35.0,1.0,0.0,0.0,183.0,0.0,0.0217883410284736,0.0
calendar,35.0,1.0,0.0,0.0,184.0,0.0,0.021850523325504412,0.0
calendar,35.0,1.0,0.0,0.0,185.0,0.0,0.021912546135484545,0.0
calendar,35.0,1.0,0.0,0.0,186.0,0.0,0.02197441072471007,0.0
calendar,35.0,1.0,0.0,0.0,187.0,0.0,0.02203611834268404,0.0
calendar,35.0,1.0,0.0,0.0,188.0,0.0,0.022097670222426813,0.0
calendar,35.0,1.0,0.0,0.0,189.0,0.0,0.02215906758078101,0.0
calendar,35.0,1.0,0.0,0.0,190.0,0.0,0.022220311618706856,0.0
calendar,35.0,1.0,0.0,0.0,191.0,0.0,0.02228140352157304,0.0
calendar,35.0,1.0,0.0,0.0,192.0,0.0,0.022342344459438612,0.0
calendar,35.0,1.0,0.0,0.0,193.0,0.0,0.02240313558732987,0.0
calendar,35.0,1.0,0.0,0.0,194.0,0.0,0.02246377804551003,0.0
calendar,35.0,1.0,0.0,0.0,195.0,0.0,0.022524272959742797,0.0
calendar,35.0,1.0,0.0,0.0,196.0,0.0,0.0225846214415506,0.0
calendar,35.0,1.0,0.0,0.0,197.0,0.0,0.022644824588465506,0.0
calendar,35.0,1.0,0.0,0.0,198.0,0.0,0.022704883484276017,0.0
calendar,35.0,1.0,0.0,0.0,199.0,0.0,0.02276479919926755,0.0
calendar,35.0,1.0,0.0,0.0,200.0,0.0,0.02282457279045702,0.0
calendar,35.0,1.0,0.0,0.0,201.0,0.0,0.022884205301823224,0.0
calendar,35.0,1.0,0.0,0.0,202.0,0.0,0.022943697764531756,0.0
calendar,35.0,1.0,0.0,0.0,203.0,0.0,0.02300305119715418,0.0
calendar,35.0,1.0,0.0,0.0,204.0,0.0,0.02306226660588384,0.0
calendar,35.0,1.0,0.0,0.0,205.0,0.0,0.023121344984745384,0.0
calendar,35.0,1.0,0.0,0.0,206.0,0.0,0.023180287315801018,0.0
calendar,35.0,1.0,0.0,0.0,207.0,0.0,0.02323909456935147,0.0
calendar,35.0,1.0,0.0,0.0,208.0,0.0,0.023297767704132943,0.0
calendar,35.0,1.0,0.0,0.0,209.0,0.0,0.023356307667509735,0.0
calendar,35.0,1.0,0.0,0.0,210.0,0.0,0.023414715395662977,0.0
calendar,35.0,1.0,0.0,0.0,211.0,0.0,0.023472991813775046,0.0
calendar,35.0,1.0,0.0,0.0,212.0,0.0,0.023531137836210414,0.0
calendar,35.0,1.0,0.0,0.0,213.0,0.0,0.023589154366692178,0.0
calendar,35.0,1.0,0.0,0.0,214.0,0.0,0.02364704229847525,0.0
calendar,35.0,1.0,0.0,0.0,215.0,0.0,0.02370480251451612,0.0
calendar,35.0,1.0,0.0,0.0,216.0,0.0,0.023762435887638933,0.0
calendar,35.0,1.0,0.0,0.0,217.0,0.0,0.023819943280697364,0.0
calendar,35.0,1.0,0.0,0.0,218.0,0.0,0.02387732554673494,0.0
calendar,35.0,1.0,0.0,0.0,219.0,0.0,0.023934583529139797,0.0
calendar,35.0,1.0,0.0,0.0,220.0,0.0,0.023991718061798673,0.0
calendar,35.0,1.0,0.0,0.0,221.0,0.0,0.024048729969245675,0.0
calendar,35.0,1.0,0.0,0.0,222.0,0.0,0.024105620066809275,0.0
calendar,35.0,1.0,0.0,0.0,223.0,0.0,0.024162389160756303,0.0
calendar,35.0,1.0,0.0,0.0,224.0,0.0,0.024219038048432062,0.0
calendar,35.0,1.0,0.0,0.0,225.0,0.0,0.02427556751839932,0.0
calendar,35.0,1.0,0.0,0.0,226.0,0.0,0.02433197835057288,0.0
calendar,35.0,1.0,0.0,0.0,227.0,0.0,0.02438827131635224,0.0
calendar,35.0,1.0,0.0,0.0,228.0,0.0,0.02444444717875205,0.0
calendar,35.0,1.0,0.0,0.0,229.0,0.0,0.024500506692529123,0.0
calendar,35.0,1.0,0.0,0.0,230.0,0.0,0.02455645060430789,0.0
calendar,35.0,1.0,0.0,0.0,231.0,0.0,0.024612279652702296,0.0
calendar,35.0,1.0,0.0,0.0,232.0,0.0,0.024667994568436602,0.0
calendar,35.0,1.0,0.0,0.0,233.0,0.0,0.02472359607446295,0.0
calendar,35.0,1.0,0.0,0.0,234.0,0.0,0.024779084886077163,0.0
calendar,35.0,1.0,0.0,0.0,235.0,0.0,0.024834461711031652,0.0
calendar,35.0,1.0,0.0,0.0,236.0,0.0,0.024889727249647442,0.0
calendar,35.0,1.0,0.0,0.0,237.0,0.0,0.024944882194922857,0.0
calendar,35.0,1.0,0.0,0.0,238.0,0.0,0.02499992723264055,0.0
calendar,35.0,1.0,0.0,0.0,239.0,0.0,0.025054863041472863,0.0
calendar,35.0,1.0,0.0,0.0,240.0,0.0,0.02510969029308463,0.0
calendar,35.0,1.0,0.0,0.0,241.0,0.0,0.025164409652234765,0.0
calendar,35.0,1.0,0.0,0.0,242.0,0.0,0.025219021776875294,0.0
calendar,35.0,1.0,0.0,0.0,243.0,0.0,0.025273527318248945,0.0
calendar,35.0,1.0,0.0,0.0,244.0,0.0,0.025327926920984623,0.0
calendar,35.0,1.0,0.0,0.0,245.0,0.0,0.025382221223192003,0.0
calendar,35.0,1.0,0.0,0.0,246.0,0.0,0.025436410856553016,0.0
calendar,35.0,1.0,0.0,0.0,247.0,0.0,0.02549049644641288,0.0
calendar,35.0,1.0,0.0,0.0,248.0,0.0,0.025544478611868815,0.0
calendar,35.0,1.0,0.0,0.0,249.0,0.0,0.02559835796585752,0.0
calendar,35.0,1.0,0.0,0.0,250.0,0.0,0.025652135115240893,0.0
calendar,35.0,1.0,0.0,0.0,251.0,0.0,0.02570581066089017,0.0
calendar,35.0,1.0,0.0,0.0,252.0,0.0,0.02575938519776866,0.0
calendar,35.0,1.0,0.0,0.0,253.0,0.0,0.025812859315013204,0.0
calendar,35.0,1.0,0.0,0.0,254.0,0.0,0.0258662335960137,0.0
calendar,35.0,1.0,0.0,0.0,255.0,0.0,0.025919508618491904,0.0
calendar,35.0,1.0,0.0,0.0,256.0,0.0,0.02597268495457805,0.0
calendar,35.0,1.0,0.0,0.0,257.0,0.0,0.026025763170887117,0.0
calendar,35.0,1.0,0.0,0.0,258.0,0.0,0.026078743828592543,0.0
calendar,35.0,1.0,0.0,0.0,259.0,0.0,0.026131627483499842,0.0
calendar,35.0,1.0,0.0,0.0,260.0,0.0,0.026184414686118318,0.0
calendar,35.0,1.0,0.0,0.0,261.0,0.0,0.02623710598173168,0.0
calendar,35.0,1.0,0.0,0.0,262.0,0.0,0.02628970191046731,0.0
calendar,35.0,1.0,0.0,0.0,263.0,0.0,0.026342203007364784,0.0
calendar,35.0,1.0,0.0,0.0,264.0,0.0,0.02639460980244246,0.0
calendar,35.0,1.0,0.0,0.0,265.0,0.0,0.026446922820763885,0.0
calendar,35.0,1.0,0.0,0.0,266.0,0.0,0.026499142582502522,0.0
calendar,35.0,1.0,0.0,0.0,267.0,0.0,0.026551269603005245,0.0
calendar,35.0,1.0,0.0,0.0,268.0,0.0,0.026603304392855076,0.0
calendar,35.0,1.0,0.0,0.0,269.0,0.0,0.02665524745793313,0.0
calendar,35.0,1.0,0.0,0.0,270.0,0.0,0.026707099299478565,0.0
calendar,35.0,1.0,0.0,0.0,271.0,0.0,0.02675886041414899,0.0
calendar,35.0,1.0,0.0,0.0,272.0,0.0,0.0268105312940784,0.0
calendar,35.0,1.0,0.0,0.0,273.0,0.0,0.026862112426935147,0.0
calendar,35.0,1.0,0.0,0.0,274.0,0.0,0.026913604295978555,0.0
calendar,35.0,1.0,0.0,0.0,275.0,0.0,0.02696500738011476,0.0
calendar,35.0,1.0,0.0,0.0,276.0,0.0,0.027016322153951555,0.0
calendar,35.0,1.0,0.0,0.0,277.0,0.0,0.02706754908785247,0.0
calendar,35.0,1.0,0.0,0.0,278.0,0.0,0.02711868864798961,0.0
calendar,35.0,1.0,0.0,0.0,279.0,0.0,0.027169741296396266,0.0
calendar,35.0,1.0,0.0,0.0,280.0,0.0,0.027220707491018348,0.0
calendar,35.0,1.0,0.0,0.0,281.0,0.0,0.02727158768576443,0.0
calendar,35.0,1.0,0.0,0.0,282.0,0.0,0.027322382330556283,0.0
calendar,35.0,1.0,0.0,0.0,283.0,0.0,0.027373091871377597,0.0
calendar,35.0,1.0,0.0,0.0,284.0,0.0,0.02742371675032207,0.0
calendar,35.0,1.0,0.0,0.0,285.0,0.0,0.027474257405641023,0.0
calendar,35.0,1.0,0.0,0.0,286.0,0.0,0.027524714271790263,0.0
calendar,35.0,1.0,0.0,0.0,287.0,0.0,0.027575087779475926,0.0
calendar,35.0,1.0,0.0,0.0,288.0,0.0,0.02762537835569967,0.0
calendar,35.0,1.0,0.0,0.0,289.0,0.0,0.027675586423803855,0.0
calendar,35.0,1.0,0.0,0.0,290.0,0.0,0.027725712403514402,0.0
calendar,35.0,1.0,0.0,0.0,291.0,0.0,0.0277757567109852,0.0
calendar,35.0,1.0,0.0,0.0,292.0,0.0,0.02782571975883963,0.0
calendar,35.0,1.0,0.0,0.0,293.0,0.0,0.027875601956213414,0.0
calendar,35.0,1.0,0.0,0.0,294.0,0.0,0.027925403708795038,0.0
calendar,35.0,1.0,0.0,0.0,295.0,0.0,0.027975125418867042,0.0
calendar,35.0,1.0,0.0,0.0,296.0,0.0,0.028024767485345548,0.0
calendar,35.0,1.0,0.0,0.0,297.0,0.0,0.028074330303820116,0.0
calendar,35.0,1.0,0.0,0.0,298.0,0.0,0.028123814266592384,0.0
calendar,35.0,1.0,0.0,0.0,299.0,0.0,0.028173219762714363,0.0
calendar,35.0,1.0,0.0,0.0,300.0,0.0,0.02822254717802597,0.0
calendar,35.0,1.0,0.0,0.0,301.0,0.0,0.028271796895192325,0.0
calendar,35.0,1.0,0.0,0.0,302.0,0.0,0.028320969293740395,0.0
calendar,35.0,1.0,0.0,0.0,303.0,0.0,0.028370064750094626,0.0
calendar,35.0,1.0,0.0,0.0,304.0,0.0,0.02841908363761292,0.0
calendar,35.0,1.0,0.0,0.0,305.0,0.0,0.028468026326621487,0.0
calendar,35.0,1.0,0.0,0.0,306.0,0.0,0.028516893184448833,0.0
calendar,35.0,1.0,0.0,0.0,307.0,0.0,0.028565684575460604,0.0
calendar,35.0,1.0,0.0,0.0,308.0,0.0,0.028614400861092237,0.0
calendar,35.0,1.0,0.0,0.0,309.0,0.0,0.028663042399882266,0.0
calendar,35.0,1.0,0.0,0.0,310.0,0.0,0.028711609547505068,0.0
calendar,35.0,1.0,0.0,0.0,311.0,0.0,0.02876010265680251,0.0
calendar,35.0,1.0,0.0,0.0,312.0,0.0,0.02880852207781548,0.0
calendar,35.0,1.0,0.0,0.0,313.0,0.0,0.02885686815781563,0.0
calendar,35.0,1.0,0.0,0.0,314.0,0.0,0.028905141241335364,0.0
calendar,35.0,1.0,0.0,0.0,315.0,0.0,0.028953341670198363,0.0
calendar,35.0,1.0,0.0,0.0,316.0,0.0,0.02900146978354945,0.0
calendar,35.0,1.0,0.0,0.0,317.0,0.0,0.0290495259178839,0.0
calendar,35.0,1.0,0.0,0.0,318.0,0.0,0.029097510407076532,0.0
calendar,35.0,1.0,0.0,0.0,319.0,0.0,0.029145423582410124,0.0
calendar,35.0,1.0,0.0,0.0,320.0,0.0,0.029193265772603616,0.0
calendar,35.0,1.0,0.0,0.0,321.0,0.0,0.02924103730383998,0.0
calendar,35.0,1.0,0.0,0.0,322.0,0.0,0.029288738499793743,0.0
calendar,35.0,1.0,0.0,0.0,323.0,0.0,0.029336369681657537,0.0
calendar,35.0,1.0,0.0,0.0,324.0,0.0,0.029383931168169064,0.0
calendar,35.0,1.0,0.0,0.0,325.0,0.0,0.029431423275637636,0.0
calendar,35.0,1.0,0.0,0.0,326.0,0.0,0.029478846317969376,0.0
calendar,35.0,1.0,0.0,0.0,327.0,0.0,0.02952620060669353,0.0
calendar,35.0,1.0,0.0,0.0,328.0,0.0,0.029573486450987008,0.0
calendar,35.0,1.0,0.0,0.0,329.0,0.0,0.029620704157699906,0.0
calendar,35.0,1.0,0.0,0.0,330.0,0.0,0.029667854031379504,0.0
calendar,35.0,1.0,0.0,0.0,331.0,0.0,0.029714936374294454,0.0
calendar,35.0,1.0,0.0,0.0,332.0,0.0,0.029761951486459326,0.0
calendar,35.0,1.0,0.0,0.0,333.0,0.0,0.029808899665657362,0.0
calendar,35.0,1.0,0.0,0.0,334.0,0.0,0.029855781207463905,0.0
calendar,35.0,1.0,0.0,0.0,335.0,0.0,0.02990259640526971,0.0
calendar,35.0,1.0,0.0,0.0,336.0,0.0,0.029949345550303264,0.0
calendar,35.0,1.0,0.0,0.0,337.0,0.0,0.029996028931652985,0.0
calendar,35.0,1.0,0.0,0.0,338.0,0.0,0.030042646836289322,0.0
calendar,35.0,1.0,0.0,0.0,339.0,0.0,0.03008919954908673,0.0
calendar,35.0,1.0,0.0,0.0,340.0,0.0,0.030135687352844776,0.0
calendar,35.0,1.0,0.0,0.0,341.0,0.0,0.030182110528309658,0.0
calendar,35.0,1.0,0.0,0.0,342.0,0.0,0.030228469354194543,0.0
calendar,35.0,1.0,0.0,0.0,343.0,0.0,0.030274764107200758,0.0
calendar,35.0,1.0,0.0,0.0,344.0,0.0,0.030320995062037892,0.0
calendar,35.0,1.0,0.0,0.0,345.0,0.0,0.030367162491443556,0.0
calendar,35.0,1.0,0.0,0.0,346.0,0.0,0.03041326666620392,0.0
calendar,35.0,1.0,0.0,0.0,347.0,0.0,0.03045930785517259,0.0
calendar,35.0,1.0,0.0,0.0,348.0,0.0,0.03050528632529026,0.0
calendar,35.0,1.0,0.0,0.0,349.0,0.0,0.0305512023416038,0.0
calendar,35.0,1.0,0.0,0.0,350.0,0.0,0.03059705616728481,0.0
calendar,35.0,1.0,0.0,0.0,351.0,0.0,0.030642848063648476,0.0
calendar,35.0,1.0,0.0,0.0,352.0,0.0,0.030688578290171797,0.0
calendar,35.0,1.0,0.0,0.0,353.0,0.0,0.03073424710451167,0.0
calendar,35.0,1.0,0.0,0.0,354.0,0.0,0.030779854762522763,0.0
calendar,35.0,1.0,0.0,0.0,355.0,0.0,0.030825401518275286,0.0
calendar,35.0,1.0,0.0,0.0,356.0,0.0,0.030870887624072307,0.0
calendar,35.0,1.0,0.0,0.0,357.0,0.0,0.03091631333046707,0.0
calendar,35.0,1.0,0.0,0.0,358.0,0.0,0.030961678886279764,0.0
calendar,35.0,1.0,0.0,0.0,359.0,0.0,0.0310069845386145,0.0
calendar,35.0,1.0,0.0,0.0,360.0,0.0,0.03105223053287609,0.0
calendar,35.0,1.0,0.0,0.0,361.0,0.0,0.03109741711278602,0.0
calendar,35.0,1.0,0.0,0.0,362.0,0.0,0.031142544520398552,0.0
calendar,35.0,1.0,0.0,0.0,363.0,0.0,0.031187612996117386,0.0
calendar,35.0,1.0,0.0,0.0,364.0,0.0,0.031232622778710528,0.0
calendar,35.0,1.0,0.0,0.0,365.0,0.0,0.03127757410532672,0.0
calendar,45.0,1.0,0.0,0.0,1.0,0.0,0.002460180911362908,0.0
calendar,45.0,1.0,0.0,0.0,2.0,0.0,0.0037542360707397693,0.0
calendar,45.0,1.0,0.0,0.0,3.0,0.0,0.0046384234886850395,0.0
calendar,45.0,1.0,0.0,0.0,4.0,0.0,0.005369184928484039,0.0
calendar,45.0,1.0,0.0,0.0,5.0,0.0,0.006009684697372286,0.0
calendar,45.0,1.0,0.0,0.0,6.0,0.0,0.006588332297617683,0.0
calendar,45.0,1.0,0.0,0.0,7.0,0.0,0.007120976480171071,0.0
calendar,45.0,1.0,0.0,0.0,8.0,0.0,0.007617581406983764,0.0
calendar,45.0,1.0,0.0,0.0,9.0,0.0,0.00808491589282423,0.0
calendar,45.0,1.0,0.0,0.0,10.0,0.0,0.008527836382799081,0.0
calendar,45.0,1.0,0.0,0.0,11.0,0.0,0.008949972325754674,0.0
calendar,45.0,1.0,0.0,0.0,12.0,0.0,0.009354123502175016,0.0
calendar,45.0,1.0,0.0,0.0,13.0,0.0,0.009742505150806102,0.0
calendar,45.0,1.0,0.0,0.0,14.0,0.0,0.010116906804063963,0.0
calendar,45.0,1.0,0.0,0.0,15.0,0.0,0.010478799386759663,0.0
calendar,45.0,1.0,0.0,0.0,16.0,0.0,0.010829409849377969,0.0
calendar,45.0,1.0,0.0,0.0,17.0,0.0,0.01116977464165414,0.0
calendar,45.0,1.0,0.0,0.0,18.0,0.0,0.011500778945622847,0.0
calendar,45.0,1.0,0.0,0.0,19.0,0.0,0.011823186057482227,0.0
calendar,45.0,1.0,0.0,0.0,20.0,0.0,0.012137659790102395,0.0
calendar,45.0,1.0,0.0,0.0,21.0,0.0,0.01244478182631481,0.0
calendar,45.0,1.0,0.0,0.0,22.0,0.0,0.012745065351203233,0.0
calendar,45.0,1.0,0.0,0.0,23.0,0.0,0.013038965896717158,0.0
calendar,45.0,1.0,0.0,0.0,24.0,0.0,0.013326890066797104,0.0
calendar,45.0,1.0,0.0,0.0,25.0,0.0,0.013609202629461858,0.0
calendar,45.0,1.0,0.0,0.0,26.0,0.0,0.013886232335404647,0.0
calendar,45.0,1.0,0.0,0.0,27.0,0.0,0.014158276732519015,0.0
calendar,45.0,1.0,0.0,0.0,28.0,0.0,0.01442560618078903,0.0
calendar,45.0,1.0,0.0,0.0,29.0,0.0,0.014688467224457491,0.0
calendar,45.0,1.0,0.0,0.0,30.0,0.0,0.014947085443183683,0.0
calendar,45.0,1.0,0.0,0.0,31.0,0.0,0.015201667877528191,0.0
calendar,45.0,1.0,0.0,0.0,32.0,0.0,0.015452405104111389,0.0
calendar,45.0,1.0,0.0,0.0,33.0,0.0,0.01569947302049768,0.0
calendar,45.0,1.0,0.0,0.0,34.0,0.0,0.015943034388040123,0.0
calendar,45.0,1.0,0.0,0.0,35.0,0.0,0.016183240171709468,0.0
calendar,45.0,1.0,0.0,0.0,36.0,0.0,0.016420230708698358,0.0
calendar,45.0,1.0,0.0,0.0,37.0,0.0,0.016654136731858116,0.0
calendar,45.0,1.0,0.0,0.0,38.0,0.0,0.016885080269461783,0.0
calendar,45.0,1.0,0.0,0.0,39.0,0.0,0.017113175439118056,0.0
calendar,45.0,1.0,0.0,0.0,40.0,0.0,0.017338529150695003,0.0
calendar,45.0,1.0,0.0,0.0,41.0,0.0,0.017561241730710275,0.0
calendar,45.0,1.0,0.0,0.0,42.0,0.0,0.017781407478669076,0.0
calendar,45.0,1.0,0.0,0.0,43.0,0.0,0.017999115164221036,0.0
calendar,45.0,1.0,0.0,0.0,44.0,0.0,0.01821444847266407,0.0
calendar,45.0,1.0,0.0,0.0,45.0,0.0,0.01842748640522085,0.0
calendar,45.0,1.0,0.0,0.0,46.0,0.0,0.018638303639584408,0.0
calendar,45.0,1.0,0.0,0.0,47.0,0.0,0.01884697085545861,0.0
calendar,45.0,1.0,0.0,0.0,48.0,0.0,0.01905355502916717,0.0
calendar,45.0,1.0,0.0,0.0,49.0,0.0,0.019258119700854115,0.0
calendar,45.0,1.0,0.0,0.0,50.0,0.0,0.019460725217336217,0.0
calendar,45.0,1.0,0.0,0.0,51.0,0.0,0.019661428953269278,0.0
calendar,45.0,1.0,0.0,0.0,52.0,0.0,0.01986028551295349,0.0
calendar,45.0,1.0,0.0,0.0,53.0,0.0,0.020057346914812313,0.0
calendar,45.0,1.0,0.0,0.0,54.0,0.0,0.020252662760334217,0.0
calendar,45.0,1.0,0.0,0.0,55.0,0.0,0.020446280389048166,0.0
calendar,45.0,1.0,0.0,0.0,56.0,0.0,0.020638245020921153,0.0
calendar,45.0,1.0,0.0,0.0,57.0,0.0,0.02082859988740715,0.0
calendar,45.0,1.0,0.0,0.0,58.0,0.0,0.021017386352232936,0.0
calendar,45.0,1.0,0.0,0.0,59.0,0.0,0.021204644022889907,0.0
calendar,45.0,1.0,0.0,0.0,60.0,0.0,0.021390410853692088,0.0
calendar,45.0,1.0,0.0,0.0,61.0,0.0,0.021574723241168714,0.0
calendar,45.0,1.0,0.0,0.0,62.0,0.0,0.02175761611247684,0.0
calendar,45.0,1.0,0.0,0.0,63.0,0.0,0.021939123007451378,0.0
calendar,45.0,1.0,0.0,0.0,64.0,0.0,0.02211927615484255,0.0
calendar,45.0,1.0,0.0,0.0,65.0,0.0,0.022298106543237495,0.0
calendar,45.0,1.0,0.0,0.0,66.0,0.0,0.022475643987113214,0.0
calendar,45.0,1.0,0.0,0.0,67.0,0.0,0.022651917188423187,0.0
calendar,45.0,1.0,0.0,0.0,68.0,0.0,0.022826953794083504,0.0
calendar,45.0,1.0,0.0,0.0,69.0,0.0,0.02300078044968501,0.0
calendar,45.0,1.0,0.0,0.0,70.0,0.0,0.02317342284973345,0.0
calendar,45.0,1.0,0.0,0.0,71.0,0.0,0.0233449057846864,0.0
calendar,45.0,1.0,0.0,0.0,72.0,0.0,0.023515253185034446,0.0
calendar,45.0,1.0,0.0,0.0,73.0,0.0,0.023684488162650563,0.0
calendar,45.0,1.0,0.0,0.0,74.0,0.0,0.02385263304961205,0.0
calendar,45.0,1.0,0.0,0.0,75.0,0.0,0.02401970943468179,0.0
calendar,45.0,1.0,0.0,0.0,76.0,0.0,0.024185738197619377,0.0
calendar,45.0,1.0,0.0,0.0,77.0,0.0,0.024350739541477706,0.0
calendar,45.0,1.0,0.0,0.0,78.0,0.0,0.024514733023027757,0.0
calendar,45.0,1.0,0.0,0.0,79.0,0.0,0.024677737581444203,0.0
calendar,45.0,1.0,0.0,0.0,80.0,0.0,0.02483977156536976,0.0
calendar,45.0,1.0,0.0,0.0,81.0,0.0,0.02500085275847075,0.0
calendar,45.0,1.0,0.0,0.0,82.0,0.0,0.025160998403584767,0.0
calendar,45.0,1.0,0.0,0.0,83.0,0.0,0.02532022522555477,0.0
calendar,45.0,1.0,0.0,0.0,84.0,0.0,0.025478549452835342,0.0
calendar,45.0,1.0,0.0,0.0,85.0,0.0,0.02563598683795143,0.0
calendar,45.0,1.0,0.0,0.0,86.0,0.0,0.02579255267688385,0.0
calendar,45.0,1.0,0.0,0.0,87.0,0.0,0.025948261827448027,0.0
calendar,45.0,1.0,0.0,0.0,88.0,0.0,0.02610312872673093,0.0
calendar,45.0,1.0,0.0,0.0,89.0,0.0,0.026257167407643944,0.0
calendar,45.0,1.0,0.0,0.0,90.0,0.0,0.02641039151464586,0.0
calendar,45.0,1.0,0.0,0.0,91.0,0.0,0.026562814318686012,0.0
calendar,45.0,1.0,0.0,0.0,92.0,0.0,0.026714448731415374,0.0
calendar,45.0,1.0,0.0,0.0,93.0,0.0,0.026865307318708287,0.0
calendar,45.0,1.0,0.0,0.0,94.0,0.0,0.027015402313535386,0.0
calendar,45.0,1.0,0.0,0.0,95.0,0.0,0.027164745628225462,0.0
calendar,45.0,1.0,0.0,0.0,96.0,0.0,0.027313348866152,0.0
calendar,45.0,1.0,0.0,0.0,97.0,0.0,0.027461223332875484,0.0
calendar,45.0,1.0,0.0,0.0,98.0,0.0,0.027608380046774683,0.0
calendar,45.0,1.0,0.0,0.0,99.0,0.0,0.0277548297491923,0.0
calendar,45.0,1.0,0.0,0.0,100.0,0.0,0.027900582914125005,0.0
calendar,45.0,1.0,0.0,0.0,101.0,0.0,0.028045649757479696,0.0
calendar,45.0,1.0,0.0,0.0,102.0,0.0,0.028190040245921977,0.0
calendar,45.0,1.0,0.0,0.0,103.0,0.0,0.028333764105336834,0.0
calendar,45.0,1.0,0.0,0.0,104.0,0.0,0.02847683082892316,0.0
calendar,45.0,1.0,0.0,0.0,105.0,0.0,0.028619249684940895,0.0
calendar,45.0,1.0,0.0,0.0,106.0,0.0,0.028761029724129306,0.0
calendar,45.0,1.0,0.0,0.0,107.0,0.0,0.02890217978681231,0.0
calendar,45.0,1.0,0.0,0.0,108.0,0.0,0.02904270850970847,0.0
calendar,45.0,1.0,0.0,0.0,109.0,0.0,0.02918262433245844,0.0
calendar,45.0,1.0,0.0,0.0,110.0,0.0,0.02932193550388651,0.0
calendar,45.0,1.0,0.0,0.0,111.0,0.0,0.029460650088007356,0.0
calendar,45.0,1.0,0.0,0.0,112.0,0.0,0.029598775969791213,0.0
calendar,45.0,1.0,0.0,0.0,113.0,0.0,0.029736320860700438,0.0
calendar,45.0,1.0,0.0,0.0,114.0,0.0,0.029873292304005816,0.0
calendar,45.0,1.0,0.0,0.0,115.0,0.0,0.030009697679896252,0.0
calendar,45.0,1.0,0.0,0.0,116.0,0.0,0.03014554421038984,0.0
calendar,45.0,1.0,0.0,0.0,117.0,0.0,0.03028083896405509,0.0
calendar,45.0,1.0,0.0,0.0,118.0,0.0,0.03041558886055351,0.0
calendar,45.0,1.0,0.0,0.0,119.0,0.0,0.030549800675009453,0.0
calendar,45.0,1.0,0.0,0.0,120.0,0.0,0.03068348104221663,0.0
calendar,45.0,1.0,0.0,0.0,121.0,0.0,0.030816636460687663,0.0
calendar,45.0,1.0,0.0,0.0,122.0,0.0,0.030949273296554836,0.0
calendar,45.0,1.0,0.0,0.0,123.0,0.0,0.03108139778732799,0.0
calendar,45.0,1.0,0.0,0.0,124.0,0.0,0.031213016045516184,0.0
calendar,45.0,1.0,0.0,0.0,125.0,0.0,0.031344134062118445,0.0
calendar,45.0,1.0,0.0,0.0,126.0,0.0,0.031474757709991086,0.0
calendar,45.0,1.0,0.0,0.0,127.0,0.0,0.03160489274709444,0.0
calendar,45.0,1.0,0.0,0.0,128.0,0.0,0.03173454481962645,0.0
calendar,45.0,1.0,0.0,0.0,129.0,0.0,0.03186371946504685,0.0
calendar,45.0,1.0,0.0,0.0,130.0,0.0,0.03199242211499631,0.0
calendar,45.0,1.0,0.0,0.0,131.0,0.0,0.032120658098115595,0.0
calendar,45.0,1.0,0.0,0.0,132.0,0.0,0.03224843264276933,0.0
calendar,45.0,1.0,0.0,0.0,133.0,0.0,0.03237575087967659,0.0
calendar,45.0,1.0,0.0,0.0,134.0,0.0,0.03250261784445385,0.0
calendar,45.0,1.0,0.0,0.0,135.0,0.0,0.03262903848007348,0.0
calendar,45.0,1.0,0.0,0.0,136.0,0.0,0.03275501763924027,0.0
calendar,45.0,1.0,0.0,0.0,137.0,0.0,0.03288056008669049,0.0
calendar,45.0,1.0,0.0,0.0,138.0,0.0,0.03300567050141623,0.0
calendar,45.0,1.0,0.0,0.0,139.0,0.0,0.03313035347881721,0.0
calendar,45.0,1.0,0.0,0.0,140.0,0.0,0.03325461353278358,0.0
calendar,45.0,1.0,0.0,0.0,141.0,0.0,0.03337845509771342,0.0
calendar,45.0,1.0,0.0,0.0,142.0,0.0,0.0335018825304646,0.0
calendar,45.0,1.0,0.0,0.0,143.0,0.0,0.033624900112246614,0.0
calendar,45.0,1.0,0.0,0.0,144.0,0.0,0.033747512050453454,0.0
calendar,45.0,1.0,0.0,0.0,145.0,0.0,0.03386972248043829,0.0
calendar,45.0,1.0,0.0,0.0,146.0,0.0,0.03399153546723521,0.0
calendar,45.0,1.0,0.0,0.0,147.0,0.0,0.03411295500722744,0.0
calendar,45.0,1.0,0.0,0.0,148.0,0.0,0.0342339850297646,0.0
calendar,45.0,1.0,0.0,0.0,149.0,0.0,0.03435462939873246,0.0
calendar,45.0,1.0,0.0,0.0,150.0,0.0,0.03447489191407427,0.0
calendar,45.0,1.0,0.0,0.0,151.0,0.0,0.03459477631326746,0.0
calendar,45.0,1.0,0.0,0.0,152.0,0.0,0.03471428627275719,0.0
calendar,45.0,1.0,0.0,0.0,153.0,0.0,0.03483342540934653,0.0
calendar,45.0,1.0,0.0,0.0,154.0,0.0,0.034952197281547415,0.0
calendar,45.0,1.0,0.0,0.0,155.0,0.0,0.035070605390891796,0.0
calendar,45.0,1.0,0.0,0.0,156.0,0.0,0.035188653183205076,0.0
calendar,45.0,1.0,0.0,0.0,157.0,0.0,0.03530634404984312,0.0
calendar,45.0,1.0,0.0,0.0,158.0,0.0,0.03542368132889384,0.0
calendar,45.0,1.0,0.0,0.0,159.0,0.0,0.035540668306345946,0.0
calendar,45.0,1.0,0.0,0.0,160.0,0.0,0.03565730821722346,0.0
calendar,45.0,1.0,0.0,0.0,161.0,0.0,0.035773604246689183,0.0
calendar,45.0,1.0,0.0,0.0,162.0,0.0,0.035889559531118165,0.0
calendar,45.0,1.0,0.0,0.0,163.0,0.0,0.0360051771591402,0.0
calendar,45.0,1.0,0.0,0.0,164.0,0.0,0.03612046017265569,0.0
calendar,45.0,1.0,0.0,0.0,165.0,0.0,0.03623541156782151,0.0
calendar,45.0,1.0,0.0,0.0,166.0,0.0,0.03635003429601269,0.0
calendar,45.0,1.0,0.0,0.0,167.0,0.0,0.036464331264756344,0.0
calendar,45.0,1.0,0.0,0.0,168.0,0.0,0.03657830533864137,0.0
calendar,45.0,1.0,0.0,0.0,169.0,0.0,0.03669195934020408,0.0
calendar,45.0,1.0,0.0,0.0,170.0,0.0,0.036805296050790526,0.0
calendar,45.0,1.0,0.0,0.0,171.0,0.0,0.03691831821139535,0.0
calendar,45.0,1.0,0.0,0.0,172.0,0.0,0.03703102852348006,0.0
calendar,45.0,1.0,0.0,0.0,173.0,0.0,0.0371434296497688,0.0
calendar,45.0,1.0,0.0,0.0,174.0,0.0,0.03725552421502443,0.0
calendar,45.0,1.0,0.0,0.0,175.0,0.0,0.03736731480680433,0.0
calendar,45.0,1.0,0.0,0.0,176.0,0.0,0.03747880397619707,0.0
calendar,45.0,1.0,0.0,0.0,177.0,0.0,0.03758999423854026,0.0
calendar,45.0,1.0,0.0,0.0,178.0,0.0,0.03770088807412064,0.0
calendar,45.0,1.0,0.0,0.0,179.0,0.0,0.0378114879288558,0.0
calendar,45.0,1.0,0.0,0.0,180.0,0.0,0.03792179621496028,0.0
calendar,45.0,1.0,0.0,0.0,181.0,0.0,0.038031815311593276,0.0
calendar,45.0,1.0,0.0,0.0,182.0,0.0,0.03814154756549237,0.0
calendar,45.0,1.0,0.0,0.0,183.0,0.0,0.038250995291590484,0.0
calendar,45.0,1.0,0.0,0.0,184.0,0.0,0.0383601607736177,0.0
calendar,45.0,1.0,0.0,0.0,185.0,0.0,0.03846904626468928,0.0
calendar,45.0,1.0,0.0,0.0,186.0,0.0,0.038577653987879046,0.0
calendar,45.0,1.0,0.0,0.0,187.0,0.0,0.03868598613677876,0.0
calendar,45.0,1.0,0.0,0.0,188.0,0.0,0.03879404487604465,0.0
calendar,45.0,1.0,0.0,0.0,189.0,0.0,0.038901832341930564,0.0
calendar,45.0,1.0,0.0,0.0,190.0,0.0,0.03900935064280908,0.0
calendar,45.0,1.0,0.0,0.0,191.0,0.0,0.039116601859679356,0.0
calendar,45.0,1.0,0.0,0.0,192.0,0.0,0.03922358804666415,0.0
calendar,45.0,1.0,0.0,0.0,193.0,0.0,0.039330311231494997,0.0
calendar,45.0,1.0,0.0,0.0,194.0,0.0,0.039436773415985615,0.0
calendar,45.0,1.0,0.0,0.0,195.0,0.0,0.03954297657649519,0.0
calendar,45.0,1.0,0.0,0.0,196.0,0.0,0.039648922664380803,0.0
calendar,45.0,1.0,0.0,0.0,197.0,0.0,0.03975461360643884,0.0
calendar,45.0,1.0,0.0,0.0,198.0,0.0,0.03986005130533776,0.0
calendar,45.0,1.0,0.0,0.0,199.0,0.0,0.03996523764004023,0.0
calendar,45.0,1.0,0.0,0.0,200.0,0.0,0.0400701744662153,0.0
calendar,45.0,1.0,0.0,0.0,201.0,0.0,0.0401748636166428,0.0
calendar,45.0,1.0,0.0,0.0,202.0,0.0,0.04027930690160764,0.0
calendar,45.0,1.0,0.0,0.0,203.0,0.0,0.04038350610928554,0.0
calendar,45.0,1.0,0.0,0.0,204.0,0.0,0.040487463006120716,0.0
calendar,45.0,1.0,0.0,0.0,205.0,0.0,0.04059117933719503,0.0
calendar,45.0,1.0,0.0,0.0,206.0,0.0,0.040694656826588904,0.0
calendar,45.0,1.0,0.0,0.0,207.0,0.0,0.040797897177734965,0.0
calendar,45.0,1.0,0.0,0.0,208.0,0.0,0.04090090207376329,0.0
calendar,45.0,1.0,0.0,0.0,209.0,0.0,0.04100367317783993,0.0
calendar,45.0,1.0,0.0,0.0,210.0,0.0,0.04110621213349808,0.0
calendar,45.0,1.0,0.0,0.0,211.0,0.0,0.041208520564961715,0.0
calendar,45.0,1.0,0.0,0.0,212.0,0.0,0.04131060007746301,0.0
calendar,45.0,1.0,0.0,0.0,213.0,0.0,0.041412452257552856,0.0
calendar,45.0,1.0,0.0,0.0,214.0,0.0,0.0415140786734044,0.0
calendar,45.0,1.0,0.0,0.0,215.0,0.0,0.04161548087511102,0.0
calendar,45.0,1.0,0.0,0.0,216.0,0.0,0.0417166603949779,0.0
calendar,45.0,1.0,0.0,0.0,217.0,0.0,0.041817618747806984,0.0
calendar,45.0,1.0,0.0,0.0,218.0,0.0,0.04191835743117678,0.0
calendar,45.0,1.0,0.0,0.0,219.0,0.0,0.042018877925716236,0.0
calendar,45.0,1.0,0.0,0.0,220.0,0.0,0.04211918169537299,0.0
calendar,45.0,1.0,0.0,0.0,221.0,0.0,0.042219270187675795,0.0
calendar,45.0,1.0,0.0,0.0,222.0,0.0,0.04231914483399235,0.0
calendar,45.0,1.0,0.0,0.0,223.0,0.0,0.04241880704978174,0.0
calendar,45.0,1.0,0.0,0.0,224.0,0.0,0.04251825823484123,0.0
calendar,45.0,1.0,0.0,0.0,225.0,0.0,0.042617499773548895,0.0
calendar,45.0,1.0,0.0,0.0,226.0,0.0,0.042716533035101256,0.0
calendar,45.0,1.0,0.0,0.0,227.0,0.0,0.042815359373745476,0.0
calendar,45.0,1.0,0.0,0.0,228.0,0.0,0.04291398012900849,0.0
calendar,45.0,1.0,0.0,0.0,229.0,0.0,0.04301239662592016,0.0
calendar,45.0,1.0,0.0,0.0,230.0,0.0,0.043110610175232766,0.0
calendar,45.0,1.0,0.0,0.0,231.0,0.0,0.043208622073636516,0.0
calendar,45.0,1.0,0.0,0.0,232.0,0.0,0.04330643360397013,0.0
calendar,45.0,1.0,0.0,0.0,233.0,0.0,0.0434040460354278,0.0
calendar,45.0,1.0,0.0,0.0,234.0,0.0,0.0435014606237627,0.0
calendar,45.0,1.0,0.0,0.0,235.0,0.0,0.04359867861148514,0.0
calendar,45.0,1.0,0.0,0.0,236.0,0.0,0.04369570122805877,0.0
calendar,45.0,1.0,0.0,0.0,237.0,0.0,0.04379252969009173,0.0
calendar,45.0,1.0,0.0,0.0,238.0,0.0,0.04388916520152486,0.0
calendar,45.0,1.0,0.0,0.0,239.0,0.0,0.04398560895381587,0.0
calendar,45.0,1.0,0.0,0.0,240.0,0.0,0.04408186212612086,0.0
calendar,45.0,1.0,0.0,0.0,241.0,0.0,0.04417792588547165,0.0
calendar,45.0,1.0,0.0,0.0,242.0,0.0,0.04427380138695014,0.0
calendar,45.0,1.0,0.0,0.0,243.0,0.0,0.04436948977385946,0.0
calendar,45.0,1.0,0.0,0.0,244.0,0.0,0.04446499217789246,0.0
calendar,45.0,1.0,0.0,0.0,245.0,0.0,0.04456030971929592,0.0
calendar,45.0,1.0,0.0,0.0,246.0,0.0,0.04465544350703299,0.0
calendar,45.0,1.0,0.0,0.0,247.0,0.0,0.044750394638941926,0.0
calendar,45.0,1.0,0.0,0.0,248.0,0.0,0.04484516420189244,0.0
calendar,45.0,1.0,0.0,0.0,249.0,0.0,0.044939753271938776,0.0
calendar,45.0,1.0,0.0,0.0,250.0,0.0,0.0450341629144706,0.0
calendar,45.0,1.0,0.0,0.0,251.0,0.0,0.04512839418436021,0.0
calendar,45.0,1.0,0.0,0.0,252.0,0.0,0.04522244812610876,0.0
calendar,45.0,1.0,0.0,0.0,253.0,0.0,0.04531632577398792,0.0
calendar,45.0,1.0,0.0,0.0,254.0,0.0,0.04541002815218065,0.0
calendar,45.0,1.0,0.0,0.0,255.0,0.0,0.045503556274918866,0.0
calendar,45.0,1.0,0.0,0.0,256.0,0.0,0.045596911146618346,0.0
calendar,45.0,1.0,0.0,0.0,257.0,0.0,0.04569009376201205,0.0
calendar,45.0,1.0,0.0,0.0,258.0,0.0,0.045783105106280364,0.0
calendar,45.0,1.0,0.0,0.0,259.0,0.0,0.04587594615517976,0.0
calendar,45.0,1.0,0.0,0.0,260.0,0.0,0.045968617875168816,0.0
calendar,45.0,1.0,0.0,0.0,261.0,0.0,0.04606112122353201,0.0
calendar,45.0,1.0,0.0,0.0,262.0,0.0,0.04615345714850194,0.0
calendar,45.0,1.0,0.0,0.0,263.0,0.0,0.0462456265893787,0.0
calendar,45.0,1.0,0.0,0.0,264.0,0.0,0.04633763047664774,0.0
calendar,45.0,1.0,0.0,0.0,265.0,0.0,0.04642946973209583,0.0
calendar,45.0,1.0,0.0,0.0,266.0,0.0,0.04652114526892459,0.0
calendar,45.0,1.0,0.0,0.0,267.0,0.0,0.046612657991862316,0.0
calendar,45.0,1.0,0.0,0.0,268.0,0.0,0.04670400879727454,0.0
calendar,45.0,1.0,0.0,0.0,269.0,0.0,0.0467951985732713,0.0
calendar,45.0,1.0,0.0,0.0,270.0,0.0,0.04688622819981447,0.0
calendar,45.0,1.0,0.0,0.0,271.0,0.0,0.046977098548821705,0.0
calendar,45.0,1.0,0.0,0.0,272.0,0.0,0.04706781048426967,0.0
calendar,45.0,1.0,0.0,0.0,273.0,0.0,0.047158364862294966,0.0
calendar,45.0,1.0,0.0,0.0,274.0,0.0,0.047248762531294175,0.0
calendar,45.0,1.0,0.0,0.0,275.0,0.0,0.04733900433202143,0.0
calendar,45.0,1.0,0.0,0.0,276.0,0.0,0.04742909109768456,0.0
calendar,45.0,1.0,0.0,0.0,277.0,0.0,0.04751902365404048,0.0
calendar,45.0,1.0,0.0,0.0,278.0,0.0,0.04760880281948787,0.0
calendar,45.0,1.0,0.0,0.0,279.0,0.0,0.04769842940515945,0.0
calendar,45.0,1.0,0.0,0.0,280.0,0.0,0.047787904215011556,0.0
calendar,45.0,1.0,0.0,0.0,281.0,0.0,0.04787722804591388,0.0
calendar,45.0,1.0,0.0,0.0,282.0,0.0,0.04796640168773603,0.0
calendar,45.0,1.0,0.0,0.0,283.0,0.0,0.04805542592343437,0.0
calendar,45.0,1.0,0.0,0.0,284.0,0.0,0.04814430152913607,0.0
calendar,45.0,1.0,0.0,0.0,285.0,0.0,0.048233029274223016,0.0
calendar,45.0,1.0,0.0,0.0,286.0,0.0,0.0483216099214131,0.0
calendar,45.0,1.0,0.0,0.0,287.0,0.0,0.04841004422684214,0.0
calendar,45.0,1.0,0.0,0.0,288.0,0.0,0.048498332940142275,0.0
calendar,45.0,1.0,0.0,0.0,289.0,0.0,0.048586476804520995,0.0
calendar,45.0,1.0,0.0,0.0,290.0,0.0,0.048674476556837654,0.0
calendar,45.0,1.0,0.0,0.0,291.0,0.0,0.04876233292767984,0.0
calendar,45.0,1.0,0.0,0.0,292.0,0.0,0.048850046641437994,0.0
calendar,45.0,1.0,0.0,0.0,293.0,0.0,0.04893761841637878,0.0
calendar,45.0,1.0,0.0,0.0,294.0,0.0,0.0490250489647176,0.0
calendar,45.0,1.0,0.0,0.0,295.0,0.0,0.049112338992690185,0.0
calendar,45.0,1.0,0.0,0.0,296.0,0.0,0.04919948920062256,0.0
calendar,45.0,1.0,0.0,0.0,297.0,0.0,0.049286500283000634,0.0
calendar,45.0,1.0,0.0,0.0,298.0,0.0,0.04937337292853794,0.0
calendar,45.0,1.0,0.0,0.0,299.0,0.0,0.04946010782024313,0.0
calendar,45.0,1.0,0.0,0.0,300.0,0.0,0.04954670563548591,0.0
calendar,45.0,1.0,0.0,0.0,301.0,0.0,0.049633167046062354,0.0
calendar,45.0,1.0,0.0,0.0,302.0,0.0,0.04971949271825915,0.0
calendar,45.0,1.0,0.0,0.0,303.0,0.0,0.04980568331291668,0.0
calendar,45.0,1.0,0.0,0.0,304.0,0.0,0.049891739485491415,0.0
calendar,45.0,1.0,0.0,0.0,305.0,0.0,0.0499776618861173,0.0
calendar,45.0,1.0,0.0,0.0,306.0,0.0,0.05006345115966637,0.0
calendar,45.0,1.0,0.0,0.0,307.0,0.0,0.05014910794580818,0.0
calendar,45.0,1.0,0.0,0.0,308.0,0.0,0.05023463287906871,0.0
calendar,45.0,1.0,0.0,0.0,309.0,0.0,0.050320026588888234,0.0
calendar,45.0,1.0,0.0,0.0,310.0,0.0,0.0504052896996785,0.0
calendar,45.0,1.0,0.0,0.0,311.0,0.0,0.050490422830878456,0.0
calendar,45.0,1.0,0.0,0.0,312.0,0.0,0.05057542659701064,0.0
calendar,45.0,1.0,0.0,0.0,313.0,0.0,0.050660301607734715,0.0
calendar,45.0,1.0,0.0,0.0,314.0,0.0,0.050745048467902176,0.0
calendar,45.0,1.0,0.0,0.0,315.0,0.0,0.05082966777760922,0.0
calendar,45.0,1.0,0.0,0.0,316.0,0.0,0.05091416013224881,0.0
calendar,45.0,1.0,0.0,0.0,317.0,0.0,0.050998526122562504,0.0
calendar,45.0,1.0,0.0,0.0,318.0,0.0,0.05108276633469144,0.0
calendar,45.0,1.0,0.0,0.0,319.0,0.0,0.0511668813502264,0.0
calendar,45.0,1.0,0.0,0.0,320.0,0.0,0.051250871746256976,0.0
calendar,45.0,1.0,0.0,0.0,321.0,0.0,0.051334738095420995,0.0
calendar,45.0,1.0,0.0,0.0,322.0,0.0,0.05141848096595181,0.0
calendar,45.0,1.0,0.0,0.0,323.0,0.0,0.05150210092172636,0.0
calendar,45.0,1.0,0.0,0.0,324.0,0.0,0.051585598522311926,0.0
calendar,45.0,1.0,0.0,0.0,325.0,0.0,0.05166897432301154,0.0
calendar,45.0,1.0,0.0,0.0,326.0,0.0,0.05175222887491038,0.0
calendar,45.0,1.0,0.0,0.0,327.0,0.0,0.051835362724920175,0.0
calendar,45.0,1.0,0.0,0.0,328.0,0.0,0.05191837641582331,0.0
calendar,45.0,1.0,0.0,0.0,329.0,0.0,0.052001270486316975,0.0
calendar,45.0,1.0,0.0,0.0,330.0,0.0,0.05208404547105583,0.0
calendar,45.0,1.0,0.0,0.0,331.0,0.0,0.05216670190069428,0.0
calendar,45.0,1.0,0.0,0.0,332.0,0.0,0.052249240301929234,0.0
calendar,45.0,1.0,0.0,0.0,333.0,0.0,0.05233166119754051,0.0
calendar,45.0,1.0,0.0,0.0,334.0,0.0,0.05241396510643204,0.0
calendar,45.0,1.0,0.0,0.0,335.0,0.0,0.05249615254367235,0.0
calendar,45.0,1.0,0.0,0.0,336.0,0.0,0.05257822402053358,0.0
calendar,45.0,1.0,0.0,0.0,337.0,0.0,0.052660180044531324,0.0
calendar,45.0,1.0,0.0,0.0,338.0,0.0,0.05274202111946302,0.0
calendar,45.0,1.0,0.0,0.0,339.0,0.0,0.05282374774544607,0.0
calendar,45.0,1.0,0.0,0.0,340.0,0.0,0.05290536041895544,0.0
calendar,45.0,1.0,0.0,0.0,341.0,0.0,0.05298685963286098,0.0
calendar,45.0,1.0,0.0,0.0,342.0,0.0,0.05306824587646386,0.0
calendar,45.0,1.0,0.0,0.0,343.0,0.0,0.05314951963553316,0.0
calendar,45.0,1.0,0.0,0.0,344.0,0.0,0.053230681392340884,0.0
calendar,45.0,1.0,0.0,0.0,345.0,0.0,0.05331173162569813,0.0
calendar,45.0,1.0,0.0,0.0,346.0,0.0,0.05339267081098875,0.0
calendar,45.0,1.0,0.0,0.0,347.0,0.0,0.05347349942020496,0.0
calendar,45.0,1.0,0.0,0.0,348.0,0.0,0.05355421792198023,0.0
calendar,45.0,1.0,0.0,0.0,349.0,0.0,0.053634826781623235,0.0
calendar,45.0,1.0,0.0,0.0,350.0,0.0,0.053715326461150625,0.0
calendar,45.0,1.0,0.0,0.0,351.0,0.0,0.05379571741931999,0.0
calendar,45.0,1.0,0.0,0.0,352.0,0.0,0.053876000111661715,0.0
calendar,45.0,1.0,0.0,0.0,353.0,0.0,0.053956174990511085,0.0
calendar,45.0,1.0,0.0,0.0,354.0,0.0,0.054036242505039245,0.0
calendar,45.0,1.0,0.0,0.0,355.0,0.0,0.05411620310128484,0.0
calendar,45.0,1.0,0.0,0.0,356.0,0.0,0.05419605722218379,0.0
calendar,45.0,1.0,0.0,0.0,357.0,0.0,0.05427580530760023,0.0
calendar,45.0,1.0,0.0,0.0,358.0,0.0,0.05435544779435597,0.0
calendar,45.0,1.0,0.0,0.0,359.0,0.0,0.054434985116260326,0.0
calendar,45.0,1.0,0.0,0.0,360.0,0.0,0.05451441770413845,0.0
calendar,45.0,1.0,0.0,0.0,361.0,0.0,0.054593745985860975,0.0
calendar,45.0,1.0,0.0,0.0,362.0,0.0,0.05467297038637198,0.0
calendar,45.0,1.0,0.0,0.0,363.0,0.0,0.05475209132771708,0.0
calendar,45.0,1.0,0.0,0.0,364.0,0.0,0.05483110922907075,0.0
calendar,45.0,1.0,0.0,0.0,365.0,0.0,0.05491002450676441,0.0
cycle,25.0,0.25,0.7,0.7,0.23333333333333334,0.7,0.0002717758094832323,0.00011101687071546351
cycle,25.0,0.25,0.7,1.3997320451238608,0.4666666666666667,1.3997320451238608,0.0004147298852714698,0.00020288528013967522
cycle,25.0,0.25,0.7,2.099299714508073,0.7,2.099299714508073,0.000512405934271376,0.00028390943699352356
cycle,25.0,0.25,0.7,2.7987422937481874,0.9333333333333333,2.7987422937481874,0.0005931330389014056,0.0003594503957130568
cycle,25.0,0.25,0.7,3.498075485343957,1.1666666666666667,3.498075485343957,0.0006638889505335976,0.0004313613945702288
cycle,25.0,0.25,0.7,4.197308810102385,1.4,4.197308810102385,0.0007278120625436868,0.0005005840517643412
cycle,25.0,0.25,0.7,4.896448932822369,1.6333333333333333,4.896448932822369,0.0007866531840284852,0.0005676857340047858
cycle,25.0,0.25,0.7,5.595500895579746,1.8666666666666667,5.595500895579746,0.0008415130544365823,0.000633044161116092
cycle,25.0,0.25,0.7,6.294468705528859,2.1,6.294468705528859,0.0008931394237016166,0.0006969280005010292
cycle,25.0,0.25,0.7,6.993355658331916,2.3333333333333335,6.993355658331916,0.0009420687825726359,0.0007595376148711308
cycle,25.0,0.25,0.7,7.692164533853705,2.566666666666667,7.692164533853705,0.0009887020757092246,0.0008210278465315968
cycle,25.0,0.25,0.7,8.390897722908136,2.8,8.390897722908136,0.001033348594433936,0.000881521734798496
cycle,25.0,0.25,0.7,9.089557313677673,3.033333333333333,9.089557313677673,0.0010762530558324768,0.0009411192573017813
cycle,25.0,0.25,0.7,9.78814515305848,3.2666666666666666,9.78814515305848,0.0011176131492777186,0.0009999031573330042
cycle,25.0,0.25,0.7,10.486662891643853,3.5,10.486662891643853,0.0011575913676086236,0.0010579429740311674
cycle,25.0,0.25,0.7,11.185112017604705,3.7333333333333334,11.185112017604705,0.0011963232518580336,0.001115297916101654
cycle,25.0,0.25,0.7,11.883493882787134,3.966666666666667,11.883493882787134,0.001233923298469719,0.0011720189644878198
cycle,25.0,0.25,0.7,12.581809723203063,4.2,12.581809723203063,0.0012704892933679268,0.0012281504452593683
cycle,25.0,0.25,0.7,13.280060675386025,4.433333333333334,13.280060675386025,0.001306105557767001,0.0012837312289515346
cycle,25.0,0.25,0.7,13.978247789635322,4.666666666666667,13.978247789635322,0.0013408454229734135,0.0013387956605251938
cycle,25.0,0.25,0.7,14.676372040876872,4.9,14.676372040876872,0.001374773147400532,0.0013933742911954594
cycle,25.0,0.25,0.7,15.374434337669856,5.133333333333334,15.374434337669856,0.0014079454225264243,0.00144749446196768
cycle,25.0,0.25,0.7,16.07243552975071,5.366666666666666,16.07243552975071,0.0014404125708957771,0.0015011807744405026
cycle,25.0,0.25,0.7,16.770376414408975,5.6,16.770376414408975,0.0014722195099837743,0.0015544554747022321
cycle,25.0,0.25,0.7,17.468257741919697,5.833333333333333,17.468257741919697,0.0015034065356578363,0.0016073387693842367
cycle,25.0,0.25,0.7,18.16608022020617,6.066666666666666,18.16608022020617,0.001534009964956784,0.0016598490881405414
cycle,25.0,0.25,0.7,18.863844518869,6.3,18.863844518869,0.0015640626679509495,0.0017120033033827253
cycle,25.0,0.25,0.7,19.56155127268907,6.533333333333333,19.56155127268907,0.001593594511266505,0.0017638169155800298
cycle,25.0,0.25,0.7,20.259201084690275,6.766666666666667,20.259201084690275,0.0016226327306082533,0.0018153042105792938
cycle,25.0,0.25,0.7,20.956794528831445,7.0,20.956794528831445,0.0016512022457267905,0.0018664783940007812
cycle,25.0,0.25,0.7,21.654332152383635,7.233333333333333,21.654332152383635,0.001679325928361175,0.0019173517067172519
cycle,25.0,0.25,0.7,22.35181447803908,7.466666666666667,22.35181447803908,0.0017070248314814407,0.0019679355246084995
cycle,25.0,0.25,0.7,23.049242005789818,7.7,23.049242005789818,0.0017343183864647616,0.00201824044516552
cycle,25.0,0.25,0.7,23.746615214607676,7.933333333333334,23.746615214607676,0.0017612245735328935,0.0020682763630287537
cycle,25.0,0.25,0.7,24.443934563952084,8.166666666666666,24.443934563952084,0.0017877600697632223,0.0021180525361622626
cycle,25.0,0.25,0.7,25.141200495127936,8.4,25.141200495127936,0.0018139403781838315,0.0021675776440615024
cycle,25.0,0.25,0.7,25.838413432512365,8.633333333333333,25.838413432512365,0.001839779940832953,0.0022168598391518746
cycle,25.0,0.25,0.7,26.535573784666376,8.866666666666667,26.535573784666376,0.0018652922381551251,0.0022659067923396226
cycle,25.0,0.25,0.7,27.23268194534503,9.1,27.23268194534503,0.0018904898767053702,0.002314725733516876
cycle,25.0,0.25,0.7,27.929738294417874,9.333333333333334,27.929738294417874,0.0019153846668003016,0.002363323487697633
cycle,25.0,0.25,0.7,28.626743198709725,9.566666666666666,28.626743198709725,0.0019399876914949488,0.0024117065073540056
cycle,25.0,0.25,0.7,29.32369701277053,9.8,29.32369701277053,0.0019643093680414836,0.002459880901436007
cycle,25.0,0.25,0.7,30.020600079581897,10.033333333333333,30.020600079581897,0.0019883595028092893,0.0025078524614875475
cycle,25.0,0.25,0.7,30.71745273120689,10.266666666666667,30.71745273120689,0.002012147340500592,0.0025556266852087006
cycle,25.0,0.25,0.7,31.414255289388894,10.5,31.414255289388894,0.0020356816083684226,0.0026032087977694296
cycle,25.0,0.25,0.7,32.111008066104596,10.733333333333333,32.111008066104596,0.0020589705560460914,0.002650603771133131
cycle,25.0,0.25,0.7,32.80771136407557,10.966666666666667,32.80771136407557,0.0020820219915095306,0.0026978163416154777
cycle,25.0,0.25,0.7,33.50436547724239,11.2,33.50436547724239,0.0021048433136232614,0.0027448510258757386
cycle,25.0,0.25,0.7,34.20097069120474,11.433333333333334,34.20097069120474,0.0021274415416570047,0.0027917121355088836
cycle,25.0,0.25,0.7,34.89752728363072,11.666666666666666,34.89752728363072,0.002149823342114554,0.0028384037903878
cycle,25.0,0.25,0.7,35.594035524637974,11.9,35.594035524637974,0.002171995053165454,0.002884929930885738
cycle,25.0,0.25,0.7,36.29049567714914,12.133333333333333,36.29049567714914,0.0021939627069382794,0.002931294329093781
cycle,25.0,0.25,0.7,36.986907997223916,12.366666666666667,36.986907997223916,0.002215732049900221,0.0029775005991324877
cycle,25.0,0.25,0.7,37.683272734369595,12.6,37.683272734369595,0.002237308561520379,0.0030235522066484055
cycle,25.0,0.25,0.7,38.379590131831876,12.833333333333334,38.379590131831876,0.0022586974713890706,0.0030694524775726206
cycle,25.0,0.25,0.7,39.0758604268676,13.066666666666666,39.0758604268676,0.0022799037749493545,0.003115204606211286
cycle,25.0,0.25,0.7,39.77208385100079,13.3,39.77208385100079,0.00230093224797312,0.0031608116627313
cycle,25.0,0.25,0.7,40.468260630263295,13.533333333333333,40.468260630263295,0.002321787459905189,0.0032062766000948706
cycle,25.0,0.25,0.7,41.16439098542129,13.766666666666667,41.16439098542129,0.0023424737861788003,0.003251602260493258
cycle,25.0,0.25,0.7,41.86047513218862,14.0,41.86047513218862,0.002362995419601499,0.0032967913813228833
cycle,25.0,0.25,0.7,42.55651328142797,14.233333333333333,42.55651328142797,0.0023833563808921543,0.003341846600745546
cycle,25.0,0.25,0.7,43.252505639340825,14.466666666666667,43.252505639340825,0.0024035605284484785,0.003386770462865063
cycle,25.0,0.25,0.7,43.948452407646904,14.7,43.948452407646904,0.0024236115674109993,0.0034315654225549608
cycle,25.0,0.25,0.7,44.64435378375393,14.933333333333334,44.64435378375393,0.0024435130580847675,0.0034762338499654266
cycle,25.0,0.25,0.7,45.340209960918294,15.166666666666666,45.340209960918294,0.002463268423774201,0.0035207780347351614
cycle,25.0,0.25,0.7,46.03602112839734,15.4,46.03602112839734,0.002482880958080136,0.003565200189930895
cycle,25.0,0.25,0.7,46.73178747159373,15.633333333333333,46.73178747159373,0.0025023538317029415,0.0036095024557386557
cycle,25.0,0.25,0.7,47.427509172192515,15.866666666666667,47.427509172192515,0.0025216900987932167,0.0036536869029231145
cycle,25.0,0.25,0.7,48.12318640829131,16.1,48.12318640829131,0.002540892702885378,0.003697755536074321
cycle,25.0,0.25,0.7,48.81881935452404,16.333333333333332,48.81881935452404,0.002559964482447441,0.0037417102966572635
cycle,25.0,0.25,0.7,49.51440818217866,16.566666666666666,49.51440818217866,0.0025789081760774213,0.0037855530658797987
cycle,25.0,0.25,0.7,50.20995305930929,16.8,50.20995305930929,0.002597726427373215,0.0038292856673902698
cycle,25.0,0.25,0.7,50.90545415084296,17.033333333333335,50.90545415084296,0.0026164217894996122,0.0038729098698198072
cycle,25.0,0.25,0.7,51.60091161868143,17.266666666666666,51.60091161868143,0.0026349967294779786,0.003916427389177302
cycle,25.0,0.25,0.7,52.296325621798374,17.5,52.296325621798374,0.0026534536322155855,0.003959839891110262
cycle,25.0,0.25,0.7,52.991696316332046,17.733333333333334,52.991696316332046,0.002671794804296246,0.004003148993039218
cycle,25.0,0.25,0.7,53.687023855673914,17.966666666666665,53.687023855673914,0.0026900224775481263,0.004046356266173667
cycle,25.0,0.25,0.7,54.382308390553305,18.2,54.382308390553305,0.0027081388124048367,0.004089463237419988
cycle,25.0,0.25,0.7,55.07755006911843,18.433333333333334,55.07755006911843,0.0027261459010738953,0.00413247139118611
cycle,25.0,0.25,0.7,55.772749037013845,18.666666666666668,55.772749037013845,0.002744045770527337,0.004175382171090591
cycle,25.0,0.25,0.7,56.46790543745471,18.9,56.46790543745471,0.0027618403853238993,0.004218196981582767
cycle,25.0,0.25,0.7,57.163019411297874,19.133333333333333,57.163019411297874,0.0027795316502772227,0.004260917189479074
cycle,25.0,0.25,0.7,57.85809109711005,19.366666666666667,57.85809109711005,0.002797121412978276,0.004303544125420888
cycle,25.0,0.25,0.7,58.55312063123317,19.6,58.55312063123317,0.0028146114661817823,0.004346079085259191
cycle,25.0,0.25,0.7,59.24810814784716,19.833333333333332,59.24810814784716,0.0028320035500668528,0.0043885233313697425
cycle,25.0,0.25,0.7,59.94305377903016,20.066666666666666,59.94305377903016,0.0028492993543780543,0.004430878093904411
cycle,25.0,0.25,0.7,60.63795765481636,20.3,60.63795765481636,0.0028665005204562277,0.0044731445719808915
cycle,25.0,0.25,0.7,61.332819903251654,20.533333333333335,61.332819903251654,0.0028836086431639485,0.004515323934815685
cycle,25.0,0.25,0.7,62.02764065044707,20.766666666666666,62.02764065044707,0.0029006252727148407,0.004557417322803126
cycle,25.0,0.25,0.7,62.7224200206302,21.0,62.7224200206302,0.002917551916410188,0.004599425848543448
cycle,25.0,0.25,0.7,63.417158136194736,21.233333333333334,63.417158136194736,0.002934390040289725,0.004641350597823779
cycle,25.0,0.25,0.7,64.11185511774805,21.466666666666665,64.11185511774805,0.0029511410707017127,0.004683192630553723
cycle,25.0,0.25,0.7,64.80651108415717,21.7,64.80651108415717,0.00296780639579608,0.0047249529816577596
cycle,25.0,0.25,0.7,65.50112615259295,21.933333333333334,65.50112615259295,0.002984387366947505,0.004766632661928782
cycle,25.0,0.25,0.7,66.19570043857273,22.166666666666668,66.19570043857273,0.003000885300109002,0.0048082326588427815
cycle,25.0,0.25,0.7,66.89023405600146,22.4,66.89023405600146,0.00301730147710344,0.004849753937338219
cycle,25.0,0.25,0.7,67.58472711721136,22.633333333333333,67.58472711721136,0.003033637146854451,0.004891197440560768
cycle,25.0,0.25,0.7,68.27917973300016,22.866666666666667,68.27917973300016,0.0030498935265605986,0.004932564090577074
cycle,25.0,0.25,0.7,68.97359201266816,23.1,68.97359201266816,0.0030660718028162615,0.004973854789056764
cycle,25.0,0.25,0.7,69.66796406405385,23.333333333333332,69.66796406405385,0.003082173132682442,0.005015070417926815
cycle,25.0,0.25,0.7,70.36229599356842,23.566666666666666,70.36229599356842,0.0030981986447087273,0.005056211839997937
cycle,25.0,0.25,0.7,71.05658790622913,23.8,71.05658790622913,0.0031141494399111735,0.005097279899565321
cycle,25.0,0.25,0.7,71.75083990569149,24.033333333333335,71.75083990569149,0.0031300265927067805,0.005138275422984617
cycle,25.0,0.25,0.7,72.44505209428051,24.266666666666666,72.44505209428051,0.0031458311518077764,0.005179199219224495
cycle,25.0,0.25,0.7,73.13922457302078,24.5,73.13922457302078,0.0031615641410774886,0.0052200520803973305
cycle,25.0,0.25,0.7,73.83335744166575,24.733333333333334,73.83335744166575,0.0031772265603495775,0.005260834782268353
cycle,25.0,0.25,0.7,74.52745079872592,24.966666666666665,74.52745079872592,0.003192819386213297,0.005301548084745367
cycle,25.0,0.25,0.7,75.22150474149625,25.2,75.22150474149625,0.0032083435727657816,0.005342192732348483
cycle,25.0,0.25,0.7,75.91551936608266,25.433333333333334,75.91551936608266,0.0032238000523326926,0.005382769454662095
cycle,25.0,0.25,0.7,76.60949476742776,25.666666666666668,76.60949476742776,0.0032391897361604416,0.005423278966770306
cycle,25.0,0.25,0.7,77.3034310393357,25.9,77.3034310393357,0.003254513515079438,0.005463721969674151
cycle,25.0,0.25,0.7,77.99732827449638,26.133333333333333,77.99732827449638,0.003269772260141246,0.005504099150694608
cycle,25.0,0.25,0.7,78.6911865645088,26.366666666666667,78.6911865645088,0.0032849668232298734,0.005544411183860176
cycle,25.0,0.25,0.7,79.38500599990384,26.6,79.38500599990384,0.0033000980376493017,0.005584658730279468
cycle,25.0,0.25,0.7,80.0787866701663,26.833333333333332,80.0787866701663,0.003315166718687923,0.005624842438501032
cycle,25.0,0.25,0.7,80.77252866375626,27.066666666666666,80.77252866375626,0.003330173664160885,0.005664962944859964
cycle,25.0,0.25,0.7,81.46623206812994,27.3,81.46623206812994,0.003345119654931894,0.005705020873811084
cycle,25.0,0.25,0.7,82.15989696975981,27.533333333333335,82.15989696975981,0.003360005455414816,0.005745016838251904
cycle,25.0,0.25,0.7,82.85352345415424,27.766666666666666,82.85352345415424,0.0033748318140568445,0.005784951439832597
cycle,25.0,0.25,0.7,83.54711160587652,28.0,83.54711160587652,0.0033895994638023508,0.005824825269255873
cycle,25.0,0.25,0.7,84.24066150856338,28.233333333333334,84.24066150856338,0.0034043091225413047,0.005864638906566411
cycle,25.0,0.25,0.7,84.934173244943,28.466666666666665,84.934173244943,0.003418961493539041,0.005904392921429968
cycle,25.0,0.25,0.7,85.62764689685253,28.7,85.62764689685253,0.0034335572658527047,0.005944087873403503
cycle,25.0,0.25,0.7,86.32108254525505,28.933333333333334,86.32108254525505,0.003448097114729931,0.005983724312195182
cycle,25.0,0.25,0.7,87.0144802702562,29.166666666666668,87.0144802702562,0.0034625817019955374,0.006023302777916739
cycle,25.0,0.25,0.7,87.70784015112027,29.4,87.70784015112027,0.003477011676423114,0.006062823801326833
cycle,25.0,0.25,0.7,88.40116226628584,29.633333333333333,88.40116226628584,0.0034913876740937377,0.006102287904065973
cycle,25.0,0.25,0.7,89.09444669338113,29.866666666666667,89.09444669338113,0.003505710318741806,0.006141695598884556
cycle,25.0,0.25,0.7,89.78769350923879,30.1,89.78769350923879,0.00351998022208988,0.006181047389862915
cycle,25.0,0.25,0.7,90.48090278991043,30.333333333333332,90.48090278991043,0.0035341979841703175,0.0062203437726244815
cycle,25.0,0.25,0.7,91.17407461068068,30.566666666666666,91.17407461068068,0.0035483641936373544,0.006259585234541953
cycle,25.0,0.25,0.7,91.86720904608094,30.8,91.86720904608094,0.003562479428067533,0.00629877225493658
cycle,25.0,0.25,0.7,92.56030616990284,31.033333333333335,92.56030616990284,0.003576544254250691,0.006337905305272451
cycle,25.0,0.25,0.7,93.25336605521117,31.266666666666666,93.25336605521117,0.0035905592284706245,0.00637698484934246
cycle,25.0,0.25,0.7,93.9463887743567,31.5,93.9463887743567,0.0036045248967766508,0.006416011343451156
cycle,25.0,0.25,0.7,94.63937439898855,31.733333333333334,94.63937439898855,0.0036184417952463965,0.006454985236589383
cycle,25.0,0.25,0.7,95.33232300006627,31.966666666666665,95.33232300006627,0.0036323104502394843,0.006493906970605368
cycle,25.0,0.25,0.7,96.02523464787167,32.2,96.02523464787167,0.003646131378643447,0.006532776980370025
cycle,25.0,0.25,0.7,96.71810941202035,32.43333333333333,96.71810941202035,0.003659905088111537,0.006571595693936505
cycle,25.0,0.25,0.7,97.41094736147292,32.666666666666664,97.41094736147292,0.0036736320772923214,0.006610363532696617
cycle,25.0,0.25,0.7,98.10374856454592,32.9,98.10374856454592,0.0036873128360532803,0.006649080911530825
cycle,25.0,0.25,0.7,98.79651308892261,33.13333333333333,98.79651308892261,0.0037009478456956346,0.006687748238955127
cycle,25.0,0.25,0.7,99.48924100166336,33.36666666666667,99.48924100166336,0.0037145375791639568,0.0067263659172625
cycle,25.0,0.25,0.7,100.18193236921586,33.6,100.18193236921586,0.003728082501248564,0.006764934342661566
cycle,25.0,0.25,0.7,100.87458725742512,33.833333333333336,100.87458725742512,0.0037415830687812512,0.0068034539054098175
cycle,25.0,0.25,0.7,101.56720573154318,34.06666666666667,101.56720573154318,0.0037550397308256933,0.00684192498994407
cycle,25.0,0.25,0.7,102.25978785623865,34.3,102.25978785623865,0.003768452928861632,0.006880347975006584
cycle,25.0,0.25,0.7,102.95233369560594,34.53333333333333,102.95233369560594,0.0037818230969639544,0.006918723233767854
cycle,25.0,0.25,0.7,103.64484331317443,34.766666666666666,103.64484331317443,0.0037951506619752218,0.006957051133946068
cycle,25.0,0.25,0.7,104.33731677191729,35.0,104.33731677191729,0.0038084360436748677,0.006995332037922686
cycle,25.0,0.25,0.7,105.02975413426017,35.233333333333334,105.02975413426017,0.00382167965494129,0.007033566302855565
cycle,25.0,0.25,0.7,105.72215546208972,35.46666666666667,105.72215546208972,0.003834881901910836,0.007071754280788323
cycle,25.0,0.25,0.7,106.41452081676182,35.7,106.41452081676182,0.0038480431841312335,0.007109896318756914
cycle,25.0,0.25,0.7,107.1068502591098,35.93333333333333,107.1068502591098,0.003861163894710695,0.00714799275889344
cycle,25.0,0.25,0.7,107.79914384945228,36.166666666666664,107.79914384945228,0.0038742444204630244,0.007186043938526954
cycle,25.0,0.25,0.7,108.49140164760098,36.4,108.49140164760098,0.003887285142047947,0.007224050190281828
cycle,25.0,0.25,0.7,109.18362371286835,36.63333333333333,109.18362371286835,0.0039002864341081134,0.007262011842172678
cycle,25.0,0.25,0.7,109.87581010407496,36.86666666666667,109.87581010407496,0.0039132486654014365,0.007299929217698398
cycle,25.0,0.25,0.7,110.5679608795568,37.1,110.5679608795568,0.003926172198930766,0.007337802635931756
cycle,25.0,0.25,0.7,111.26007609717239,37.333333333333336,111.26007609717239,0.003939057392068457,0.00737563241160788
cycle,25.0,0.25,0.7,111.95215581430982,37.56666666666667,111.95215581430982,0.003951904596679268,0.0074134188552104074
cycle,25.0,0.25,0.7,112.6442000878935,37.8,112.6442000878935,0.0039647141592378254,0.007451162273054757
cycle,25.0,0.25,0.7,113.33620897439089,38.03333333333333,113.33620897439089,0.003977486420944754,0.007488862967369725
cycle,25.0,0.25,0.7,114.02818252981906,38.266666666666666,114.02818252981906,0.003990221717838138,0.007526521236377204
cycle,25.0,0.25,0.7,114.72012080975111,38.5,114.72012080975111,0.004002920380903219,0.007564137374369007
cycle,25.0,0.25,0.7,115.41202386932241,38.733333333333334,115.41202386932241,0.004015582736177747,0.007601711671782696
cycle,25.0,0.25,0.7,116.10389176323685,38.96666666666667,116.10389176323685,0.0040282091048559066,0.007639244415275082
cycle,25.0,0.25,0.7,116.79572454577276,39.2,116.79572454577276,0.00404079980338834,0.0076767358877938285
cycle,25.0,0.25,0.7,117.48752227078893,39.43333333333333,117.48752227078893,0.004053355143580184,0.007714186368647402
cycle,25.0,0.25,0.7,118.17928499173037,39.666666666666664,118.17928499173037,0.004065875432686439,0.007751596133573346
cycle,25.0,0.25,0.7,118.87101276163399,39.9,118.87101276163399,0.004078360973504225,0.007788965454804564
cycle,25.0,0.25,0.7,119.56270563313417,40.13333333333333,119.56270563313417,0.0040908120644636,0.007826294601134709
cycle,25.0,0.25,0.7,120.25436365846825,40.36666666666667,120.25436365846825,0.004103228999715269,0.007863583837980803
cycle,25.0,0.25,0.7,120.94598688948186,40.6,120.94598688948186,0.004115612069216512,0.00790083342744563
cycle,25.0,0.25,0.7,121.63757537763419,40.833333333333336,121.63757537763419,0.0041279615588143415,0.007938043628377911
cycle,25.0,0.25,0.7,122.32912917400316,41.06666666666667,122.32912917400316,0.004140277750327104,0.007975214696431143
cycle,25.0,0.25,0.7,123.02064832929042,41.3,123.02064832929042,0.004152560921623749,0.00801234688412078
cycle,25.0,0.25,0.7,123.7121328938264,41.53333333333333,123.7121328938264,0.004164811346701103,0.008049440440881073
cycle,25.0,0.25,0.7,124.4035829175751,41.766666666666666,124.4035829175751,0.004177029295759471,0.008086495613119027
cycle,25.0,0.25,0.7,125.09499845013887,42.0,125.09499845013887,0.004189215035275695,0.008123512644268804
cycle,25.0,0.25,0.7,125.78637954076319,42.233333333333334,125.78637954076319,0.004201368828075314,0.008160491774843348
cycle,25.0,0.25,0.7,126.47772623834115,42.46666666666667,126.47772623834115,0.004213490933401842,0.008197433242485674
cycle,25.0,0.25,0.7,127.16903859141803,42.7,127.16903859141803,0.004225581606985607,0.008234337282019166
cycle,25.0,0.25,0.7,127.86031664819572,42.93333333333333,127.86031664819572,0.0042376411011100235,0.008271204125495646
cycle,25.0,0.25,0.7,128.5515604565371,43.166666666666664,128.5515604565371,0.0042496696646763255,0.00830803400224378
cycle,25.0,0.25,0.7,129.24277006397026,43.4,129.24277006397026,0.004261667543267178,0.008344827138915267
cycle,25.0,0.25,0.7,129.93394551769273,43.63333333333333,129.93394551769273,0.004273634979208296,0.008381583759530353
cycle,25.0,0.25,0.7,130.62508686457562,43.86666666666667,130.62508686457562,0.004285572211628952,0.008418304085522799
cycle,25.0,0.25,0.7,131.31619415116762,44.1,131.31619415116762,0.004297479476520705,0.008454988335782954
cycle,25.0,0.25,0.7,132.007267423699,44.333333333333336,132.007267423699,0.004309357006795245,0.008491636726700613
cycle,25.0,0.25,0.7,132.69830672808556,44.56666666666667,132.69830672808556,0.004321205032340125,0.00852824947220654
cycle,25.0,0.25,0.7,133.38931210993238,44.8,133.38931210993238,0.004333023780074163,0.008564826783813428
cycle,25.0,0.25,0.7,134.08028361453765,45.03333333333333,134.08028361453765,0.004344813474000286,0.008601368870655768
cycle,25.0,0.25,0.7,134.77122128689638,45.266666666666666,134.77122128689638,0.004356574335258823,0.008637875939528361
cycle,25.0,0.25,0.7,135.46212517170403,45.5,135.46212517170403,0.004368306582177683,0.008674348194925185
cycle,25.0,0.25,0.7,136.15299531336007,45.733333333333334,136.15299531336007,0.004380010430322989,0.008710785839076252
cycle,25.0,0.25,0.7,136.84383175597148,45.96666666666667,136.84383175597148,0.0043916860925478085,0.008747189071984462
cycle,25.0,0.25,0.7,137.5346345433563,46.2,137.5346345433563,0.004403333779039453,0.008783558091461141
cycle,25.0,0.25,0.7,138.22540371904697,46.43333333333333,138.22540371904697,0.004414953697366664,0.008819893093161335
cycle,25.0,0.25,0.7,138.9161393262936,46.666666666666664,138.9161393262936,0.0044265460525250155,0.00885619427061779
cycle,25.0,0.25,0.7,139.6068414080674,46.9,139.6068414080674,0.004438111046981441,0.00889246181527481
cycle,25.0,0.25,0.7,140.2975100070638,47.13333333333333,140.2975100070638,0.004449648880717638,0.008928695916521123
cycle,25.0,0.25,0.7,140.98814516570573,47.36666666666667,140.98814516570573,0.004461159751273258,0.008964896761721852
cycle,25.0,0.25,0.7,141.67874692614663,47.6,141.67874692614663,0.004472643853787206,0.00900106453625038
cycle,25.0,0.25,0.7,142.3693153302736,47.833333333333336,142.3693153302736,0.004484101381038164,0.009037199423518771
cycle,25.0,0.25,0.7,143.05985041971041,48.06666666666667,143.05985041971041,0.004495532523485224,0.009073301605008854
cycle,25.0,0.25,0.7,143.75035223582046,48.3,143.75035223582046,0.004506937469306305,0.00910937126030098
cycle,25.0,0.25,0.7,144.44082081970973,48.53333333333333,144.44082081970973,0.004518316404436451,0.009145408567103663
cycle,25.0,0.25,0.7,145.13125621222966,48.766666666666666,145.13125621222966,0.004529669512605361,0.009181413701281893
cycle,25.0,0.25,0.7,145.82165845397995,49.0,145.82165845397995,0.004540996975374023,0.009217386836885
cycle,25.0,0.25,0.7,146.51202758531136,49.233333333333334,146.51202758531136,0.004552298972170132,0.009253328146174189
cycle,25.0,0.25,0.7,147.2023636463285,49.46666666666667,147.2023636463285,0.004563575680323395,0.009289237799648964
cycle,25.0,0.25,0.7,147.89266667689253,49.7,147.89266667689253,0.004574827275099835,0.009325115966073994
cycle,25.0,0.25,0.7,148.58293671662372,49.93333333333333,148.58293671662372,0.004586053929735434,0.009360962812504536
cycle,25.0,0.25,0.7,149.27317380490416,50.166666666666664,149.27317380490416,0.00459725581546877,0.00939677850431142
cycle,25.0,0.25,0.7,149.96337798088032,50.4,149.96337798088032,0.004608433101573106,0.00943256320520669
cycle,25.0,0.25,0.7,150.65354928346557,50.63333333333333,150.65354928346557,0.004619585955388694,0.009468317077266919
cycle,25.0,0.25,0.7,151.3436877513427,50.86666666666667,151.3436877513427,0.004630714542352643,0.00950404028095786
cycle,25.0,0.25,0.7,152.0337934229664,51.1,152.0337934229664,0.004641819026029781,0.009539732975157422
cycle,25.0,0.25,0.7,152.72386633656558,51.333333333333336,152.72386633656558,0.004652899568142299,0.009575395317178437
cycle,25.0,0.25,0.7,153.41390653014585,51.56666666666667,153.41390653014585,0.004663956328598395,0.009611027462791633
cycle,25.0,0.25,0.7,154.1039140414919,51.8,154.1039140414919,0.004674989465521029,0.009646629566247511
cycle,25.0,0.25,0.7,154.79388890816966,52.03333333333333,154.79388890816966,0.004685999135275787,0.009682201780297883
cycle,25.0,0.25,0.7,155.48383116752876,52.266666666666666,155.48383116752876,0.004696985492497974,0.009717744256217187
cycle,25.0,0.25,0.7,156.17374085670465,52.5,156.17374085670465,0.004707948690119812,0.00975325714382369
cycle,25.0,0.25,0.7,156.8636180126209,52.733333333333334,156.8636180126209,0.004718888879396088,0.009788740591499367
cycle,25.0,0.25,0.7,157.55346267199127,52.96666666666667,157.55346267199127,0.004729806209930243,0.009824194746210324
cycle,25.0,0.25,0.7,158.24327487132197,53.2,158.24327487132197,0.0047407008296997954,0.009859619753526672
cycle,25.0,0.25,0.7,158.93305464691372,53.43333333333333,158.93305464691372,0.004751572885080324,0.009895015757641734
cycle,25.0,0.25,0.7,159.6228020348638,53.666666666666664,159.6228020348638,0.004762422520870779,0.009930382901391033
cycle,25.0,0.25,0.7,160.3125170710682,53.9,160.3125170710682,0.004773249880316022,0.009965721326270938
cycle,25.0,0.25,0.7,161.0021997912236,54.13333333333333,161.0021997912236,0.004784055105131135,0.010001031172457098
cycle,25.0,0.25,0.7,161.6918502308293,54.36666666666667,161.6918502308293,0.004794838335523854,0.010036312578822648
cycle,25.0,0.25,0.7,162.38146842518924,54.6,162.38146842518924,0.00480559971021699,0.010071565682955308
cycle,25.0,0.25,0.7,163.07105440941402,54.833333333333336,163.07105440941402,0.004816339366470634,0.010106790621175366
cycle,25.0,0.25,0.7,163.76060821842268,55.06666666666667,163.76060821842268,0.004827057440103144,0.010141987528552443
cycle,25.0,0.25,0.7,164.4501298869446,55.3,164.4501298869446,0.004837754065513344,0.01017715653892226
cycle,25.0,0.25,0.7,165.1396194495215,55.53333333333333,165.1396194495215,0.004848429375700181,0.01021229778490318
cycle,25.0,0.25,0.7,165.82907694050905,55.766666666666666,165.82907694050905,0.004859083502283923,0.01024741139791241
cycle,25.0,0.25,0.7,166.51850239407892,56.0,166.51850239407892,0.004869716575525707,0.010282497508181665
cycle,25.0,0.25,0.7,167.20789584422033,56.233333333333334,167.20789584422033,0.004880328724347294,0.010317556244773152
cycle,25.0,0.25,0.7,167.89725732474196,56.46666666666667,167.89725732474196,0.004890920076350613,0.010352587735594665
cycle,25.0,0.25,0.7,168.5865868692736,56.7,168.5865868692736,0.004901490757835969,0.0103875921074148
cycle,25.0,0.25,0.7,169.27588451126792,56.93333333333333,169.27588451126792,0.004912040893821357,0.010422569485877609
cycle,25.0,0.25,0.7,169.96515028400214,57.166666666666664,169.96515028400214,0.004922570608060339,0.010457519995517472
cycle,25.0,0.25,0.7,170.65438422057963,57.4,170.65438422057963,0.0049330800230599214,0.010492443759772985
cycle,25.0,0.25,0.7,171.34358635393164,57.63333333333333,171.34358635393164,0.00494356926009798,0.010527340901001492
cycle,25.0,0.25,0.7,172.03275671681888,57.86666666666667,172.03275671681888,0.004954038439241026,0.01056221154049286
cycle,25.0,0.25,0.7,172.72189534183306,58.1,172.72189534183306,0.00496448767936053,0.01059705579848258
cycle,25.0,0.25,0.7,173.41100226139858,58.333333333333336,173.41100226139858,0.004974917098149789,0.010631873794165969
cycle,25.0,0.25,0.7,174.10007750777396,58.56666666666667,174.10007750777396,0.004985326812140589,0.010666665645710616
cycle,25.0,0.25,0.7,174.78912111305345,58.8,174.78912111305345,0.0049957169367187415,0.010701431470269807
cycle,25.0,0.25,0.7,175.47813310916857,59.03333333333333,175.47813310916857,0.005006087586140073,0.010736171383994852
cycle,25.0,0.25,0.7,176.16711352788948,59.266666666666666,176.16711352788948,0.005016438873545859,0.0107708855020483
cycle,25.0,0.25,0.7,176.85606240082657,59.5,176.85606240082657,0.005026770910978251,0.010805573938615143
cycle,25.0,0.25,0.7,177.54497975943187,59.733333333333334,177.54497975943187,0.005037083809394827,0.010840236806915926
cycle,25.0,0.25,0.7,178.23386563500046,59.96666666666667,178.23386563500046,0.005047377678683684,0.010874874219218511
cycle,25.0,0.25,0.7,178.92272005867193,60.2,178.92272005867193,0.005057652627677434,0.010909486286849068
cycle,25.0,0.25,0.7,179.61154306143175,60.43333333333333,179.61154306143175,0.005067908764167739,0.0109440731202044
cycle,25.0,0.25,0.7,180.3003346741127,60.666666666666664,180.3003346741127,0.0050781461949191975,0.010978634828763267
cycle,25.0,0.25,0.7,180.9890949273961,60.9,180.9890949273961,0.005088365025682995,0.011013171521097043
cycle,25.0,0.25,0.7,181.67782385181337,61.13333333333333,181.67782385181337,0.005098565361210006,0.011047683304880929
cycle,25.0,0.25,0.7,182.3665214777471,61.36666666666667,182.3665214777471,0.0051087473052646715,0.011082170286904947
cycle,25.0,0.25,0.7,183.0551878354326,61.6,183.0551878354326,0.005118910960637546,0.011116632573084484
cycle,25.0,0.25,0.7,183.743822954959,61.833333333333336,183.743822954959,0.005129056429158396,0.01115107026847062
cycle,25.0,0.25,0.7,184.43242686627067,62.06666666666667,184.43242686627067,0.005139183811708303,0.011185483477260671
cycle,25.0,0.25,0.7,185.12099959916839,62.3,185.12099959916839,0.005149293208232653,0.011219872302808076
cycle,25.0,0.25,0.7,185.80954118331067,62.53333333333333,185.80954118331067,0.005159384717752569,0.011254236847632715
cycle,25.0,0.25,0.7,186.4980516482149,62.766666666666666,186.4980516482149,0.005169458438377572,0.011288577213430573
cycle,25.0,0.25,0.7,187.18653102325862,63.0,187.18653102325862,0.005179514467317015,0.011322893501083064
cycle,25.0,0.25,0.7,187.87497933768074,63.233333333333334,187.87497933768074,0.005189552900891292,0.011357185810667358
cycle,25.0,0.25,0.7,188.56339662058264,63.46666666666667,188.56339662058264,0.005199573834543836,0.011391454241465038
cycle,25.0,0.25,0.7,189.25178290092944,63.7,189.25178290092944,0.0052095773628521025,0.01142569889197187
cycle,25.0,0.25,0.7,189.94013820755106,63.93333333333333,189.94013820755106,0.005219563579538122,0.011459919859906353
cycle,25.0,0.25,0.7,190.62846256914344,64.16666666666667,190.62846256914344,0.005229532577479934,0.01149411724221927
cycle,25.0,0.25,0.7,191.31675601426966,64.4,191.31675601426966,0.0052394844487219094,0.011528291135102231
cycle,25.0,0.25,0.7,192.00501857136098,64.63333333333334,192.00501857136098,0.005249419284485191,0.011562441633996001
cycle,25.0,0.25,0.7,192.69325026871803,64.86666666666666,192.69325026871803,0.005259337175178347,0.011596568833600052
cycle,25.0,0.25,0.7,193.38145113451188,65.1,193.38145113451188,0.0052692382104069235,0.011630672827879884
cycle,25.0,0.25,0.7,194.06962119678508,65.33333333333333,194.06962119678508,0.0052791224789838775,0.011664753710076137
cycle,25.0,0.25,0.7,194.75776048345273,65.56666666666666,194.75776048345273,0.005288990068939348,0.011698811572712353
cycle,25.0,0.25,0.7,195.44586902230358,65.8,195.44586902230358,0.005298841067530091,0.01173284650760309
cycle,25.0,0.25,0.7,196.13394684100098,66.03333333333333,196.13394684100098,0.005308675561249143,0.01176685860586224
cycle,25.0,0.25,0.7,196.821993967084,66.26666666666667,196.821993967084,0.005318493635835253,0.011800847957910254
cycle,25.0,0.25,0.7,197.51001042796838,66.5,197.51001042796838,0.005328295376281766,0.01183481465348235
cycle,25.0,0.25,0.7,198.19799625094754,66.73333333333333,198.19799625094754,0.005338080866846062,0.011868758781635846
cycle,25.0,0.25,0.7,198.8859514631936,66.96666666666667,198.8859514631936,0.005347850191058323,0.011902680430757817
cycle,25.0,0.25,0.7,199.57387609175834,67.2,199.57387609175834,0.005357603431730418,0.011936579688572313
cycle,25.0,0.25,0.7,200.2617701635741,67.43333333333334,200.2617701635741,0.005367340670964338,0.011970456642147798
cycle,25.0,0.25,0.7,200.94963370545494,67.66666666666667,200.94963370545494,0.0053770619901606365,0.012004311377904253
cycle,25.0,0.25,0.7,201.6374667440973,67.9,201.6374667440973,0.00538676747002742,0.012038143981620064
cycle,25.0,0.25,0.7,202.32526930608117,68.13333333333334,202.32526930608117,0.005396457190588011,0.012071954538439456
cycle,25.0,0.25,0.7,203.01304141787085,68.36666666666666,203.01304141787085,0.005406131231189049,0.012105743132878821
cycle,25.0,0.25,0.7,203.70078310581601,68.6,203.70078310581601,0.00541578967050893,0.012139509848833718
cycle,25.0,0.25,0.7,204.38849439615248,68.83333333333333,204.38849439615248,0.00542543258656536,0.01217325476958575
cycle,25.0,0.25,0.7,205.07617531500318,69.06666666666666,205.07617531500318,0.005435060056723451,0.012206977977808897
cycle,25.0,0.25,0.7,205.76382588837902,69.3,205.76382588837902,0.0054446721577027235,0.01224067955557584
cycle,25.0,0.25,0.7,206.45144614217972,69.53333333333333,206.45144614217972,0.005454268965585318,0.012274359584364958
cycle,25.0,0.25,0.7,207.13903610219475,69.76666666666667,207.13903610219475,0.005463850555823102,0.012308018145065769
cycle,25.0,0.25,0.7,207.82659579410412,70.0,207.82659579410412,0.005473417003245107,0.012341655317986144
cycle,25.0,0.25,0.7,208.51412524347927,70.23333333333333,208.51412524347927,0.005482968382064413,0.012375271182857528
cycle,25.0,0.25,0.7,209.20162447578383,70.46666666666667,209.20162447578383,0.005492504765885697,0.012408865818841597
cycle,25.0,0.25,0.7,209.88909351637452,70.7,209.88909351637452,0.005502026227711787,0.012442439304535924
cycle,25.0,0.25,0.7,210.57653239050194,70.93333333333334,210.57653239050194,0.005511532839950983,0.012475991717979973
cycle,25.0,0.25,0.7,211.26394112331138,71.16666666666667,211.26394112331138,0.0055210246744233915,0.012509523136660983
cycle,25.0,0.25,0.7,211.95131973984363,71.4,211.95131973984363,0.005530501802367915,0.012543033637519296
cycle,25.0,0.25,0.7,212.6386682650357,71.63333333333334,212.6386682650357,0.005539964294448918,0.01257652329695469
cycle,25.0,0.25,0.7,213.3259867237217,71.86666666666666,213.3259867237217,0.005549412220762107,0.012609992190831143
cycle,25.0,0.25,0.7,214.0132751406336,72.1,214.0132751406336,0.00555884565084197,0.012643440394483063
cycle,25.0,0.25,0.7,214.70053354040186,72.33333333333333,214.70053354040186,0.005568264653666888,0.012676867982720053
cycle,25.0,0.25,0.7,215.38776194755638,72.56666666666666,215.38776194755638,0.005577669297666454,0.012710275029832907
cycle,25.0,0.25,0.7,216.07496038652712,72.8,216.07496038652712,0.005587059650726589,0.012743661609598389
cycle,25.0,0.25,0.7,216.76212888164488,73.03333333333333,216.76212888164488,0.005596435780196529,0.012777027795284446
cycle,25.0,0.25,0.7,217.44926745714204,73.26666666666667,217.44926745714204,0.005605797752894159,0.012810373659655871
cycle,25.0,0.25,0.7,218.13637613715326,73.5,218.13637613715326,0.0056151456351117846,0.012843699274978748
cycle,25.0,0.25,0.7,218.8234549457162,73.73333333333333,218.8234549457162,0.005624479492622569,0.012877004713025553
cycle,25.0,0.25,0.7,219.51050390677224,73.96666666666667,219.51050390677224,0.005633799390685534,0.012910290045080708
cycle,25.0,0.25,0.7,220.1975230441672,74.2,220.1975230441672,0.005643105394051551,0.012943555341944468
cycle,25.0,0.25,0.7,220.884512381652,74.43333333333334,220.884512381652,0.005652397566969114,0.012976800673938693
cycle,25.0,0.25,0.7,221.57147194288336,74.66666666666667,221.57147194288336,0.0056616759731890065,0.013010026110910733
cycle,25.0,0.25,0.7,222.2584017514245,74.9,222.2584017514245,0.005670940675970404,0.013043231722238646
cycle,25.0,0.25,0.7,222.94530183074573,75.13333333333334,222.94530183074573,0.005680191738086204,0.013076417576835864
cycle,25.0,0.25,0.7,223.6321722042253,75.36666666666666,223.6321722042253,0.00568942922182758,0.013109583743155406
cycle,25.0,0.25,0.7,224.3190128951498,75.6,224.3190128951498,0.005698653189009972,0.013142730289194438
cycle,25.0,0.25,0.7,225.00582392671507,75.83333333333333,225.00582392671507,0.0057078637009775335,0.013175857282499148
cycle,25.0,0.25,0.7,225.69260532202662,76.06666666666666,225.69260532202662,0.005717060818608566,0.01320896479016842
cycle,25.0,0.25,0.7,226.37935710410048,76.3,226.37935710410048,0.005726244602320296,0.013242052878858934
cycle,25.0,0.25,0.7,227.06607929586366,76.53333333333333,227.06607929586366,0.005735415112073983,0.01327512161478872
cycle,25.0,0.25,0.7,227.75277192015486,76.76666666666667,227.75277192015486,0.005744572407379245,0.013308171063742047
cycle,25.0,0.25,0.7,228.43943499972508,77.0,228.43943499972508,0.005753716547299392,0.013341201291072968
cycle,25.0,0.25,0.7,229.12606855723823,77.23333333333333,229.12606855723823,0.005762847590455755,0.01337421236170988
cycle,25.0,0.25,0.7,229.8126726152717,77.46666666666667,229.8126726152717,0.005771965595032347,0.013407204340159407
cycle,25.0,0.25,0.7,230.49924719631707,77.7,230.49924719631707,0.005781070618780637,0.013440177290510502
cycle,25.0,0.25,0.7,231.18579232278057,77.93333333333334,231.18579232278057,0.005790162719023884,0.013473131276438344
cycle,25.0,0.25,0.7,231.87230801698374,78.16666666666667,231.87230801698374,0.005799241952661571,0.013506066361208102
cycle,25.0,0.25,0.7,232.55879430116403,78.4,232.55879430116403,0.005808308376173965,0.013538982607679273
cycle,25.0,0.25,0.7,233.24525119747534,78.63333333333334,233.24525119747534,0.005817362045626107,0.013571880078308896
cycle,25.0,0.25,0.7,233.93167872798858,78.86666666666666,233.93167872798858,0.005826403016672588,0.013604758835155661
cycle,25.0,0.25,0.7,234.6180769146923,79.1,234.6180769146923,0.005835431344561104,0.013637618939883689
cycle,25.0,0.25,0.7,235.3044457794932,79.33333333333333,235.3044457794932,0.005844447084137228,0.013670460453765965
cycle,25.0,0.25,0.7,235.99078534421665,79.56666666666666,235.99078534421665,0.005853450289848294,0.01370328343768834
cycle,25.0,0.25,0.7,236.67709563060737,79.8,236.67709563060737,0.005862441015747288,0.013736087952152531
cycle,25.0,0.25,0.7,237.36337666032983,80.03333333333333,237.36337666032983,0.005871419315497062,0.013768874057280445
cycle,25.0,0.25,0.7,238.04962845496888,80.26666666666667,238.04962845496888,0.005880385242373998,0.013801641812816845
cycle,25.0,0.25,0.7,238.73585103603025,80.5,238.73585103603025,0.005889338849272452,0.013834391278133462
cycle,25.0,0.25,0.7,239.42204442494108,80.73333333333333,239.42204442494108,0.005898280188708083,0.0138671225122321
cycle,25.0,0.25,0.7,240.10820864305043,80.96666666666667,240.10820864305043,0.005907209312821515,0.013899835573748076
cycle,25.0,0.25,0.7,240.79434371162984,81.2,240.79434371162984,0.005916126273382782,0.013932530520953668
cycle,25.0,0.25,0.7,241.4804496518738,81.43333333333334,241.4804496518738,0.005925031121794433,0.013965207411761105
cycle,25.0,0.25,0.7,242.16652648490032,81.66666666666667,242.16652648490032,0.005933923909095418,0.013997866303726125
cycle,25.0,0.25,0.7,242.85257423175133,81.9,242.85257423175133,0.005942804685964642,0.014030507254051194
cycle,25.0,0.25,0.7,243.53859291339333,82.13333333333334,243.53859291339333,0.005951673502724408,0.01406313031958839
cycle,25.0,0.25,0.7,244.2245825507177,82.36666666666666,244.2245825507177,0.005960530409344078,0.014095735556842848
cycle,25.0,0.25,0.7,244.9105431645414,82.6,244.9105431645414,0.005969375455443626,0.014128323021975753
cycle,25.0,0.25,0.7,245.5964747756072,82.83333333333333,245.5964747756072,0.005978208690296749,0.014160892770807343
cycle,25.0,0.25,0.7,246.28237740458442,83.06666666666666,246.28237740458442,0.005987030162834639,0.014193444858820126
cycle,25.0,0.25,0.7,246.96825107206928,83.3,246.96825107206928,0.005995839921649093,0.014225979341161654
cycle,25.0,0.25,0.7,247.6540957985853,83.53333333333333,247.6540957985853,0.006004638014995511,0.014258496272647525
cycle,25.0,0.25,0.7,248.33991160458396,83.76666666666667,248.33991160458396,0.0060134244907968926,0.014290995707764598
cycle,25.0,0.25,0.7,249.02569851044495,84.0,249.02569851044495,0.006022199396646388,0.014323477700673437
cycle,25.0,0.25,0.7,249.71145653647682,84.23333333333333,249.71145653647682,0.006030962779810745,0.014355942305211644
cycle,25.0,0.25,0.7,250.3971857029173,84.46666666666667,250.3971857029173,0.006039714687233633,0.014388389574896077
cycle,25.0,0.25,0.7,251.08288602993383,84.7,251.08288602993383,0.006048455165538202,0.01442081956292629
cycle,25.0,0.25,0.7,251.7685575376239,84.93333333333334,251.7685575376239,0.006057184261030635,0.014453232322186982
cycle,25.0,0.25,0.7,252.45420024601566,85.16666666666667,252.45420024601566,0.00606590201970314,0.014485627905250764
cycle,25.0,0.25,0.7,253.13981417506818,85.4,253.13981417506818,0.006074608487236399,0.01451800636438072
cycle,25.0,0.25,0.7,253.82539934467204,85.63333333333334,253.82539934467204,0.00608330370900334,0.0145503677515334
cycle,25.0,0.25,0.7,254.51095577464966,85.86666666666666,254.51095577464966,0.006091987730071358,0.01458271211836104
cycle,25.0,0.25,0.7,255.19648348475576,86.1,255.19648348475576,0.0061006605952055315,0.014615039516214567
cycle,25.0,0.25,0.7,255.88198249467777,86.33333333333333,255.88198249467777,0.006109322348871293,0.01464734999614592
cycle,25.0,0.25,0.7,256.56745282403625,86.56666666666666,256.56745282403625,0.006117973035237645,0.014679643608910942
cycle,25.0,0.25,0.7,257.25289449238534,86.8,257.25289449238534,0.006126612698179157,0.014711920404971268
cycle,25.0,0.25,0.7,257.93830751921314,87.03333333333333,257.93830751921314,0.0061352413812796325,0.014744180434497434
cycle,25.0,0.25,0.7,258.6236919239421,87.26666666666667,258.6236919239421,0.006143859127833884,0.014776423747371092
cycle,25.0,0.25,0.7,259.3090477259295,87.5,259.3090477259295,0.006152465980851285,0.014808650393187461
cycle,25.0,0.25,0.7,259.99437494446767,87.73333333333333,259.99437494446767,0.0061610619830578806,0.014840860421257651
cycle,25.0,0.25,0.7,260.67967359878463,87.96666666666667,260.67967359878463,0.006169647176898829,0.01487305388061122
cycle,25.0,0.25,0.7,261.3649437080444,88.2,261.3649437080444,0.006178221604541845,0.014905230819998616
cycle,25.0,0.25,0.7,262.0501852913472,88.43333333333334,262.0501852913472,0.0061867853078787505,0.014937391287893065
cycle,25.0,0.25,0.7,262.73539836773017,88.66666666666667,262.73539836773017,0.006195338328528477,0.014969535332493344
cycle,25.0,0.25,0.7,263.42058295616744,88.9,263.42058295616744,0.006203880707839615,0.015001663001725785
cycle,25.0,0.25,0.7,264.10573907557074,89.13333333333334,264.10573907557074,0.006212412486892749,0.015033774343246598
cycle,25.0,0.25,0.7,264.79086674478964,89.36666666666666,264.79086674478964,0.006220933706503007,0.015065869404444321
cycle,25.0,0.25,0.7,265.47596598261197,89.6,265.47596598261197,0.006229444407222062,0.015097948232441705
cycle,25.0,0.25,0.7,266.1610368077642,89.83333333333333,266.1610368077642,0.00623794462934113,0.015130010874098043
cycle,25.0,0.25,0.7,266.8460792389118,90.06666666666666,266.8460792389118,0.006246434412892965,0.015162057376011284
cycle,25.0,0.25,0.7,267.53109329465957,90.3,267.53109329465957,0.0062549137976539715,0.01519408778452025
cycle,25.0,0.25,0.7,268.21607899355206,90.53333333333333,268.21607899355206,0.006263382823146979,0.015226102145706744
cycle,25.0,0.25,0.7,268.9010363540739,90.76666666666667,268.9010363540739,0.0062718415286432405,0.015258100505397443
cycle,25.0,0.25,0.7,269.58596539465003,91.0,269.58596539465003,0.006280289953164653,0.015290082909166447
cycle,25.0,0.25,0.7,270.2708661336464,91.23333333333333,270.2708661336464,0.006288728135486088,0.015322049402336724
cycle,25.0,0.25,0.7,270.9557385893699,91.46666666666667,270.9557385893699,0.006297156114137614,0.01535400002998244
cycle,25.0,0.25,0.7,271.640582780069,91.7,271.640582780069,0.006305573927406272,0.01538593483693107
cycle,25.0,0.25,0.7,272.325398723934,91.93333333333334,272.325398723934,0.006313981613338959,0.015417853867765174
cycle,25.0,0.25,0.7,273.0101864390972,92.16666666666667,273.0101864390972,0.006322379209743767,0.015449757166824396
cycle,25.0,0.25,0.7,273.6949459436336,92.4,273.6949459436336,0.006330766754192529,0.01548164477820746
cycle,25.0,0.25,0.7,274.3796772555609,92.63333333333334,274.3796772555609,0.006339144284022824,0.01551351674577428
cycle,25.0,0.25,0.7,275.06438039284006,92.86666666666666,275.06438039284006,0.006347511836340081,0.015545373113147298
cycle,25.0,0.25,0.7,275.7490553733754,93.1,275.7490553733754,0.006355869448019136,0.015577213923714028
cycle,25.0,0.25,0.7,276.4337022150152,93.33333333333333,276.4337022150152,0.006364217155707008,0.015609039220628396
cycle,25.0,0.25,0.7,277.11832093555176,93.56666666666666,277.11832093555176,0.006372554995824231,0.015640849046812844
cycle,25.0,0.25,0.7,277.8029115527219,93.8,277.8029115527219,0.006380883004567073,0.015672643444960332
cycle,25.0,0.25,0.7,278.48747408420724,94.03333333333333,278.48747408420724,0.006389201217909646,0.01570442245753556
cycle,25.0,0.25,0.7,279.17200854763445,94.26666666666667,279.17200854763445,0.00639750967160535,0.015736186126777296
cycle,25.0,0.25,0.7,279.85651496057557,94.5,279.85651496057557,0.006405808401189206,0.015767934494700042
cycle,25.0,0.25,0.7,280.5409933405484,94.73333333333333,280.5409933405484,0.006414097441979627,0.01579966760309559
cycle,25.0,0.25,0.7,281.22544370501686,94.96666666666667,281.22544370501686,0.006422376829079868,0.01583138549353469
cycle,25.0,0.25,0.7,281.90986607139104,95.2,281.90986607139104,0.006430646597380463,0.015863088207369147
cycle,25.0,0.25,0.7,282.5942604570277,95.43333333333334,282.5942604570277,0.0064389067815607826,0.015894775785733284
cycle,25.0,0.25,0.7,283.2786268792306,95.66666666666667,283.2786268792306,0.006447157416090699,0.01592644826954559
cycle,25.0,0.25,0.7,283.9629653552507,95.9,283.9629653552507,0.0064553985352325816,0.015958105699510394
cycle,25.0,0.25,0.7,284.64727590228637,96.13333333333334,284.64727590228637,0.006463630173042634,0.01598974811611964
cycle,25.0,0.25,0.7,285.33155853748394,96.36666666666666,285.33155853748394,0.006471852363373332,0.016021375559654216
cycle,25.0,0.25,0.7,286.0158132779378,96.6,286.0158132779378,0.006480065139874425,0.01605298807018607
cycle,25.0,0.25,0.7,286.70004014069076,96.83333333333333,286.70004014069076,0.006488268535995045,0.01608458568757909
cycle,25.0,0.25,0.7,287.38423914273426,97.06666666666666,287.38423914273426,0.006496462584985263,0.016116168451491664
cycle,25.0,0.25,0.7,288.0684103010087,97.3,288.0684103010087,0.0065046473198977495,0.01614773640137701
cycle,25.0,0.25,0.7,288.7525536324038,97.53333333333333,288.7525536324038,0.006512822773589555,0.016179289576485845
cycle,25.0,0.25,0.7,289.43666915375877,97.76666666666667,289.43666915375877,0.00652098897872333,0.016210828015867373
cycle,25.0,0.25,0.7,290.1207568818626,98.0,290.1207568818626,0.006529145967769545,0.016242351758370854
cycle,25.0,0.25,0.7,290.80481683345425,98.23333333333333,290.80481683345425,0.006537293773007491,0.016273860842646926
cycle,25.0,0.25,0.7,291.4888490252233,98.46666666666667,291.4888490252233,0.006545432426527165,0.016305355307149716
cycle,25.0,0.25,0.7,292.17285347380977,98.7,292.17285347380977,0.006553561960230714,0.016336835190137622
cycle,25.0,0.25,0.7,292.8568301958045,98.93333333333334,292.8568301958045,0.006561682405834324,0.016368300529675084
cycle,25.0,0.25,0.7,293.5407792077496,99.16666666666667,293.5407792077496,0.006569793794869105,0.01639975136363403
cycle,25.0,0.25,0.7,294.22470052613863,99.4,294.22470052613863,0.006577896158682983,0.016431187729695318
cycle,25.0,0.25,0.7,294.90859416741677,99.63333333333334,294.90859416741677,0.00658598952844236,0.01646260966534996
cycle,25.0,0.25,0.7,295.5924601479811,99.86666666666666,295.5924601479811,0.006594073935133116,0.01649401720790089
cycle,25.0,0.25,0.7,296.276298484181,100.1,296.276298484181,0.006602149409562608,0.01652541039446387
cycle,25.0,0.25,0.7,296.96010919231816,100.33333333333333,296.96010919231816,0.006610215982360668,0.01655678926196924
cycle,25.0,0.25,0.7,297.6438922886471,100.56666666666666,297.6438922886471,0.006618273683981046,0.01658815384716328
cycle,25.0,0.25,0.7,298.3276477893753,100.8,298.3276477893753,0.006626322544703522,0.01661950418660929
cycle,25.0,0.25,0.7,299.0113757106634,101.03333333333333,299.0113757106634,0.0066343625946341245,0.016650840316689175
cycle,25.0,0.25,0.7,299.6950760686255,101.26666666666667,299.6950760686255,0.006642393863707574,0.01668216227360453
cycle,25.0,0.25,0.7,300.37874887932935,101.5,300.37874887932935,0.006650416381688284,0.016713470093378202
cycle,25.0,0.25,0.7,301.0623941587968,101.73333333333333,301.0623941587968,0.0066584301781712485,0.016744763811855523
cycle,25.0,0.25,0.7,301.7460119230038,101.96666666666667,301.7460119230038,0.006666435282584371,0.016776043464705404
cycle,25.0,0.25,0.7,302.4296021878807,102.2,302.4296021878807,0.006674431724188801,0.016807309087421785
cycle,25.0,0.25,0.7,303.11316496931255,102.43333333333334,303.11316496931255,0.00668241953208093,0.01683856071532497
cycle,25.0,0.25,0.7,303.7967002831394,102.66666666666667,303.7967002831394,0.0066903987351933925,0.01686979838356273
cycle,25.0,0.25,0.7,304.48020814515627,102.9,304.48020814515627,0.006698369362296508,0.01690102212711153
cycle,25.0,0.25,0.7,305.1636885711137,103.13333333333334,305.1636885711137,0.00670633144199928,0.016932231980777646
cycle,25.0,0.25,0.7,305.8471415767178,103.36666666666666,305.8471415767178,0.006714285002750953,0.01696342797919892
cycle,25.0,0.25,0.7,306.5305671776304,103.6,306.5305671776304,0.006722230072842339,0.016994610156845225
cycle,25.0,0.25,0.7,307.21396538946965,103.83333333333333,307.21396538946965,0.006730166680406491,0.01702577854802012
cycle,25.0,0.25,0.7,307.8973362278098,104.06666666666666,307.8973362278098,0.006738094853420806,0.017056933186862078
cycle,25.0,0.25,0.7,308.58067970818155,104.3,308.58067970818155,0.006746014619707252,0.01708807410734514
cycle,25.0,0.25,0.7,309.2639958460726,104.53333333333333,309.2639958460726,0.006753926006934474,0.01711920134328082
cycle,25.0,0.25,0.7,309.9472846569274,104.76666666666667,309.9472846569274,0.00676182904261835,0.017150314928318644
cycle,25.0,0.25,0.7,310.6305461561478,105.0,310.6305461561478,0.006769723754123436,0.017181414895947378
cycle,25.0,0.25,0.7,311.31378035909273,105.23333333333333,311.31378035909273,0.006777610168664183,0.017212501279496584
cycle,25.0,0.25,0.7,311.99698728107904,105.46666666666667,311.99698728107904,0.006785488313306054,0.017243574112137283
cycle,25.0,0.25,0.7,312.6801669373812,105.7,312.6801669373812,0.006793358214966405,0.017274633426883068
cycle,25.0,0.25,0.7,313.3633193432319,105.93333333333334,313.3633193432319,0.0068012199004159335,0.017305679256591655
cycle,25.0,0.25,0.7,314.046444513822,106.16666666666667,314.046444513822,0.006809073396279786,0.01733671163396522
cycle,25.0,0.25,0.7,314.72954246430083,106.4,314.72954246430083,0.006816918729038557,0.01736773059155239
cycle,25.0,0.25,0.7,315.4126132097764,106.63333333333334,315.4126132097764,0.00682475592502918,0.017398736161748363
cycle,25.0,0.25,0.7,316.09565676531565,106.86666666666666,316.09565676531565,0.006832585010446701,0.017429728376796905
cycle,25.0,0.25,0.7,316.7786731459446,107.1,316.7786731459446,0.006840406011344502,0.017460707268790343
cycle,25.0,0.25,0.7,317.4616623666485,107.33333333333333,317.4616623666485,0.006848218953635854,0.017491672869671793
cycle,25.0,0.25,0.7,318.1446244423722,107.56666666666666,318.1446244423722,0.006856023863095029,0.017522625211235043
cycle,25.0,0.25,0.7,318.8275593880202,107.8,318.8275593880202,0.006863820765358186,0.017553564325126336
cycle,25.0,0.25,0.7,319.5104672184568,108.03333333333333,319.5104672184568,0.006871609685924374,0.017584490242845252
cycle,25.0,0.25,0.7,320.1933479485067,108.26666666666667,320.1933479485067,0.006879390650156414,0.017615402995745377
cycle,25.0,0.25,0.7,320.87620159295454,108.5,320.87620159295454,0.006887163683282571,0.017646302615035636
cycle,25.0,0.25,0.7,321.5590281665457,108.73333333333333,321.5590281665457,0.006894928810396772,0.017677189131781068
cycle,25.0,0.25,0.7,322.2418276839862,108.96666666666667,322.2418276839862,0.006902686056459939,0.01770806257690405
cycle,25.0,0.25,0.7,322.9246001599428,109.2,322.9246001599428,0.006910435446301211,0.017738922981184735
cycle,25.0,0.25,0.7,323.6073456090436,109.43333333333334,323.6073456090436,0.006918177004618387,0.01776977037526284
cycle,25.0,0.25,0.7,324.29006404587767,109.66666666666667,324.29006404587767,0.006925910755979592,0.017800604789637853
cycle,25.0,0.25,0.7,324.97275548499573,109.9,324.97275548499573,0.006933636724823278,0.017831426254670157
cycle,25.0,0.25,0.7,325.65541994091006,110.13333333333334,325.65541994091006,0.006941354935460331,0.017862234800582355
cycle,25.0,0.25,0.7,326.3380574280948,110.36666666666666,326.3380574280948,0.006949065412074074,0.01789303045745949
cycle,25.0,0.25,0.7,327.02066796098615,110.6,327.02066796098615,0.006956768178721595,0.01792381325525072
cycle,25.0,0.25,0.7,327.70325155398234,110.83333333333333,327.70325155398234,0.006964463259334641,0.017954583223769527
cycle,25.0,0.25,0.7,328.38580822144417,111.06666666666666,328.38580822144417,0.006972150677720501,0.01798534039269528
cycle,25.0,0.25,0.7,329.06833797769485,111.3,329.06833797769485,0.006979830457563119,0.018016084791573572
cycle,25.0,0.25,0.7,329.75084083702046,111.53333333333333,329.75084083702046,0.006987502622423425,0.018046816449817316
cycle,25.0,0.25,0.7,330.4333168136699,111.76666666666667,330.4333168136699,0.006995167195741003,0.018077535396707756
cycle,25.0,0.25,0.7,331.11576592185514,112.0,331.11576592185514,0.007002824200834312,0.01810824166139502
cycle,25.0,0.25,0.7,331.7981881757516,112.23333333333333,331.7981881757516,0.007010473660901795,0.018138935272899448
cycle,25.0,0.25,0.7,332.48058358949794,112.46666666666667,332.48058358949794,0.007018115599022878,0.01816961626011182
cycle,25.0,0.25,0.7,333.16295217719653,112.7,333.16295217719653,0.007025750038158862,0.018200284651794796
cycle,25.0,0.25,0.7,333.84529395291355,112.93333333333334,333.84529395291355,0.0070333770011532515,0.018230940476583357
cycle,25.0,0.25,0.7,334.52760893067915,113.16666666666667,334.52760893067915,0.0070409965107333106,0.018261583762986033
cycle,25.0,0.25,0.7,335.20989712448755,113.4,335.20989712448755,0.007048608589510397,0.01829221453938501
cycle,25.0,0.25,0.7,335.89215854829735,113.63333333333334,335.89215854829735,0.007056213259980959,0.018322832834037794
cycle,25.0,0.25,0.7,336.5743932160315,113.86666666666666,336.5743932160315,0.007063810544527427,0.01835343867507766
cycle,25.0,0.25,0.7,337.2566011415778,114.1,337.2566011415778,0.0070714004654187645,0.01838403209051409
cycle,25.0,0.25,0.7,337.93878233878866,114.33333333333333,337.93878233878866,0.007078983044811582,0.018414613108234223
cycle,25.0,0.25,0.7,338.6209368214815,114.56666666666666,338.6209368214815,0.007086558304750912,0.018445181756003293
cycle,25.0,0.25,0.7,339.303064603439,114.8,339.303064603439,0.007094126267170653,0.018475738061465297
cycle,25.0,0.25,0.7,339.98516569840893,115.03333333333333,339.98516569840893,0.007101686953894681,0.018506282052143996
cycle,25.0,0.25,0.7,340.6672401201047,115.26666666666667,340.6672401201047,0.0071092403866375165,0.018536813755443804
cycle,25.0,0.25,0.7,341.3492878822052,115.5,341.3492878822052,0.007116786587005208,0.018567333198650005
cycle,25.0,0.25,0.7,342.03130899835526,115.73333333333333,342.03130899835526,0.0071243255764958935,0.01859784040893009
cycle,25.0,0.25,0.7,342.7133034821655,115.96666666666667,342.7133034821655,0.007131857376500572,0.018628335413334307
cycle,25.0,0.25,0.7,343.3952713472126,116.2,343.3952713472126,0.007139382008303996,0.018658818238796337
cycle,25.0,0.25,0.7,344.07721260703966,116.43333333333334,344.07721260703966,0.007146899493085557,0.01868928891213406
cycle,25.0,0.25,0.7,344.759127275156,116.66666666666667,344.759127275156,0.007154409851919397,0.01871974746005023
cycle,25.0,0.25,0.7,345.44101536503763,116.9,345.44101536503763,0.007161913105775963,0.01875019390913335
cycle,25.0,0.25,0.7,346.1228768901272,117.13333333333334,346.1228768901272,0.0071694092755218986,0.01878062828585836
cycle,25.0,0.25,0.7,346.80471186383426,117.36666666666666,346.80471186383426,0.0071768983819214816,0.018811050616587166
cycle,25.0,0.25,0.7,347.4865202995353,117.6,347.4865202995353,0.007184380445636962,0.018841460927569775
cycle,25.0,0.25,0.7,348.16830221057404,117.83333333333333,348.16830221057404,0.007191855487229226,0.018871859244944278
cycle,25.0,0.25,0.7,348.8500576102615,118.06666666666666,348.8500576102615,0.007199323527158796,0.0189022455947383
cycle,25.0,0.25,0.7,349.5317865118762,118.3,349.5317865118762,0.007206784585785941,0.018932620002869327
cycle,25.0,0.25,0.7,350.2134889286641,118.53333333333333,350.2134889286641,0.00721423868337201,0.018962982495145275
cycle,25.0,0.25,0.7,350.8951648738391,118.76666666666667,350.8951648738391,0.007221685840079872,0.018993333097265586
cycle,25.0,0.25,0.7,351.576814360583,119.0,351.576814360583,0.007229126075974368,0.019023671834821232
cycle,25.0,0.25,0.7,352.25843740204544,119.23333333333333,352.25843740204544,0.007236559411023191,0.019053998733296162
cycle,25.0,0.25,0.7,352.94003401134444,119.46666666666667,352.94003401134444,0.0072439858650977795,0.019084313818067522
cycle,25.0,0.25,0.7,353.62160420156624,119.7,353.62160420156624,0.0072514054579732035,0.019114617114406318
cycle,25.0,0.25,0.7,354.3031479857656,119.93333333333334,354.3031479857656,0.0072588182093297204,0.019144908647477976
cycle,25.0,0.25,0.7,354.98466537696584,120.16666666666667,354.98466537696584,0.007266224138752997,0.01917518844234345
cycle,25.0,0.25,0.7,355.6661563881591,120.4,355.6661563881591,0.00727362326573433,0.019205456523959552
cycle,25.0,0.25,0.7,356.34762103230634,120.63333333333334,356.34762103230634,0.007281015609672314,0.019235712917179182
cycle,25.0,0.25,0.7,357.02905932233756,120.86666666666666,357.02905932233756,0.0072884011898723955,0.019265957646752874
cycle,25.0,0.25,0.7,357.7104712711519,121.1,357.7104712711519,0.007295780025548204,0.019296190737328578
cycle,25.0,0.25,0.7,358.39185689161786,121.33333333333333,358.39185689161786,0.007303152135821667,0.01932641221345277
cycle,25.0,0.25,0.7,359.07321619657336,121.56666666666666,359.07321619657336,0.007310517539724226,0.019356622099570897
cycle,25.0,0.25,0.7,359.7545491988258,121.8,359.7545491988258,0.0073178762561969535,0.01938682042002804
cycle,25.0,0.25,0.7,360.4358559111525,122.03333333333333,360.4358559111525,0.007325228304090992,0.01941700719906947
cycle,25.0,0.25,0.7,361.1171363463003,122.26666666666667,361.1171363463003,0.0073325737021688875,0.019447182460841317
cycle,25.0,0.25,0.7,361.7983905169862,122.5,361.7983905169862,0.0073399124691045925,0.0194773462293909
cycle,25.0,0.25,0.7,362.4796184358973,122.73333333333333,362.4796184358973,0.007347244623483906,0.019507498528667955
cycle,25.0,0.25,0.7,363.1608201156908,122.96666666666667,363.1608201156908,0.007354570183805809,0.019537639382524286
cycle,25.0,0.25,0.7,363.8419955689944,123.2,363.8419955689944,0.0073618891684822385,0.019567768814715447
cycle,25.0,0.25,0.7,364.52314480840613,123.43333333333334,364.52314480840613,0.007369201595839203,0.01959788684890018
cycle,25.0,0.25,0.7,365.2042678464948,123.66666666666667,365.2042678464948,0.00737650748411689,0.019627993508641972
cycle,25.0,0.25,0.7,365.88536469579986,123.9,365.88536469579986,0.0073838068514706645,0.019658088817409047
cycle,25.0,0.25,0.7,366.56643536883166,124.13333333333334,366.56643536883166,0.007391099715971405,0.019688172798574932
cycle,25.0,0.25,0.7,367.2474798780715,124.36666666666666,367.2474798780715,0.007398386095606058,0.01971824547541956
cycle,25.0,0.25,0.7,367.92849823597174,124.6,367.92849823597174,0.007405666008278189,0.01974830687112905
cycle,25.0,0.25,0.7,368.6094904549562,124.83333333333333,368.6094904549562,0.007412939471808544,0.01977835700879682
cycle,25.0,0.25,0.7,369.29045654741975,125.06666666666666,369.29045654741975,0.007420206503935489,0.019808395911424026
cycle,25.0,0.25,0.7,369.971396525729,125.3,369.971396525729,0.0074274671223159006,0.019838423601919786
cycle,25.0,0.25,0.7,370.65231040222204,125.53333333333333,370.65231040222204,0.007434721344525275,0.01986844010310229
cycle,25.0,0.25,0.7,371.3331981892087,125.76666666666667,371.3331981892087,0.007441969188058284,0.01989844543769881
cycle,25.0,0.25,0.7,372.0140598989707,126.0,372.0140598989707,0.0074492106703295535,0.01992843962834645
cycle,25.0,0.25,0.7,372.6948955437616,126.23333333333333,372.6948955437616,0.007456445808674106,0.019958422697592737
cycle,25.0,0.25,0.7,373.3757051358072,126.46666666666667,373.3757051358072,0.007463674620347693,0.019988394667896037
cycle,25.0,0.25,0.7,374.05648868730543,126.7,374.05648868730543,0.0074708971225275755,0.020018355561626122
cycle,25.0,0.25,0.7,374.7372462104265,126.93333333333334,374.7372462104265,0.007478113332312519,0.020048305401064503
cycle,25.0,0.25,0.7,375.41797771731314,127.16666666666667,375.41797771731314,0.00748532326672402,0.020078244208405427
cycle,25.0,0.25,0.7,376.09868322008055,127.4,376.09868322008055,0.00749252694270619,0.020108172005755764
cycle,25.0,0.25,0.7,376.7793627308166,127.63333333333334,376.7793627308166,0.007499724377126649,0.02013808881513579
cycle,25.0,0.25,0.7,377.46001626158204,127.86666666666666,377.46001626158204,0.007506915586776852,0.02016799465848007
cycle,25.0,0.25,0.7,378.14064382441035,128.1,378.14064382441035,0.007514100588372208,0.020197889557637017
cycle,25.0,0.25,0.7,378.8212454313081,128.33333333333334,378.8212454313081,0.007521279398553293,0.020227773534370552
cycle,25.0,0.25,0.7,379.5018210942551,128.56666666666666,379.5018210942551,0.007528452033885857,0.020257646610359448
cycle,25.0,0.25,0.7,380.18237082520415,128.8,380.18237082520415,0.007535618510861153,0.020287508807198762
cycle,25.0,0.25,0.7,380.8628946360815,129.03333333333333,380.8628946360815,0.007542778845897047,0.02031736014639962
cycle,25.0,0.25,0.7,381.54339253878686,129.26666666666668,381.54339253878686,0.0075499330553376875,0.020347200649390107
cycle,25.0,0.25,0.7,382.2238645451936,129.5,382.2238645451936,0.007557081155454504,0.0203770303375157
cycle,25.0,0.25,0.7,382.9043106671485,129.73333333333332,382.9043106671485,0.007564223162446537,0.020406849232039503
cycle,25.0,0.25,0.7,383.5847309164723,129.96666666666667,383.5847309164723,0.007571359092440666,0.020436657354143017
cycle,25.0,0.25,0.7,384.2651253049597,130.2,384.2651253049597,0.00757848896149238,0.020466454724926142
cycle,25.0,0.25,0.7,384.94549384437926,130.43333333333334,384.94549384437926,0.0075856127855862265,0.020496241365408396
cycle,25.0,0.25,0.7,385.6258365464736,130.66666666666666,385.6258365464736,0.007592730580635809,0.020526017296528365
cycle,25.0,0.25,0.7,386.30615342295954,130.9,386.30615342295954,0.007599842362484788,0.02055578253914525
cycle,25.0,0.25,0.7,386.9864444855284,131.13333333333333,386.9864444855284,0.007606948146906878,0.020585537114038543
cycle,25.0,0.25,0.7,387.66670974584576,131.36666666666667,387.66670974584576,0.007614047949606628,0.020615281041908462
cycle,25.0,0.25,0.7,388.3469492155517,131.6,388.3469492155517,0.007621141786219421,0.020645014343377066
cycle,25.0,0.25,0.7,389.027162906261,131.83333333333334,389.027162906261,0.007628229672312359,0.020674737038987923
cycle,25.0,0.25,0.7,389.7073508295631,132.06666666666666,389.7073508295631,0.007635311623384378,0.020704449149207105
cycle,25.0,0.25,0.7,390.38751299702227,132.3,390.38751299702227,0.007642387654867022,0.020734150694423192
cycle,25.0,0.25,0.7,391.06764942017776,132.53333333333333,391.06764942017776,0.007649457782124225,0.02076384169494816
cycle,25.0,0.25,0.7,391.7477601105438,132.76666666666668,391.7477601105438,0.007656522020453194,0.020793522171017376
cycle,25.0,0.25,0.7,392.42784507960977,133.0,392.42784507960977,0.007663580385084967,0.02082319214279016
cycle,25.0,0.25,0.7,393.1079043388402,133.23333333333332,393.1079043388402,0.007670632891184304,0.020852851630350444
cycle,25.0,0.25,0.7,393.78793789967517,133.46666666666667,393.78793789967517,0.007677679553850458,0.02088250065370678
cycle,25.0,0.25,0.7,394.4679457735299,133.7,394.4679457735299,0.007684720388117405,0.020912139232793114
cycle,25.0,0.25,0.7,395.14792797179524,133.93333333333334,395.14792797179524,0.007691755408954393,0.020941767387469
cycle,25.0,0.25,0.7,395.82788450583774,134.16666666666666,395.82788450583774,0.0076987846312661645,0.02097138513752006
cycle,25.0,0.25,0.7,396.5078153869996,134.4,396.5078153869996,0.007705808069893516,0.02100099250265841
cycle,25.0,0.25,0.7,397.18772062659883,134.63333333333333,397.18772062659883,0.007712825739613516,0.0210305895025229
cycle,25.0,0.25,0.7,397.86760023592933,134.86666666666667,397.86760023592933,0.0077198376551399495,0.021060176156679877
cycle,25.0,0.25,0.7,398.54745422626104,135.1,398.54745422626104,0.007726843831123764,0.02108975248462308
cycle,25.0,0.25,0.7,399.22728260884,135.33333333333334,399.22728260884,0.0077338442821534015,0.021119318505774642
cycle,25.0,0.25,0.7,399.9070853948885,135.56666666666666,399.9070853948885,0.0077408390227550194,0.02114887423948486
cycle,25.0,0.25,0.7,400.58686259560494,135.8,400.58686259560494,0.00774782806739327,0.02117841970503298
cycle,25.0,0.25,0.7,401.26661422216426,136.03333333333333,401.26661422216426,0.007754811430471076,0.021207954921627525
cycle,25.0,0.25,0.7,401.9463402857178,136.26666666666668,401.9463402857178,0.007761789126330743,0.02123747990840663
cycle,25.0,0.25,0.7,402.62604079739344,136.5,402.62604079739344,0.007768761169253624,0.021266994684438267
cycle,25.0,0.25,0.7,403.30571576829584,136.73333333333332,403.30571576829584,0.007775727573460678,0.021296499268720792
cycle,25.0,0.25,0.7,403.9853652095063,136.96666666666667,403.9853652095063,0.007782688353113021,0.02132599368018362
cycle,25.0,0.25,0.7,404.664989132083,137.2,404.664989132083,0.007789643522312373,0.021355477937686773
cycle,25.0,0.25,0.7,405.344587547061,137.43333333333334,405.344587547061,0.0077965930951009454,0.02138495206002211
cycle,25.0,0.25,0.7,406.0241604654524,137.66666666666666,406.0241604654524,0.007803537085461998,0.021414416065913322
cycle,25.0,0.25,0.7,406.7037078982464,137.9,406.7037078982464,0.007810475507320502,0.02144386997401615
cycle,25.0,0.25,0.7,407.38322985640946,138.13333333333333,407.38322985640946,0.007817408374543144,0.021473313802918836
cycle,25.0,0.25,0.7,408.0627263508852,138.36666666666667,408.0627263508852,0.007824335700938434,0.0215027475711429
cycle,25.0,0.25,0.7,408.74219739259473,138.6,408.74219739259473,0.007831257500257816,0.02153217129714291
cycle,25.0,0.25,0.7,409.42164299243655,138.83333333333334,409.42164299243655,0.007838173786195224,0.02156158499930705
cycle,25.0,0.25,0.7,410.1010631612867,139.06666666666666,410.1010631612867,0.007845084572387861,0.021590988695957547
cycle,25.0,0.25,0.7,410.78045790999886,139.3,410.78045790999886,0.00785198987241631,0.021620382405351024
cycle,25.0,0.25,0.7,411.45982724940444,139.53333333333333,411.45982724940444,0.007858889699805083,0.021649766145678595
cycle,25.0,0.25,0.7,412.1391711903126,139.76666666666668,412.1391711903126,0.00786578406802263,0.02167913993506676
cycle,25.0,0.25,0.7,412.81848974351044,140.0,412.81848974351044,0.00787267299048211,0.02170850379157696
cycle,25.0,0.25,0.7,413.497782919763,140.23333333333332,413.497782919763,0.007879556480541283,0.0217378577332068
cycle,25.0,0.25,0.7,414.17705072981335,140.46666666666667,414.17705072981335,0.007886434551502952,0.02176720177788949
cycle,25.0,0.25,0.7,414.85629318438276,140.7,414.85629318438276,0.007893307216615408,0.021796535943494844
cycle,25.0,0.25,0.7,415.5355102941707,140.93333333333334,415.5355102941707,0.007900174489072653,0.02182586024782951
cycle,25.0,0.25,0.7,416.21470206985487,141.16666666666666,416.21470206985487,0.007907036382014843,0.02185517470863696
cycle,25.0,0.25,0.7,416.8938685220914,141.4,416.8938685220914,0.007913892908528064,0.021884479343598162
cycle,25.0,0.25,0.7,417.5730096615149,141.63333333333333,417.5730096615149,0.00792074408164567,0.02191377417033169
cycle,25.0,0.25,0.7,418.2521254987385,141.86666666666667,418.2521254987385,0.007927589914347388,0.021943059206394278
cycle,25.0,0.25,0.7,418.931216044354,142.1,418.931216044354,0.007934430419560545,0.02197233446928082
cycle,25.0,0.25,0.7,419.6102813089318,142.33333333333334,419.6102813089318,0.007941265610159842,0.022001599976424924
cycle,25.0,0.25,0.7,420.2893213030212,142.56666666666666,420.2893213030212,0.007948095498968022,0.022030855745199474
cycle,25.0,0.25,0.7,420.96833603715027,142.8,420.96833603715027,0.007954920098755869,0.022060101792916176
cycle,25.0,0.25,0.7,421.6473255218261,143.03333333333333,421.6473255218261,0.007961739422242542,0.022089338136826564
cycle,25.0,0.25,0.7,422.3262897675347,143.26666666666668,422.3262897675347,0.007968553482096019,0.02211856479412222
cycle,25.0,0.25,0.7,423.00522878474135,143.5,423.00522878474135,0.007975362290933319,0.02214778178193466
cycle,25.0,0.25,0.7,423.6841425838903,143.73333333333332,423.6841425838903,0.007982165861320833,0.022176989117336232
cycle,25.0,0.25,0.7,424.36303117540524,143.96666666666667,424.36303117540524,0.00798896420577433,0.022206186817339768
cycle,25.0,0.25,0.7,425.0418945696891,144.2,425.0418945696891,0.007995757336759612,0.022235374898899707
cycle,25.0,0.25,0.7,425.7207327771241,144.43333333333334,425.7207327771241,0.008002545266692751,0.022264553378911422
cycle,25.0,0.25,0.7,426.39954580807216,144.66666666666666,426.39954580807216,0.008009328007940075,0.022293722274212335
cycle,25.0,0.25,0.7,427.07833367287463,144.9,427.07833367287463,0.008016105572818732,0.02232288160158169
cycle,25.0,0.25,0.7,427.75709638185253,145.13333333333333,427.75709638185253,0.008022877973596798,0.022352031377741444
cycle,25.0,0.25,0.7,428.43583394530657,145.36666666666667,428.43583394530657,0.008029645222493609,0.02238117161935571
cycle,25.0,0.25,0.7,429.11454637351727,145.6,429.11454637351727,0.008036407331680206,0.02241030234303165
cycle,25.0,0.25,0.7,429.793233676745,145.83333333333334,429.793233676745,0.008043164313279338,0.022439423565319805
cycle,25.0,0.25,0.7,430.47189586522995,146.06666666666666,430.47189586522995,0.00804991617936568,0.022468535302713977
cycle,25.0,0.25,0.7,431.1505329491925,146.3,431.1505329491925,0.008056662941966497,0.022497637571651796
cycle,25.0,0.25,0.7,431.82914493883294,146.53333333333333,431.82914493883294,0.008063404613061542,0.02252673038851505
cycle,25.0,0.25,0.7,432.50773184433183,146.76666666666668,432.50773184433183,0.008070141204583381,0.022555813769629673
cycle,25.0,0.25,0.7,433.18629367584987,147.0,433.18629367584987,0.008076872728417839,0.022584887731266323
cycle,25.0,0.25,0.7,433.8648304435281,147.23333333333332,433.8648304435281,0.008083599196404001,0.02261395228964047
cycle,25.0,0.25,0.7,434.54334215748787,147.46666666666667,434.54334215748787,0.008090320620334768,0.022643007460912856
cycle,25.0,0.25,0.7,435.221828827831,147.7,435.221828827831,0.008097037011956743,0.022672053261189484
cycle,25.0,0.25,0.7,435.9002904646398,147.93333333333334,435.9002904646398,0.008103748382970788,0.022701089706522293
cycle,25.0,0.25,0.7,436.57872707797713,148.16666666666666,436.57872707797713,0.008110454745032136,0.022730116812908818
cycle,25.0,0.25,0.7,437.2571386778866,148.4,437.2571386778866,0.008117156109750723,0.022759134596293196
cycle,25.0,0.25,0.7,437.9355252743924,148.63333333333333,437.9355252743924,0.008123852488691408,0.022788143072566047
cycle,25.0,0.25,0.7,438.6138868774995,148.86666666666667,438.6138868774995,0.008130543893373865,0.022817142257564482
cycle,25.0,0.25,0.7,439.29222349719385,149.1,439.29222349719385,0.008137230335273693,0.022846132167072986
cycle,25.0,0.25,0.7,439.9705351434422,149.33333333333334,439.9705351434422,0.008143911825821748,0.022875112816823084
cycle,25.0,0.25,0.7,440.6488218261923,149.56666666666666,440.6488218261923,0.00815058837640481,0.022904084222493903
cycle,25.0,0.25,0.7,441.32708355537306,149.8,441.32708355537306,0.008157259998365807,0.022933046399712387
cycle,25.0,0.25,0.7,442.0053203408944,150.03333333333333,442.0053203408944,0.008163926703004032,0.022961999364053742
cycle,25.0,0.25,0.7,442.6835321926475,150.26666666666668,442.6835321926475,0.008170588501575482,0.02299094313104122
cycle,25.0,0.25,0.7,443.36171912050463,150.5,443.36171912050463,0.008177245405292632,0.023019877716146775
cycle,25.0,0.25,0.7,444.0398811343196,150.73333333333332,444.0398811343196,0.008183897425325326,0.023048803134791185
cycle,25.0,0.25,0.7,444.71801824392753,150.96666666666667,444.71801824392753,0.008190544572800551,0.023077719402344266
cycle,25.0,0.25,0.7,445.39613045914496,151.2,445.39613045914496,0.008197186858802885,0.023106626534125208
cycle,25.0,0.25,0.7,446.07421778976993,151.43333333333334,446.07421778976993,0.008203824294374384,0.023135524545402686
cycle,25.0,0.25,0.7,446.7522802455821,151.66666666666666,446.7522802455821,0.008210456890515472,0.023164413451395305
cycle,25.0,0.25,0.7,447.43031783634274,151.9,447.43031783634274,0.008217084658184493,0.023193293267271597
cycle,25.0,0.25,0.7,448.1083305717949,152.13333333333333,448.1083305717949,0.008223707608298048,0.02322216400815058
cycle,25.0,0.25,0.7,448.78631846166337,152.36666666666667,448.78631846166337,0.008230325751731882,0.023251025689101534
cycle,25.0,0.25,0.7,449.46428151565476,152.6,449.46428151565476,0.008236939099320106,0.023279878325144776
cycle,25.0,0.25,0.7,450.14221974345764,152.83333333333334,450.14221974345764,0.008243547661856199,0.02330872193125144
cycle,25.0,0.25,0.7,450.82013315474245,153.06666666666666,450.82013315474245,0.008250151450092558,0.02333755652234404
cycle,25.0,0.25,0.7,451.49802175916176,153.3,451.49802175916176,0.008256750474741614,0.023366382113296447
cycle,25.0,0.25,0.7,452.17588556635013,153.53333333333333,452.17588556635013,0.008263344746475054,0.023395198718934473
cycle,25.0,0.25,0.7,452.85372458592434,153.76666666666668,452.85372458592434,0.008269934275924706,0.023424006354035742
cycle,25.0,0.25,0.7,453.53153882748336,154.0,453.53153882748336,0.008276519073682431,0.023452805033329804
cycle,25.0,0.25,0.7,454.20932830060843,154.23333333333332,454.20932830060843,0.008283099150300566,0.023481594771499137
cycle,25.0,0.25,0.7,454.8870930148632,154.46666666666667,454.8870930148632,0.008289674516291923,0.023510375583178256
cycle,25.0,0.25,0.7,455.56483297979355,154.7,455.56483297979355,0.008296245182130124,0.02353914748295516
cycle,25.0,0.25,0.7,456.24254820492797,154.93333333333334,456.24254820492797,0.008302811158249712,0.023567910485370325
cycle,25.0,0.25,0.7,456.9202386997774,155.16666666666666,456.9202386997774,0.008309372455046371,0.02359666460491805
cycle,25.0,0.25,0.7,457.59790447383546,155.4,457.59790447383546,0.00831592908287715,0.023625409856045665
cycle,25.0,0.25,0.7,458.2755455365782,155.63333333333333,458.2755455365782,0.008322481052060904,0.02365414625315465
cycle,25.0,0.25,0.7,458.95316189746455,155.86666666666667,458.95316189746455,0.008329028372877856,0.023682873810600302
cycle,25.0,0.25,0.7,459.6307535659361,156.1,459.6307535659361,0.00833557105557059,0.02371159254269195
cycle,25.0,0.25,0.7,460.30832055141735,156.33333333333334,460.30832055141735,0.00834210911034372,0.02374030246369352
cycle,25.0,0.25,0.7,460.9858628633155,156.56666666666666,460.9858628633155,0.008348642547364227,0.023769003587823523
cycle,25.0,0.25,0.7,461.6633805110209,156.8,461.6633805110209,0.00835517137676145,0.02379769592925518
cycle,25.0,0.25,0.7,462.34087350390666,157.03333333333333,462.34087350390666,0.008361695608627762,0.023826379502116746
cycle,25.0,0.25,0.7,463.0183418513291,157.26666666666668,463.0183418513291,0.008368215253018563,0.023855054320491842
cycle,25.0,0.25,0.7,463.6957855626277,157.5,463.6957855626277,0.00837473031995195,0.023883720398419572
cycle,25.0,0.25,0.7,464.37320464712485,157.73333333333332,464.37320464712485,0.00838124081940983,0.02391237774989441
cycle,25.0,0.25,0.7,465.0505991141263,157.96666666666667,465.0505991141263,0.008387746761337356,0.02394102638886686
cycle,25.0,0.25,0.7,465.7279689729212,158.2,465.7279689729212,0.00839424815564338,0.02396966632924369
cycle,25.0,0.25,0.7,466.4053142327818,158.43333333333334,466.4053142327818,0.008400745012200672,0.023998297584887807
cycle,25.0,0.25,0.7,467.08263490296383,158.66666666666666,467.08263490296383,0.008407237340846252,0.024026920169618382
cycle,25.0,0.25,0.7,467.75993099270653,158.9,467.75993099270653,0.008413725151381168,0.024055534097211506
cycle,25.0,0.25,0.7,468.4372025112325,159.13333333333333,468.4372025112325,0.008420208453570943,0.024084139381400083
cycle,25.0,0.25,0.7,469.11444946774805,159.36666666666667,469.11444946774805,0.008426687257145904,0.02411273603587405
cycle,25.0,0.25,0.7,469.79167187144293,159.6,469.79167187144293,0.008433161571800962,0.024141324074280823
cycle,25.0,0.25,0.7,470.46886973149066,159.83333333333334,470.46886973149066,0.008439631407195947,0.024169903510224966
cycle,25.0,0.25,0.7,471.1460430570485,160.06666666666666,471.1460430570485,0.008446096772956269,0.024198474357269073
cycle,25.0,0.25,0.7,471.8231918572573,160.3,471.8231918572573,0.008452557678672146,0.024227036628933107
cycle,25.0,0.25,0.7,472.50031614124197,160.53333333333333,472.50031614124197,0.0084590141338996,0.02425559033869573
cycle,25.0,0.25,0.7,473.17741591811114,160.76666666666668,473.17741591811114,0.008465466148160239,0.024284135499993198
cycle,25.0,0.25,0.7,473.85449119695744,161.0,473.85449119695744,0.008471913730941694,0.02431267212622068
cycle,25.0,0.25,0.7,474.5315419868574,161.23333333333332,474.5315419868574,0.008478356891697403,0.02434120023073183
cycle,25.0,0.25,0.7,475.2085682968717,161.46666666666667,475.2085682968717,0.008484795639846943,0.024369719826838998
cycle,25.0,0.25,0.7,475.88557013604503,161.7,475.88557013604503,0.008491229984776583,0.02439823092781357
cycle,25.0,0.25,0.7,476.56254751340623,161.93333333333334,476.56254751340623,0.008497659935838953,0.024426733546886403
cycle,25.0,0.25,0.7,477.23950043796833,162.16666666666666,477.23950043796833,0.008504085502353154,0.024455227697247284
cycle,25.0,0.25,0.7,477.9164289187286,162.4,477.9164289187286,0.008510506693605535,0.024483713392045803
cycle,25.0,0.25,0.7,478.59333296466866,162.63333333333333,478.59333296466866,0.008516923518849251,0.024512190644391363
cycle,25.0,0.25,0.7,479.2702125847544,162.86666666666667,479.2702125847544,0.008523335987304703,0.024540659467353176
cycle,25.0,0.25,0.7,479.94706778793613,163.1,479.94706778793613,0.008529744108159765,0.0245691198739606
cycle,25.0,0.25,0.7,480.6238985831487,163.33333333333334,480.6238985831487,0.008536147890569667,0.024597571877203128
cycle,25.0,0.25,0.7,481.3007049793112,163.56666666666666,481.3007049793112,0.008542547343657225,0.02462601549003085
cycle,25.0,0.25,0.7,481.97748698532763,163.8,481.97748698532763,0.0085489424765135,0.02465445072535455
cycle,25.0,0.25,0.7,482.6542446100863,164.03333333333333,482.6542446100863,0.008555333298197132,0.024682877596045705
cycle,25.0,0.25,0.7,483.3309778624604,164.26666666666668,483.3309778624604,0.008561719817735236,0.024711296114936943
cycle,25.0,0.25,0.7,484.0076867513075,164.5,484.0076867513075,0.00856810204412295,0.024739706294821806
cycle,25.0,0.25,0.7,484.68437128547026,164.73333333333332,484.68437128547026,0.008574479986324213,0.024768108148455314
cycle,25.0,0.25,0.7,485.36103147377594,164.96666666666667,485.36103147377594,0.008580853653271325,0.024796501688554184
cycle,25.0,0.25,0.7,486.03766732503664,165.2,486.03766732503664,0.00858722305386539,0.024824886927796386
cycle,25.0,0.25,0.7,486.71427884804945,165.43333333333334,486.71427884804945,0.008593588196976643,0.02485326387882214
cycle,25.0,0.25,0.7,487.3908660515964,165.66666666666666,487.3908660515964,0.008599949091444237,0.02488163255423348
cycle,25.0,0.25,0.7,488.06742894444443,165.9,488.06742894444443,0.00860630574607657,0.024909992966594685
cycle,25.0,0.25,0.7,488.7439675353456,166.13333333333333,488.7439675353456,0.00861265816965151,0.024938345128432404
cycle,25.0,0.25,0.7,489.42048183303694,166.36666666666667,489.42048183303694,0.008619006370916393,0.024966689052235758
cycle,25.0,0.25,0.7,490.09697184624076,166.6,490.09697184624076,0.008625350358588246,0.024995024750456674
cycle,25.0,0.25,0.7,490.7734375836644,166.83333333333334,490.7734375836644,0.008631690141353898,0.025023352235509666
cycle,25.0,0.25,0.7,491.44987905400063,167.06666666666666,491.44987905400063,0.008638025727870313,0.025051671519772722
cycle,25.0,0.25,0.7,492.1262962659273,167.3,492.1262962659273,0.00864435712676448,0.025079982615586416
cycle,25.0,0.25,0.7,492.8026892281076,167.53333333333333,492.8026892281076,0.00865068434663352,0.025108285535255237
cycle,25.0,0.25,0.7,493.4790579491903,167.76666666666668,493.4790579491903,0.008657007396045135,0.025136580291046817
cycle,25.0,0.25,0.7,494.1554024378093,168.0,494.1554024378093,0.008663326283537609,0.025164866895192595
cycle,25.0,0.25,0.7,494.8317227025842,168.23333333333332,494.8317227025842,0.0086696410176198,0.025193145359887814
cycle,25.0,0.25,0.7,495.50801875211994,168.46666666666667,495.50801875211994,0.00867595160677137,0.025221415697291527
cycle,25.0,0.25,0.7,496.1842905950071,168.7,496.1842905950071,0.008682258059443226,0.025249677919527147
cycle,25.0,0.25,0.7,496.86053823982184,168.93333333333334,496.86053823982184,0.008688560384057187,0.025277932038682227
cycle,25.0,0.25,0.7,497.5367616951259,169.16666666666666,497.5367616951259,0.008694858589006205,0.025306178066808904
cycle,25.0,0.25,0.7,498.21296096946685,169.4,498.21296096946685,0.008701152682654811,0.0253344160159239
cycle,25.0,0.25,0.7,498.88913607137783,169.63333333333333,498.88913607137783,0.008707442673339227,0.025362645898008518
cycle,25.0,0.25,0.7,499.56528700937787,169.86666666666667,499.56528700937787,0.008713728569366919,0.025390867725009203
cycle,25.0,0.25,0.7,500.2414137919718,170.1,500.2414137919718,0.008720010379017484,0.025419081508837205
cycle,25.0,0.25,0.7,500.9175164276503,170.33333333333334,500.9175164276503,0.008726288110542324,0.025447287261369134
cycle,25.0,0.25,0.7,501.59359492488994,170.56666666666666,501.59359492488994,0.00873256177216497,0.025475484994446962
cycle,25.0,0.25,0.7,502.2696492921533,170.8,502.2696492921533,0.008738831372081202,0.025503674719878133
cycle,25.0,0.25,0.7,502.9456795378889,171.03333333333333,502.9456795378889,0.008745096918458817,0.025531856449435786
cycle,25.0,0.25,0.7,503.6216856705314,171.26666666666668,503.6216856705314,0.008751358419438526,0.025560030194858863
cycle,25.0,0.25,0.7,504.2976676985014,171.5,504.2976676985014,0.008757615883133396,0.025588195967852112
cycle,25.0,0.25,0.7,504.97362563020573,171.73333333333332,504.97362563020573,0.00876386931762907,0.025616353780086643
cycle,25.0,0.25,0.7,505.64955947403735,171.96666666666667,505.64955947403735,0.008770118730984433,0.02564450364319948
cycle,25.0,0.25,0.7,506.32546923837543,172.2,506.32546923837543,0.008776364131231063,0.02567264556879434
cycle,25.0,0.25,0.7,507.0013549315854,172.43333333333334,507.0013549315854,0.008782605526373777,0.0257007795684413
cycle,25.0,0.25,0.7,507.67721656201905,172.66666666666666,507.67721656201905,0.008788842924390416,0.025728905653677137
cycle,25.0,0.25,0.7,508.3530541380144,172.9,508.3530541380144,0.008795076333232399,0.02575702383600542
cycle,25.0,0.25,0.7,509.0288676678959,173.13333333333333,509.0288676678959,0.008801305760824607,0.025785134126896758
cycle,25.0,0.25,0.7,509.7046571599745,173.36666666666667,509.7046571599745,0.0088075312150655,0.025813236537788664
cycle,25.0,0.25,0.7,510.3804226225475,173.6,510.3804226225475,0.008813752703827116,0.025841331080086127
cycle,25.0,0.25,0.7,511.05616406389873,173.83333333333334,511.05616406389873,0.008819970234955732,0.025869417765161273
cycle,25.0,0.25,0.7,511.73188149229867,174.06666666666666,511.73188149229867,0.008826183816271094,0.02589749660435392
cycle,25.0,0.25,0.7,512.4075749160043,174.3,512.4075749160043,0.008832393455567411,0.025925567608971578
cycle,25.0,0.25,0.7,513.083244343259,174.53333333333333,513.083244343259,0.008838599160613025,0.025953630790289228
cycle,25.0,0.25,0.7,513.7588897822934,174.76666666666668,513.7588897822934,0.008844800939150521,0.025981686159549988
cycle,25.0,0.25,0.7,514.4345112413243,175.0,514.4345112413243,0.008850998798897058,0.026009733727965112
cycle,25.0,0.25,0.7,515.1101087285556,175.23333333333332,515.1101087285556,0.008857192747544373,0.02603777350671377
cycle,25.0,0.25,0.7,515.7856822521776,175.46666666666667,515.7856822521776,0.008863382792758778,0.026065805506943818
cycle,25.0,0.25,0.7,516.4612318203679,175.7,516.4612318203679,0.008869568942181494,0.026093829739771146
cycle,25.0,0.25,0.7,517.1367574412905,175.93333333333334,517.1367574412905,0.008875751203428539,0.026121846216280553
cycle,25.0,0.25,0.7,517.8122591230966,176.16666666666666,517.8122591230966,0.008881929584091175,0.02614985494752542
cycle,25.0,0.25,0.7,518.4877368739245,176.4,518.4877368739245,0.008888104091735571,0.026177855944527928
cycle,25.0,0.25,0.7,519.1631907018991,176.63333333333333,519.1631907018991,0.008894274733903473,0.026205849218279398
cycle,25.0,0.25,0.7,519.8386206151325,176.86666666666667,519.8386206151325,0.008900441518111646,0.02623383477974006
cycle,25.0,0.25,0.7,520.514026621724,177.1,520.514026621724,0.008906604451852651,0.02626181263983951
cycle,25.0,0.25,0.7,521.1894087297599,177.33333333333334,521.1894087297599,0.008912763542594626,0.02628978280947669
cycle,25.0,0.25,0.7,521.8647669473135,177.56666666666666,521.8647669473135,0.008918918797781172,0.026317745299519912
cycle,25.0,0.25,0.7,522.5401012824453,177.8,522.5401012824453,0.00892507022483191,0.02634570012080717
cycle,25.0,0.25,0.7,523.2154117432034,178.03333333333333,523.2154117432034,0.00893121783114248,0.026373647284146262
cycle,25.0,0.25,0.7,523.8906983376227,178.26666666666668,523.8906983376227,0.008937361624084317,0.02640158680031479
cycle,25.0,0.25,0.7,524.5659610737256,178.5,524.5659610737256,0.008943501611005322,0.02642951868006027
cycle,25.0,0.25,0.7,525.2411999595219,178.73333333333332,525.2411999595219,0.008949637799229415,0.02645744293410046
cycle,25.0,0.25,0.7,525.9164150030085,178.96666666666667,525.9164150030085,0.008955770196056978,0.026485359573123368
cycle,25.0,0.25,0.7,526.5916062121701,179.2,526.5916062121701,0.008961898808764968,0.026513268607787133
cycle,25.0,0.25,0.7,527.2667735949785,179.43333333333334,527.2667735949785,0.008968023644606693,0.026541170048720586
cycle,25.0,0.25,0.7,527.9419171593933,179.66666666666666,527.9419171593933,0.00897414471081237,0.026569063906523138
cycle,25.0,0.25,0.7,528.6170369133612,179.9,528.6170369133612,0.008980262014588902,0.02659695019176478
cycle,25.0,0.25,0.7,529.2921328648167,180.13333333333333,529.2921328648167,0.008986375563120208,0.02662482891498641
cycle,25.0,0.25,0.7,529.967205021682,180.36666666666667,529.967205021682,0.008992485363567004,0.026652700086699843
cycle,25.0,0.25,0.7,530.6422533918669,180.6,530.6422533918669,0.008998591423067248,0.02668056371738825
cycle,25.0,0.25,0.7,531.3172779832686,180.83333333333334,531.3172779832686,0.009004693748736248,0.02670841981750549
cycle,25.0,0.25,0.7,531.9922788037723,181.06666666666666,531.9922788037723,0.009010792347666219,0.026736268397477114
cycle,25.0,0.25,0.7,532.6672558612506,181.3,532.6672558612506,0.009016887226927284,0.026764109467700026
cycle,25.0,0.25,0.7,533.3422091635643,181.53333333333333,533.3422091635643,0.009022978393566805,0.026791943038542487
cycle,25.0,0.25,0.7,534.0171387185619,181.76666666666668,534.0171387185619,0.009029065854609608,0.02681976912034456
cycle,25.0,0.25,0.7,534.6920445340794,182.0,534.6920445340794,0.009035149617058646,0.02684758772341822
cycle,25.0,0.25,0.7,535.3669266179411,182.23333333333332,535.3669266179411,0.009041229687894337,0.026875398858047017
cycle,25.0,0.25,0.7,536.041784977959,182.46666666666667,536.041784977959,0.009047306074075223,0.026903202534486637
cycle,25.0,0.25,0.7,536.716619621933,182.7,536.716619621933,0.009053378782537758,0.02693099876296501
cycle,25.0,0.25,0.7,537.3914305576511,182.93333333333334,537.3914305576511,0.009059447820196409,0.026958787553682084
cycle,25.0,0.25,0.7,538.0662177928895,183.16666666666666,538.0662177928895,0.009065513193943997,0.02698656891681006
cycle,25.0,0.25,0.7,538.7409813354119,183.4,538.7409813354119,0.009071574910651803,0.027014342862494045
cycle,25.0,0.25,0.7,539.4157211929708,183.63333333333333,539.4157211929708,0.009077632977169015,0.027042109400851166
cycle,25.0,0.25,0.7,540.0904373733061,183.86666666666667,540.0904373733061,0.009083687400323726,0.027069868541971354
cycle,25.0,0.25,0.7,540.7651298841465,184.1,540.7651298841465,0.009089738186922602,0.027097620295917668
cycle,25.0,0.25,0.7,541.4397987332085,184.33333333333334,541.4397987332085,0.009095785343750773,0.027125364672725527
cycle,25.0,0.25,0.7,542.1144439281969,184.56666666666666,542.1144439281969,0.00910182887757216,0.027153101682403702
cycle,25.0,0.25,0.7,542.7890654768049,184.8,542.7890654768049,0.009107868795129925,0.027180831334933875
cycle,25.0,0.25,0.7,543.4636633867138,185.03333333333333,543.4636633867138,0.009113905103145692,0.027208553640271083
cycle,25.0,0.25,0.7,544.1382376655935,185.26666666666668,544.1382376655935,0.009119937808320322,0.027236268608343384
cycle,25.0,0.25,0.7,544.8127883211018,185.5,544.8127883211018,0.009125966917334027,0.027263976249052635
cycle,25.0,0.25,0.7,545.4873153608854,185.73333333333332,545.4873153608854,0.009131992436846037,0.027291676572273937
cycle,25.0,0.25,0.7,546.1618187925791,185.96666666666667,546.1618187925791,0.00913801437349493,0.02731936958785619
cycle,25.0,0.25,0.7,546.8362986238061,186.2,546.8362986238061,0.009144032733898633,0.02734705530562176
cycle,25.0,0.25,0.7,547.5107548621785,186.43333333333334,547.5107548621785,0.00915004752465487,0.02737473373536714
cycle,25.0,0.25,0.7,548.1851875152964,186.66666666666666,548.1851875152964,0.009156058752340601,0.02740240488686252
cycle,25.0,0.25,0.7,548.859596590749,186.9,548.859596590749,0.009162066423512694,0.027430068769852434
cycle,25.0,0.25,0.7,549.5339820961136,187.13333333333333,549.5339820961136,0.009168070544707696,0.02745772539405511
cycle,25.0,0.25,0.7,550.2083440389565,187.36666666666667,550.2083440389565,0.009174071122442173,0.027485374769163462
cycle,25.0,0.25,0.7,550.8826824268324,187.6,550.8826824268324,0.009180068163212263,0.027513016904844423
cycle,25.0,0.25,0.7,551.5569972672847,187.83333333333334,551.5569972672847,0.009186061673494561,0.027540651810739503
cycle,25.0,0.25,0.7,552.2312885678457,188.06666666666666,552.2312885678457,0.00919205165974546,0.027568279496464787
cycle,25.0,0.25,0.7,552.9055563360364,188.3,552.9055563360364,0.00919803812840192,0.027595899971610938
cycle,25.0,0.25,0.7,553.5798005793664,188.53333333333333,553.5798005793664,0.009204021085880698,0.027623513245743303
cycle,25.0,0.25,0.7,554.2540213053343,188.76666666666668,554.2540213053343,0.009210000538579344,0.02765111932840225
cycle,25.0,0.25,0.7,554.9282185214274,189.0,554.9282185214274,0.009215976492875644,0.02767871822910284
cycle,25.0,0.25,0.7,555.602392235122,189.23333333333332,555.602392235122,0.009221948955128068,0.027706309957335362
cycle,25.0,0.25,0.7,556.2765424538833,189.46666666666667,556.2765424538833,0.009227917931675544,0.02773389452256514
cycle,25.0,0.25,0.7,556.9506691851653,189.7,556.9506691851653,0.009233883428837908,0.02776147193423284
cycle,25.0,0.25,0.7,557.6247724364111,189.93333333333334,557.6247724364111,0.009239845452915563,0.027789042201754155
cycle,25.0,0.25,0.7,558.2988522150529,190.16666666666666,558.2988522150529,0.00924580401019004,0.027816605334520572
cycle,25.0,0.25,0.7,558.9729085285115,190.4,558.9729085285115,0.009251759106923552,0.027844161341898932
cycle,25.0,0.25,0.7,559.6469413841974,190.63333333333333,559.6469413841974,0.009257710749359549,0.027871710233231428
cycle,25.0,0.25,0.7,560.3209507895095,190.86666666666667,560.3209507895095,0.009263658943722497,0.027899252017836385
cycle,25.0,0.25,0.7,560.9949367518365,191.1,560.9949367518365,0.009269603696218098,0.02792678670500759
cycle,25.0,0.25,0.7,561.6688992785556,191.33333333333334,561.6688992785556,0.009275545013033293,0.02795431430401507
cycle,25.0,0.25,0.7,562.3428383770337,191.56666666666666,562.3428383770337,0.009281482900336369,0.027981834824104324
cycle,25.0,0.25,0.7,563.0167540546265,191.8,563.0167540546265,0.009287417364277184,0.028009348274497303
cycle,25.0,0.25,0.7,563.6906463186793,192.03333333333333,563.6906463186793,0.009293348410986835,0.028036854664392097
cycle,25.0,0.25,0.7,564.3645151765265,192.26666666666668,564.3645151765265,0.00929927604657843,0.02806435400296292
cycle,25.0,0.25,0.7,565.0383606354918,192.5,565.0383606354918,0.009305200277146208,0.028091846299360346
cycle,25.0,0.25,0.7,565.7121827028883,192.73333333333332,565.7121827028883,0.00931112110876664,0.028119331562711514
cycle,25.0,0.25,0.7,566.3859813860182,192.96666666666667,566.3859813860182,0.009317038547497658,0.02814680980211981
cycle,25.0,0.25,0.7,567.0597566921734,193.2,567.0597566921734,0.00932295259937932,0.028174281026665526
cycle,25.0,0.25,0.7,567.7335086286351,193.43333333333334,567.7335086286351,0.009328863270433585,0.02820174524540553
cycle,25.0,0.25,0.7,568.4072372026741,193.66666666666666,568.4072372026741,0.009334770566664319,0.028229202467373482
cycle,25.0,0.25,0.7,569.0809424215503,193.9,569.0809424215503,0.009340674494057843,0.028256652701579843
cycle,25.0,0.25,0.7,569.7546242925133,194.13333333333333,569.7546242925133,0.009346575058582385,0.0282840959570122
cycle,25.0,0.25,0.7,570.4282828228024,194.36666666666667,570.4282828228024,0.009352472266188627,0.028311532242635162
cycle,25.0,0.25,0.7,571.1019180196463,194.6,571.1019180196463,0.00935836612280927,0.028338961567390242
cycle,25.0,0.25,0.7,571.7755298902631,194.83333333333334,571.7755298902631,0.009364256634359913,0.028366383940196527
cycle,25.0,0.25,0.7,572.449118441861,195.06666666666666,572.449118441861,0.009370143806738285,0.028393799369950234
cycle,25.0,0.25,0.7,573.1226836816372,195.3,573.1226836816372,0.009376027645824903,0.028421207865524933
cycle,25.0,0.25,0.7,573.7962256167793,195.53333333333333,573.7962256167793,0.009381908157482743,0.028448609435771655
cycle,25.0,0.25,0.7,574.4697442544641,195.76666666666668,574.4697442544641,0.009387785347557465,0.028476004089519114
cycle,25.0,0.25,0.7,575.1432396018581,196.0,575.1432396018581,0.009393659221877848,0.02850339183557371
cycle,25.0,0.25,0.7,575.816711666118,196.23333333333332,575.816711666118,0.009399529786255134,0.02853077268271942
cycle,25.0,0.25,0.7,576.4901604543896,196.46666666666667,576.4901604543896,0.009405397046483688,0.02855814663971812
cycle,25.0,0.25,0.7,577.1635859738093,196.7,577.1635859738093,0.009411261008340888,0.028585513715309596
cycle,25.0,0.25,0.7,577.8369882315027,196.93333333333334,577.8369882315027,0.009417121677586904,0.028612873918211545
cycle,25.0,0.25,0.7,578.5103672345856,197.16666666666666,578.5103672345856,0.009422979059965475,0.028640227257119788
cycle,25.0,0.25,0.7,579.1837229901637,197.4,579.1837229901637,0.009428833161203132,0.028667573740708274
cycle,25.0,0.25,0.7,579.8570555053324,197.63333333333333,579.8570555053324,0.009434683987010084,0.028694913377629194
cycle,25.0,0.25,0.7,580.5303647871772,197.86666666666667,580.5303647871772,0.009440531543079334,0.02872224617651309
cycle,25.0,0.25,0.7,581.2036508427734,198.1,581.2036508427734,0.009446375835087895,0.028749572145968627
cycle,25.0,0.25,0.7,581.8769136791867,198.33333333333334,581.8769136791867,0.009452216868695906,0.028776891294583273
cycle,25.0,0.25,0.7,582.5501533034724,198.56666666666666,582.5501533034724,0.009458054649546965,0.028804203630922953
cycle,25.0,0.25,0.7,583.223369722676,198.8,583.223369722676,0.009463889183268681,0.028831509163532054
cycle,25.0,0.25,0.7,583.8965629438333,199.03333333333333,583.8965629438333,0.009469720475471788,0.02885880790093387
cycle,25.0,0.25,0.7,584.5697329739697,199.26666666666668,584.5697329739697,0.009475548531751365,0.028886099851630376
cycle,25.0,0.25,0.7,585.2428798201014,199.5,585.2428798201014,0.00948137335768584,0.028913385024102456
cycle,25.0,0.25,0.7,585.9160034892342,199.73333333333332,585.9160034892342,0.009487194958837653,0.028940663426809787
cycle,25.0,0.25,0.7,586.5891039883643,199.96666666666667,586.5891039883643,0.009493013340753254,0.028967935068191286
cycle,25.0,0.25,0.7,587.262181324478,200.2,587.262181324478,0.009498828508963109,0.028995199956664663
cycle,25.0,0.25,0.7,587.935235504552,200.43333333333334,587.935235504552,0.009504640468981695,0.029022458100627313
cycle,25.0,0.25,0.7,588.6082665355533,200.66666666666666,588.6082665355533,0.009510449226307505,0.0290497095084552
cycle,25.0,0.25,0.7,589.281274424439,200.9,589.281274424439,0.009516254786423484,0.0290769541885042
cycle,25.0,0.25,0.7,589.9542591781565,201.13333333333333,589.9542591781565,0.009522057154796593,0.02910419214910931
cycle,25.0,0.25,0.7,590.6272208036437,201.36666666666667,590.6272208036437,0.00952785633687836,0.029131423398584877
cycle,25.0,0.25,0.7,591.3001593078288,201.6,591.3001593078288,0.009533652338104437,0.029158647945225158
cycle,25.0,0.25,0.7,591.9730746976305,201.83333333333334,591.9730746976305,0.009539445163895155,0.029185865797303645
cycle,25.0,0.25,0.7,592.6459669799577,202.06666666666666,592.6459669799577,0.009545234819655302,0.029213076963073847
cycle,25.0,0.25,0.7,593.3188361617098,202.3,593.3188361617098,0.009551021310774233,0.029240281450768735
cycle,25.0,0.25,0.7,593.9916822497767,202.53333333333333,593.9916822497767,0.00955680464262576,0.029267479268601404
cycle,25.0,0.25,0.7,594.6645052510388,202.76666666666668,594.6645052510388,0.009562584820568598,0.029294670424764635
cycle,25.0,0.25,0.7,595.3373051723671,203.0,595.3373051723671,0.00956836184994636,0.029321854927431446
cycle,25.0,0.25,0.7,596.0100820206229,203.23333333333332,596.0100820206229,0.00957413573608712,0.02934903278475476
cycle,25.0,0.25,0.7,596.6828358026584,203.46666666666667,596.6828358026584,0.009579906484303957,0.029376204004867512
cycle,25.0,0.25,0.7,597.3555665253159,203.7,597.3555665253159,0.00958567409989508,0.029403368595883106
cycle,25.0,0.25,0.7,598.0282741954288,203.93333333333334,598.0282741954288,0.009591438588143597,0.029430526565894954
cycle,25.0,0.25,0.7,598.700958819821,204.16666666666666,598.700958819821,0.009597199954317515,0.029457677922977044
cycle,25.0,0.25,0.7,599.373620405307,204.4,599.373620405307,0.009602958203670187,0.029484822675183597
cycle,25.0,0.25,0.7,600.0462589586917,204.63333333333333,600.0462589586917,0.009608713341439978,0.029511960830549522
cycle,25.0,0.25,0.7,600.7188744867714,204.86666666666667,600.7188744867714,0.0096144653728506,0.029539092397090183
cycle,25.0,0.25,0.7,601.3914669963324,205.1,601.3914669963324,0.009620214303111108,0.029566217382801407
cycle,25.0,0.25,0.7,602.0640364941522,205.33333333333334,602.0640364941522,0.009625960137415679,0.029593335795659925
cycle,25.0,0.25,0.7,602.7365829869991,205.56666666666666,602.7365829869991,0.00963170288094406,0.02962044764362315
cycle,25.0,0.25,0.7,603.409106481632,205.8,603.409106481632,0.009637442538861563,0.029647552934629395
cycle,25.0,0.25,0.7,604.0816069848005,206.03333333333333,604.0816069848005,0.009643179116318845,0.029674651676597774
cycle,25.0,0.25,0.7,604.7540845032454,206.26666666666668,604.7540845032454,0.009648912618452243,0.02970174387742852
cycle,25.0,0.25,0.7,605.4265390436983,206.5,605.4265390436983,0.00965464305038366,0.029728829545002666
cycle,25.0,0.25,0.7,606.0989706128815,206.73333333333332,606.0989706128815,0.009660370417220898,0.029755908687182586
cycle,25.0,0.25,0.7,606.7713792175084,206.96666666666667,606.7713792175084,0.009666094724057217,0.029782981311811674
cycle,25.0,0.25,0.7,607.4437648642833,207.2,607.4437648642833,0.009671815975971887,0.02981004742671467
cycle,25.0,0.25,0.7,608.1161275599014,207.43333333333334,608.1161275599014,0.009677534178030078,0.02983710703969744
cycle,25.0,0.25,0.7,608.788467311049,207.66666666666666,608.788467311049,0.00968324933528264,0.029864160158547426
cycle,25.0,0.25,0.7,609.4607841244033,207.9,609.4607841244033,0.009688961452766542,0.02989120679103341
cycle,25.0,0.25,0.7,610.1330780066327,208.13333333333333,610.1330780066327,0.009694670535504879,0.029918246944905635
cycle,25.0,0.25,0.7,610.8053489643963,208.36666666666667,610.8053489643963,0.009700376588506754,0.02994528062789603
cycle,25.0,0.25,0.7,611.4775970043448,208.6,611.4775970043448,0.009706079616767282,0.029972307847717983
cycle,25.0,0.25,0.7,612.1498221331196,208.83333333333334,612.1498221331196,0.009711779625267924,0.029999328612066778
cycle,25.0,0.25,0.7,612.8220243573535,209.06666666666666,612.8220243573535,0.009717476618976373,0.030026342928619387
cycle,25.0,0.25,0.7,613.4942036836702,209.3,613.4942036836702,0.009723170602846554,0.03005335080503435
cycle,25.0,0.25,0.7,614.1663601186847,209.53333333333333,614.1663601186847,0.009728861581818737,0.030080352248952558
cycle,25.0,0.25,0.7,614.8384936690031,209.76666666666668,614.8384936690031,0.00973454956081965,0.030107347267996576
cycle,25.0,0.25,0.7,615.5106043412229,210.0,615.5106043412229,0.009740234544762472,0.03013433586977088
cycle,25.0,0.25,0.7,616.1826921419328,210.23333333333332,616.1826921419328,0.00974591653854684,0.030161318061862286
cycle,25.0,0.25,0.7,616.8547570777125,210.46666666666667,616.8547570777125,0.009751595547059067,0.03018829385183963
cycle,25.0,0.25,0.7,617.5267991551333,210.7,617.5267991551333,0.009757271575171922,0.030215263247253765
cycle,25.0,0.25,0.7,618.1988183807576,210.93333333333334,618.1988183807576,0.009762944627744852,0.030242226255638216
cycle,25.0,0.25,0.7,618.8708147611393,211.16666666666666,618.8708147611393,0.009768614709624313,0.030269182884508528
cycle,25.0,0.25,0.7,619.5427883028234,211.4,619.5427883028234,0.009774281825642994,0.030296133141362702
cycle,25.0,0.25,0.7,620.2147390123465,211.63333333333333,620.2147390123465,0.00977994598062093,0.03032307703368109
cycle,25.0,0.25,0.7,620.8866668962365,211.86666666666667,620.8866668962365,0.009785607179364608,0.03035001456892683
cycle,25.0,0.25,0.7,621.5585719610127,212.1,621.5585719610127,0.00979126542666775,0.030376945754545304
cycle,25.0,0.25,0.7,622.2304542131859,212.33333333333334,622.2304542131859,0.009796920727310865,0.030403870597964677
cycle,25.0,0.25,0.7,622.9023136592582,212.56666666666666,622.9023136592582,0.009802573086061472,0.030430789106595912
cycle,25.0,0.25,0.7,623.5741503057234,212.8,623.5741503057234,0.009808222507674325,0.03045770128783254
cycle,25.0,0.25,0.7,624.2459641590665,213.03333333333333,624.2459641590665,0.009813868996891073,0.03048460714905088
cycle,25.0,0.25,0.7,624.9177552257644,213.26666666666668,624.9177552257644,0.009819512558440713,0.03051150669761038
cycle,25.0,0.25,0.7,625.5895235122852,213.5,625.5895235122852,0.00982515319703925,0.030538399940853056
cycle,25.0,0.25,0.7,626.2612690250886,213.73333333333332,626.2612690250886,0.009830790917390253,0.03056528688610405
cycle,25.0,0.25,0.7,626.9329917706261,213.96666666666667,626.9329917706261,0.009836425724184195,0.030592167540671844
cycle,25.0,0.25,0.7,627.6046917553407,214.2,627.6046917553407,0.009842057622099332,0.0306190419118475
cycle,25.0,0.25,0.7,628.276368985667,214.43333333333334,628.276368985667,0.009847686615800932,0.03064591000690553
cycle,25.0,0.25,0.7,628.9480234680311,214.66666666666666,628.9480234680311,0.009853312709942164,0.030672771833103796
cycle,25.0,0.25,0.7,629.619655208851,214.9,629.619655208851,0.009858935909163202,0.03069962739768317
cycle,25.0,0.25,0.7,630.2912642145362,215.13333333333333,630.2912642145362,0.009864556218092124,0.030726476707867878
cycle,25.0,0.25,0.7,630.9628504914881,215.36666666666667,630.9628504914881,0.00987017364134446,0.030753319770865595
cycle,25.0,0.25,0.7,631.6344140460996,215.6,631.6344140460996,0.009875788183523415,0.03078015659386757
cycle,25.0,0.25,0.7,632.3059548847554,215.83333333333334,632.3059548847554,0.009881399849219874,0.030806987184048396
cycle,25.0,0.25,0.7,632.9774730138321,216.06666666666666,632.9774730138321,0.009887008643012507,0.030833811548566237
cycle,25.0,0.25,0.7,633.648968439698,216.3,633.648968439698,0.009892614569467661,0.030860629694562824
cycle,25.0,0.25,0.7,634.3204411687132,216.53333333333333,634.3204411687132,0.009898217633139472,0.03088744162916368
cycle,25.0,0.25,0.7,634.9918912072295,216.76666666666668,634.9918912072295,0.009903817838570195,0.03091424735947812
cycle,25.0,0.25,0.7,635.6633185615909,217.0,635.6633185615909,0.009909415190289761,0.0309410468925988
cycle,25.0,0.25,0.7,636.3347232381329,217.23333333333332,636.3347232381329,0.009915009692816223,0.030967840235602728
cycle,25.0,0.25,0.7,637.006105243183,217.46666666666667,637.006105243183,0.009920601350655422,0.03099462739555059
cycle,25.0,0.25,0.7,637.6774645830607,217.7,637.6774645830607,0.00992619016830143,0.03102140837948686
cycle,25.0,0.25,0.7,638.3488012640772,217.93333333333334,638.3488012640772,0.009931776150236438,0.03104818319444036
cycle,25.0,0.25,0.7,639.0201152925359,218.16666666666666,639.0201152925359,0.009937359300930648,0.031074951847423593
cycle,25.0,0.25,0.7,639.6914066747321,218.4,639.6914066747321,0.009942939624842495,0.031101714345433296
cycle,25.0,0.25,0.7,640.3626754169529,218.63333333333333,640.3626754169529,0.009948517126418754,0.03112847069545055
cycle,25.0,0.25,0.7,641.0339215254776,218.86666666666667,641.0339215254776,0.009954091810094323,0.03115522090444034
cycle,25.0,0.25,0.7,641.7051450065774,219.1,641.7051450065774,0.00995966368029233,0.031181964979352217
cycle,25.0,0.25,0.7,642.3763458665156,219.33333333333334,642.3763458665156,0.009965232741424579,0.031208702927119747
cycle,25.0,0.25,0.7,643.0475241115477,219.56666666666666,643.0475241115477,0.009970798997890995,0.03123543475466095
cycle,25.0,0.25,0.7,643.7186797479209,219.8,643.7186797479209,0.009976362454080068,0.03126216046887853
cycle,25.0,0.25,0.7,644.3898127818748,220.03333333333333,644.3898127818748,0.00998192311436874,0.03128888007665931
cycle,25.0,0.25,0.7,645.060923219641,220.26666666666668,645.060923219641,0.00998748098312252,0.03131559358487479
cycle,25.0,0.25,0.7,645.7320110674434,220.5,645.7320110674434,0.009993036064695371,0.031342301000381045
cycle,25.0,0.25,0.7,646.4030763314978,220.73333333333332,646.4030763314978,0.009998588363429928,0.031369002330018825
cycle,25.0,0.25,0.7,647.0741190180124,220.96666666666667,647.0741190180124,0.010004137883657727,0.031395697580613335
cycle,25.0,0.25,0.7,647.7451391331874,221.2,647.7451391331874,0.010009684629698534,0.031422386758974685
cycle,25.0,0.25,0.7,648.4161366832153,221.43333333333334,648.4161366832153,0.010015228605861237,0.03144906987189788
cycle,25.0,0.25,0.7,649.0871116742809,221.66666666666666,649.0871116742809,0.010020769816443176,0.03147574692616262
cycle,25.0,0.25,0.7,649.7580641125611,221.9,649.7580641125611,0.010026308265731032,0.031502417928533255
cycle,25.0,0.25,0.7,650.4289940042252,222.13333333333333,650.4289940042252,0.010031843957999609,0.031529082885759396
cycle,25.0,0.25,0.7,651.0999013554346,222.36666666666667,651.0999013554346,0.010037376897513384,0.031555741804575654
cycle,25.0,0.25,0.7,651.770786172343,222.6,651.770786172343,0.010042907088525177,0.03158239469170132
cycle,25.0,0.25,0.7,652.4416484610969,222.83333333333334,652.4416484610969,0.01004843453527704,0.031609041553841144
cycle,25.0,0.25,0.7,653.1124882278344,223.06666666666666,653.1124882278344,0.010053959242000032,0.03163568239768477
cycle,25.0,0.25,0.7,653.7833054786867,223.3,653.7833054786867,0.010059481212914334,0.03166231722990698
cycle,25.0,0.25,0.7,654.4541002197767,223.53333333333333,654.4541002197767,0.010065000452229023,0.03168894605716799
cycle,25.0,0.25,0.7,655.1248724572201,223.76666666666668,655.1248724572201,0.010070516964142628,0.031715568886113155
cycle,25.0,0.25,0.7,655.795622197125,224.0,655.795622197125,0.01007603075284258,0.03174218572337317
cycle,25.0,0.25,0.7,656.4663494455916,224.23333333333332,656.4663494455916,0.010081541822505535,0.031768796575564084
cycle,25.0,0.25,0.7,657.1370542087129,224.46666666666667,657.1370542087129,0.010087050177297718,0.031795401449287386
cycle,25.0,0.25,0.7,657.8077364925743,224.7,657.8077364925743,0.01009255582137425,0.03182200035113003
cycle,25.0,0.25,0.7,658.4783963032536,224.93333333333334,658.4783963032536,0.010098058758879924,0.03184859328766443
cycle,25.0,0.25,0.7,659.149033646821,225.16666666666666,659.149033646821,0.010103558993948547,0.031875180265448555
cycle,25.0,0.25,0.7,659.8196485293394,225.4,659.8196485293394,0.01010905653070382,0.031901761291026065
cycle,25.0,0.25,0.7,660.4902409568641,225.63333333333333,660.4902409568641,0.01011455137325834,0.03192833637092629
cycle,25.0,0.25,0.7,661.1608109354432,225.86666666666667,661.1608109354432,0.010120043525714717,0.03195490551166402
cycle,25.0,0.25,0.7,661.831358471117,226.1,661.831358471117,0.010125532992164676,0.03198146871974017
cycle,25.0,0.25,0.7,662.5018835699187,226.33333333333334,662.5018835699187,0.010131019776689731,0.0320080260016411
cycle,25.0,0.25,0.7,663.1723862378739,226.56666666666666,663.1723862378739,0.010136503883360848,0.03203457736383919
cycle,25.0,0.25,0.7,663.8428664810008,226.8,663.8428664810008,0.010141985316238888,0.03206112281279261
cycle,25.0,0.25,0.7,664.5133243053104,227.03333333333333,664.5133243053104,0.010147464079374058,0.032087662354945534
cycle,25.0,0.25,0.7,665.1837597168064,227.26666666666668,665.1837597168064,0.010152940176806458,0.032114195996728045
cycle,25.0,0.25,0.7,665.8541727214849,227.5,665.8541727214849,0.010158413612566086,0.03214072374455634
cycle,25.0,0.25,0.7,666.524563325335,227.73333333333332,666.524563325335,0.010163884390672284,0.03216724560483253
cycle,25.0,0.25,0.7,667.1949315343381,227.96666666666667,667.1949315343381,0.010169352515134733,0.032193761583945046
cycle,25.0,0.25,0.7,667.8652773544687,228.2,667.8652773544687,0.010174817989952456,0.03222027168826824
cycle,25.0,0.25,0.7,668.5356007916939,228.43333333333334,668.5356007916939,0.010180280819114929,0.03224677592416281
cycle,25.0,0.25,0.7,669.2059018519736,228.66666666666666,669.2059018519736,0.010185741006600968,0.03227327429797566
cycle,25.0,0.25,0.7,669.8761805412604,228.9,669.8761805412604,0.010191198556379844,0.032299766816039854
cycle,25.0,0.25,0.7,670.5464368654997,229.13333333333333,670.5464368654997,0.01019665347241061,0.032326253484675105
cycle,25.0,0.25,0.7,671.2166708306297,229.36666666666667,671.2166708306297,0.010202105758642221,0.03235273431018715
cycle,25.0,0.25,0.7,671.8868824425815,229.6,671.8868824425815,0.01020755541901408,0.032379209298868394
cycle,25.0,0.25,0.7,672.557071707279,229.83333333333334,672.557071707279,0.010213002457455267,0.03240567845699749
cycle,25.0,0.25,0.7,673.2272386306388,230.06666666666666,673.2272386306388,0.010218446877885423,0.03243214179083975
cycle,25.0,0.25,0.7,673.8973832185707,230.3,673.8973832185707,0.010223888684213867,0.032458599306647073
cycle,25.0,0.25,0.7,674.5675054769771,230.53333333333333,674.5675054769771,0.0102293278803407,0.032485051010657684
cycle,25.0,0.25,0.7,675.2376054117534,230.76666666666668,675.2376054117534,0.0102347644701557,0.032511496909096715
cycle,25.0,0.25,0.7,675.9076830287879,231.0,675.9076830287879,0.010240198457539429,0.032537937008175866
cycle,25.0,0.25,0.7,676.5777383339619,231.23333333333332,676.5777383339619,0.010245629846362458,0.03256437131409362
cycle,25.0,0.25,0.7,677.2477713331496,231.46666666666667,677.2477713331496,0.0102510586404857,0.032590799833035033
cycle,25.0,0.25,0.7,677.917782032218,231.7,677.917782032218,0.010256484843760627,0.032617222571172166
cycle,25.0,0.25,0.7,678.5877704370276,231.93333333333334,678.5877704370276,0.010261908460028946,0.03264363953466387
cycle,25.0,0.25,0.7,679.2577365534314,232.16666666666666,679.2577365534314,0.010267329493122923,0.032670050729655786
cycle,25.0,0.25,0.7,679.9276803872755,232.4,679.9276803872755,0.01027274794686528,0.03269645616228056
cycle,25.0,0.25,0.7,680.5976019443991,232.63333333333333,680.5976019443991,0.010278163825069297,0.03272285583865775
cycle,25.0,0.25,0.7,681.2675012306345,232.86666666666667,681.2675012306345,0.010283577131538602,0.03274924976489402
cycle,25.0,0.25,0.7,681.937378251807,233.1,681.937378251807,0.0102889878700676,0.032775637947082936
cycle,25.0,0.25,0.7,682.607233013735,233.33333333333334,682.607233013735,0.010294396044441378,0.03280202039130531
cycle,25.0,0.25,0.7,683.27706552223,233.56666666666666,683.27706552223,0.010299801658435359,0.03282839710362906
cycle,25.0,0.25,0.7,683.9468757830966,233.8,683.9468757830966,0.010305204715815974,0.03285476809010912
cycle,25.0,0.25,0.7,684.6166638021325,234.03333333333333,684.6166638021325,0.010310605220340108,0.03288113335678777
cycle,25.0,0.25,0.7,685.2864295851285,234.26666666666668,685.2864295851285,0.01031600317575554,0.032907492909694525
cycle,25.0,0.25,0.7,685.9561731378687,234.5,685.9561731378687,0.010321398585800834,0.03293384675484623
cycle,25.0,0.25,0.7,686.6258944661303,234.73333333333332,686.6258944661303,0.01032679145420523,0.032960194898246864
cycle,25.0,0.25,0.7,687.2955935756836,234.96666666666667,687.2955935756836,0.010332181784688976,0.03298653734588797
cycle,25.0,0.25,0.7,687.9652704722922,235.2,687.9652704722922,0.01033756958096299,0.033012874103748424
cycle,25.0,0.25,0.7,688.6349251617129,235.43333333333334,688.6349251617129,0.010342954846729313,0.03303920517779457
cycle,25.0,0.25,0.7,689.3045576496958,235.66666666666666,689.3045576496958,0.010348337585680656,0.03306553057398032
cycle,25.0,0.25,0.7,689.974167941984,235.9,689.974167941984,0.010353717801500961,0.033091850298247016
cycle,25.0,0.25,0.7,690.6437560443142,236.13333333333333,690.6437560443142,0.010359095497864956,0.03311816435652337
cycle,25.0,0.25,0.7,691.3133219624161,236.36666666666667,691.3133219624161,0.010364470678438598,0.033144472754726095
cycle,25.0,0.25,0.7,691.9828657020129,236.6,691.9828657020129,0.010369843346878627,0.03317077549875935
cycle,25.0,0.25,0.7,692.6523872688209,236.83333333333334,692.6523872688209,0.010375213506833125,0.033197072594514765
cycle,25.0,0.25,0.7,693.32188666855,237.06666666666666,693.32188666855,0.010380581161941071,0.033223364047872184
cycle,25.0,0.25,0.7,693.9913639069031,237.3,693.9913639069031,0.010385946315832895,0.033249649864698694
cycle,25.0,0.25,0.7,694.6608189895767,237.53333333333333,694.6608189895767,0.010391308972129809,0.0332759300508495
cycle,25.0,0.25,0.7,695.3302519222606,237.76666666666668,695.3302519222606,0.010396669134444703,0.033302204612167596
cycle,25.0,0.25,0.7,695.999662710638,238.0,695.999662710638,0.010402026806381137,0.03332847355448354
cycle,25.0,0.25,0.7,696.6690513603853,238.23333333333332,696.6690513603853,0.010407381991534459,0.03335473688361623
cycle,25.0,0.25,0.7,697.3384178771727,238.46666666666667,697.3384178771727,0.010412734693491021,0.03338099460537236
cycle,25.0,0.25,0.7,698.0077622666635,238.7,698.0077622666635,0.010418084915828518,0.0334072467255464
cycle,25.0,0.25,0.7,698.6770845345145,238.93333333333334,698.6770845345145,0.010423432662116205,0.033433493249921065
cycle,25.0,0.25,0.7,699.346384686376,239.16666666666666,699.346384686376,0.010428777935914346,0.033459734184267065
cycle,25.0,0.25,0.7,700.0156627278919,239.4,700.0156627278919,0.01043412074077521,0.03348596953434313
cycle,25.0,0.25,0.7,700.6849186646994,239.63333333333333,700.6849186646994,0.010439461080241741,0.03351219930589633
cycle,25.0,0.25,0.7,701.3541525024291,239.86666666666667,701.3541525024291,0.01044479895784911,0.03353842350466152
cycle,25.0,0.25,0.7,702.0233642467053,240.1,702.0233642467053,0.010450134377123388,0.03356464213636201
cycle,25.0,0.25,0.7,702.692553903146,240.33333333333334,702.692553903146,0.010455467341582647,0.03359085520670946
cycle,25.0,0.25,0.7,703.3617214773622,240.56666666666666,703.3617214773622,0.010460797854736081,0.03361706272140352
cycle,25.0,0.25,0.7,704.0308669749588,240.8,704.0308669749588,0.01046612592008489,0.033643264686132324
cycle,25.0,0.25,0.7,704.6999904015345,241.03333333333333,704.6999904015345,0.010471451541121501,0.03366946110657221
cycle,25.0,0.25,0.7,705.3690917626811,241.26666666666668,705.3690917626811,0.01047677472133035,0.03369565198838809
cycle,25.0,0.25,0.7,706.0381710639844,241.5,706.0381710639844,0.010482095464187324,0.03372183733723322
cycle,25.0,0.25,0.7,706.7072283110233,241.73333333333332,706.7072283110233,0.01048741377315987,0.03374801715874909
cycle,25.0,0.25,0.7,707.3762635093709,241.96666666666667,707.3762635093709,0.010492729651707555,0.03377419145856586
cycle,25.0,0.25,0.7,708.0452766645938,242.2,708.0452766645938,0.010498043103281507,0.033800360242302374
cycle,25.0,0.25,0.7,708.7142677822518,242.43333333333334,708.7142677822518,0.010503354131324416,0.03382652351556559
cycle,25.0,0.25,0.7,709.383236867899,242.66666666666666,709.383236867899,0.01050866273927109,0.03385268128395147
cycle,25.0,0.25,0.7,710.0521839270828,242.9,710.0521839270828,0.010513968930548123,0.03387883355304444
cycle,25.0,0.25,0.7,710.7211089653442,243.13333333333333,710.7211089653442,0.01051927270857389,0.0339049803284176
cycle,25.0,0.25,0.7,711.3900119882184,243.36666666666667,711.3900119882184,0.010524574076758553,0.0339311216156325
cycle,25.0,0.25,0.7,712.0588930012337,243.6,712.0588930012337,0.0105298730385045,0.03395725742023992
cycle,25.0,0.25,0.7,712.7277520099126,243.83333333333334,712.7277520099126,0.010535169597205907,0.03398338774777887
cycle,25.0,0.25,0.7,713.3965890197711,244.06666666666666,713.3965890197711,0.01054046375624873,0.03400951260377738
cycle,25.0,0.25,0.7,714.0654040363191,244.3,714.0654040363191,0.010545755519011157,0.03403563199375248
cycle,25.0,0.25,0.7,714.7341970650602,244.53333333333333,714.7341970650602,0.010551044888863381,0.03406174592320976
cycle,25.0,0.25,0.7,715.4029681114918,244.76666666666668,715.4029681114918,0.010556331869167601,0.034087854397643946
cycle,25.0,0.25,0.7,716.071717181105,245.0,716.071717181105,0.010561616463278134,0.03411395742253842
cycle,25.0,0.25,0.7,716.7404442793849,245.23333333333332,716.7404442793849,0.010566898674541303,0.03414005500336581
cycle,25.0,0.25,0.7,717.4091494118103,245.46666666666667,717.4091494118103,0.010572178506295549,0.03416614714558741
cycle,25.0,0.25,0.7,718.0778325838539,245.7,718.0778325838539,0.010577455961871762,0.034192233854653864
cycle,25.0,0.25,0.7,718.7464938009824,245.93333333333334,718.7464938009824,0.01058273104459262,0.03421831513600482
cycle,25.0,0.25,0.7,719.415133068656,246.16666666666666,719.415133068656,0.010588003757773135,0.03424439099506871
cycle,25.0,0.25,0.7,720.0837503923291,246.4,720.0837503923291,0.010593274104720773,0.03427046143726342
cycle,25.0,0.25,0.7,720.7523457774497,246.63333333333333,720.7523457774497,0.010598542088735119,0.03429652646799575
cycle,25.0,0.25,0.7,721.42091922946,246.86666666666667,721.42091922946,0.01060380771310776,0.03432258609266203
cycle,25.0,0.25,0.7,722.0894707537959,247.1,722.0894707537959,0.010609070981122959,0.03434864031664753
cycle,25.0,0.25,0.7,722.7580003558875,247.33333333333334,722.7580003558875,0.010614331896057316,0.0343746891453266
cycle,25.0,0.25,0.7,723.4265080411585,247.56666666666666,723.4265080411585,0.010619590461179551,0.0344007325840634
cycle,25.0,0.25,0.7,724.0949938150269,247.8,724.0949938150269,0.010624846679750943,0.03442677063821087
cycle,25.0,0.25,0.7,724.7634576829043,248.03333333333333,724.7634576829043,0.010630100555025002,0.034452803313111624
cycle,25.0,0.25,0.7,725.4318996501967,248.26666666666668,725.4318996501967,0.010635352090248018,0.03447883061409751
cycle,25.0,0.25,0.7,726.1003197223037,248.5,726.1003197223037,0.010640601288658291,0.03450485254648994
cycle,25.0,0.25,0.7,726.768717904619,248.73333333333332,726.768717904619,0.010645848153487014,0.03453086911559944
cycle,25.0,0.25,0.7,727.4370942025307,248.96666666666667,727.4370942025307,0.010651092687957608,0.034556880326726436
cycle,25.0,0.25,0.7,728.1054486214205,249.2,728.1054486214205,0.010656334895286057,0.03458288618516048
cycle,25.0,0.25,0.7,728.7737811666642,249.43333333333334,728.7737811666642,0.010661574778681238,0.034608886696180896
cycle,25.0,0.25,0.7,729.4420918436318,249.66666666666666,729.4420918436318,0.010666812341344034,0.03463488186505648
cycle,25.0,0.25,0.7,730.1103806576873,249.9,730.1103806576873,0.010672047586468447,0.03466087169704557
cycle,25.0,0.25,0.7,730.7786476141888,250.13333333333333,730.7786476141888,0.010677280517240817,0.0346868561973962
cycle,25.0,0.25,0.7,731.4468927184886,250.36666666666667,731.4468927184886,0.010682511136840156,0.03471283537134606
cycle,25.0,0.25,0.7,732.1151159759329,250.6,732.1151159759329,0.010687739448438371,0.034738809224122535
cycle,25.0,0.25,0.7,732.783317391862,250.83333333333334,732.783317391862,0.010692965455199821,0.034764777760942556
cycle,25.0,0.25,0.7,733.4514969716107,251.06666666666666,733.4514969716107,0.010698189160281757,0.03479074098701307
cycle,25.0,0.25,0.7,734.1196547205076,251.3,734.1196547205076,0.010703410566833993,0.034816698907530585
cycle,25.0,0.25,0.7,734.7877906438755,251.53333333333333,734.7877906438755,0.010708629677999348,0.03484265152768162
cycle,25.0,0.25,0.7,735.4559047470315,251.76666666666668,735.4559047470315,0.010713846496913204,0.03486859885264215
cycle,25.0,0.25,0.7,736.1239970352868,252.0,736.1239970352868,0.010719061026703947,0.034894540887578485
cycle,25.0,0.25,0.7,736.7920675139468,252.23333333333332,736.7920675139468,0.010724273270492746,0.034920477637646496
cycle,25.0,0.25,0.7,737.4601161883111,252.46666666666667,737.4601161883111,0.010729483231393444,0.03494640910799218
cycle,25.0,0.25,0.7,738.1281430636735,252.7,738.1281430636735,0.010734690912513112,0.03497233530375121
cycle,25.0,0.25,0.7,738.7961481453221,252.93333333333334,738.7961481453221,0.010739896316951492,0.034998256230049596
cycle,25.0,0.25,0.7,739.4641314385392,253.16666666666666,739.4641314385392,0.010745099447801332,0.03502417189200313
cycle,25.0,0.25,0.7,740.1320929486013,253.4,740.1320929486013,0.010750300308148386,0.03505008229471751
cycle,25.0,0.25,0.7,740.8000326807793,253.63333333333333,740.8000326807793,0.010755498901071192,0.03507598744328888
cycle,25.0,0.25,0.7,741.4679506403382,253.86666666666667,741.4679506403382,0.010760695229641515,0.035101887342803284
cycle,25.0,0.25,0.7,742.1358468325375,254.1,742.1358468325375,0.010765889296924014,0.03512778199833677
cycle,25.0,0.25,0.7,742.8037212626308,254.33333333333334,742.8037212626308,0.010771081105976466,0.03515367141495562
cycle,25.0,0.25,0.7,743.4715739358661,254.56666666666666,743.4715739358661,0.010776270659849652,0.03517955559771657
cycle,25.0,0.25,0.7,744.1394048574858,254.8,744.1394048574858,0.01078145796158736,0.035205434551666026
cycle,25.0,0.25,0.7,744.8072140327265,255.03333333333333,744.8072140327265,0.010786643014226716,0.03523130828184107
cycle,25.0,0.25,0.7,745.4750014668192,255.26666666666668,745.4750014668192,0.010791825820797851,0.035257176793268896
cycle,25.0,0.25,0.7,746.1427671649893,255.5,746.1427671649893,0.010797006384323904,0.035283040090966944
cycle,25.0,0.25,0.7,746.8105111324567,255.73333333333332,746.8105111324567,0.010802184707821572,0.035308898179943204
cycle,25.0,0.25,0.7,747.4782333744353,255.96666666666667,747.4782333744353,0.010807360794300225,0.03533475106519557
cycle,25.0,0.25,0.7,748.1459338961337,256.2,748.1459338961337,0.010812534646763017,0.035360598751712824
cycle,25.0,0.25,0.7,748.8136127027548,256.43333333333334,748.8136127027548,0.010817706268205773,0.035386441244473765
cycle,25.0,0.25,0.7,749.4812697994959,256.6666666666667,749.4812697994959,0.010822875661618214,0.03541227854844786
cycle,25.0,0.25,0.7,750.1489051915488,256.9,750.1489051915488,0.01082804282998262,0.035438110668594924
cycle,25.0,0.25,0.7,750.8165188840998,257.1333333333333,750.8165188840998,0.010833207776275278,0.035463937609865104
cycle,25.0,0.25,0.7,751.4841108823294,257.3666666666667,751.4841108823294,0.010838370503465367,0.03548975937719945
cycle,25.0,0.25,0.7,752.151681191413,257.6,752.151681191413,0.010843531014515406,0.035515575975529345
cycle,25.0,0.25,0.7,752.81922981652,257.8333333333333,752.81922981652,0.010848689312381476,0.035541387409776526
cycle,25.0,0.25,0.7,753.4867567628145,258.06666666666666,753.4867567628145,0.010853845400012996,0.035567193684853615
cycle,25.0,0.25,0.7,754.1542620354551,258.3,754.1542620354551,0.010858999280352832,0.0355929948056638
cycle,25.0,0.25,0.7,754.8217456395948,258.53333333333336,754.8217456395948,0.010864150956336971,0.03561879077710084
cycle,25.0,0.25,0.7,755.4892075803814,258.76666666666665,755.4892075803814,0.01086930043089529,0.03564458160404915
cycle,25.0,0.25,0.7,756.1566478629569,259.0,756.1566478629569,0.010874447706950896,0.035670367291384064
cycle,25.0,0.25,0.7,756.8240664924581,259.23333333333335,756.8240664924581,0.010879592787420456,0.03569614784397124
cycle,25.0,0.25,0.7,757.4914634740161,259.46666666666664,757.4914634740161,0.010884735675213975,0.035721923266667455
cycle,25.0,0.25,0.7,758.1588388127568,259.7,758.1588388127568,0.010889876373235241,0.03574769356432006
cycle,25.0,0.25,0.7,758.8261925138005,259.93333333333334,758.8261925138005,0.010895014884381382,0.035773458741767405
cycle,25.0,0.25,0.7,759.4935245822622,260.1666666666667,759.4935245822622,0.010900151211543418,0.035799218803838406
cycle,25.0,0.25,0.7,760.1608350232515,260.4,760.1608350232515,0.010905285357605488,0.035824973755352985
cycle,25.0,0.25,0.7,760.8281238418724,260.6333333333333,760.8281238418724,0.010910417325445732,0.03585072360112196
cycle,25.0,0.25,0.7,761.4953910432238,260.8666666666667,761.4953910432238,0.010915547117935742,0.035876468345947043
cycle,25.0,0.25,0.7,762.1626366323991,261.1,762.1626366323991,0.010920674737940894,0.03590220799462085
cycle,25.0,0.25,0.7,762.8298606144863,261.3333333333333,762.8298606144863,0.010925800188320012,0.035927942551926884
cycle,25.0,0.25,0.7,763.4970629945681,261.56666666666666,763.4970629945681,0.010930923471925813,0.03595367202263977
cycle,25.0,0.25,0.7,764.1642437777218,261.8,764.1642437777218,0.010936044591604577,0.035979396411525144
cycle,25.0,0.25,0.7,764.8314029690197,262.03333333333336,764.8314029690197,0.010941163550196475,0.03600511572333942
cycle,25.0,0.25,0.7,765.4985405735282,262.26666666666665,765.4985405735282,0.010946280350535353,0.03603082996283047
cycle,25.0,0.25,0.7,766.1656565963088,262.5,766.1656565963088,0.010951394995448727,0.03605653913473694
cycle,25.0,0.25,0.7,766.8327510424177,262.73333333333335,766.8327510424177,0.010956507487758005,0.036082243243788725
cycle,25.0,0.25,0.7,767.4998239169056,262.96666666666664,767.4998239169056,0.010961617830278492,0.03610794229470671
cycle,25.0,0.25,0.7,768.1668752248181,263.2,768.1668752248181,0.010966726025819051,0.03613363629220312
cycle,25.0,0.25,0.7,768.8339049711955,263.43333333333334,768.8339049711955,0.010971832077182553,0.0361593252409812
cycle,25.0,0.25,0.7,769.5009131610727,263.6666666666667,769.5009131610727,0.01097693598716587,0.036185009145735636
cycle,25.0,0.25,0.7,770.1678997994798,263.9,770.1678997994798,0.010982037758559549,0.036210688011152015
cycle,25.0,0.25,0.7,770.8348648914409,264.1333333333333,770.8348648914409,0.010987137394148139,0.03623636184190748
cycle,25.0,0.25,0.7,771.5018084419756,264.3666666666667,771.5018084419756,0.010992234896709974,0.036262030642670307
cycle,25.0,0.25,0.7,772.168730456098,264.6,772.168730456098,0.010997330269017391,0.03628769441809998
cycle,25.0,0.25,0.7,772.8356309388171,264.8333333333333,772.8356309388171,0.011002423513836845,0.03631335317284745
cycle,25.0,0.25,0.7,773.5025098951364,265.06666666666666,773.5025098951364,0.011007514633928572,0.036339006911555116
cycle,25.0,0.25,0.7,774.1693673300546,265.3,774.1693673300546,0.011012603632046924,0.03636465563885649
cycle,25.0,0.25,0.7,774.836203248565,265.53333333333336,774.836203248565,0.011017690510940148,0.036390299359376765
cycle,25.0,0.25,0.7,775.5030176556558,265.76666666666665,775.5030176556558,0.011022775273350605,0.036415938077732246
cycle,25.0,0.25,0.7,776.16981055631,266.0,776.16981055631,0.011027857922014661,0.036441571798531025
cycle,25.0,0.25,0.7,776.8365819555056,266.23333333333335,776.8365819555056,0.011032938459662689,0.03646720052637231
cycle,25.0,0.25,0.7,777.5033318582153,266.46666666666664,777.5033318582153,0.011038016889019397,0.0364928242658471
cycle,25.0,0.25,0.7,778.1700602694069,266.7,778.1700602694069,0.01104309321280339,0.03651844302153773
cycle,25.0,0.25,0.7,778.8367671940429,266.93333333333334,778.8367671940429,0.011048167433727385,0.0365440567980182
cycle,25.0,0.25,0.7,779.5034526370806,267.1666666666667,779.5034526370806,0.011053239554498218,0.03656966559985397
cycle,25.0,0.25,0.7,780.1701166034726,267.4,780.1701166034726,0.01105830957781706,0.03659526943160207
cycle,25.0,0.25,0.7,780.836759098166,267.6333333333333,780.836759098166,0.01106337750637909,0.03662086829781119
cycle,25.0,0.25,0.7,781.503380126103,267.8666666666667,781.503380126103,0.011068443342873713,0.03664646220302181
cycle,25.0,0.25,0.7,782.1699796922209,268.1,782.1699796922209,0.011073507089984558,0.03667205115176586
cycle,25.0,0.25,0.7,782.8365578014516,268.3333333333333,782.8365578014516,0.011078568750389595,0.03669763514856683
cycle,25.0,0.25,0.7,783.5031144587223,268.56666666666666,783.5031144587223,0.011083628326760686,0.036723214197940224
cycle,25.0,0.25,0.7,784.169649668955,268.8,784.169649668955,0.011088685821764477,0.0367487883043931
cycle,25.0,0.25,0.7,784.8361634370667,269.03333333333336,784.8361634370667,0.011093741238061394,0.0367743574724243
cycle,25.0,0.25,0.7,785.5026557679694,269.26666666666665,785.5026557679694,0.011098794578306426,0.03679992170652435
cycle,25.0,0.25,0.7,786.16912666657,269.5,786.16912666657,0.011103845845148896,0.036825481011175665
cycle,25.0,0.25,0.7,786.8355761377707,269.73333333333335,786.8355761377707,0.011108895041232358,0.03685103539085255
cycle,25.0,0.25,0.7,787.5020041864682,269.96666666666664,787.5020041864682,0.011113942169194702,0.03687658485002088
cycle,25.0,0.25,0.7,788.1684108175548,270.2,788.1684108175548,0.011118987231668265,0.03690212939313853
cycle,25.0,0.25,0.7,788.8347960359174,270.43333333333334,788.8347960359174,0.011124030231279614,0.036927669024655385
cycle,25.0,0.25,0.7,789.5011598464382,270.6666666666667,789.5011598464382,0.011129071170649874,0.03695320374901301
cycle,25.0,0.25,0.7,790.1675022539945,270.9,790.1675022539945,0.011134110052394619,0.03697873357064507
cycle,25.0,0.25,0.7,790.8338232634584,271.1333333333333,790.8338232634584,0.011139146879123762,0.03700425849397704
cycle,25.0,0.25,0.7,791.5001228796972,271.3666666666667,791.5001228796972,0.011144181653441443,0.03702977852342648
cycle,25.0,0.25,0.7,792.1664011075734,271.6,792.1664011075734,0.011149214377946803,0.037055293663402766
cycle,25.0,0.25,0.7,792.8326579519445,271.8333333333333,792.8326579519445,0.011154245055232881,0.03708080391830748
cycle,25.0,0.25,0.7,793.498893417663,272.06666666666666,793.498893417663,0.011159273687887716,0.03710630929253422
cycle,25.0,0.25,0.7,794.1651075095767,272.3,794.1651075095767,0.011164300278493466,0.03713180979046837
cycle,25.0,0.25,0.7,794.8313002325284,272.53333333333336,794.8313002325284,0.011169324829626959,0.03715730541648776
cycle,25.0,0.25,0.7,795.4974715913561,272.76666666666665,795.4974715913561,0.011174347343859803,0.03718279617496201
cycle,25.0,0.25,0.7,796.163621590893,273.0,796.163621590893,0.011179367823757724,0.03720828207025306
cycle,25.0,0.25,0.7,796.8297502359671,273.23333333333335,796.8297502359671,0.011184386271881452,0.03723376310671478
cycle,25.0,0.25,0.7,797.4958575314021,273.46666666666664,797.4958575314021,0.011189402690785943,0.03725923928869357
cycle,25.0,0.25,0.7,798.1619434820165,273.7,798.1619434820165,0.011194417083021047,0.03728471062052752
cycle,25.0,0.25,0.7,798.8280080926239,273.93333333333334,798.8280080926239,0.011199429451131171,0.03731017710654738
cycle,25.0,0.25,0.7,799.4940513680335,274.1666666666667,799.4940513680335,0.011204439797655175,0.037335638751075706
cycle,25.0,0.25,0.7,800.1600733130495,274.4,800.1600733130495,0.01120944812512692,0.03736109555842759
cycle,25.0,0.25,0.7,800.826073932471,274.6333333333333,800.826073932471,0.011214454436074717,0.037386547532910375
cycle,25.0,0.25,0.7,801.4920532310927,274.8666666666667,801.4920532310927,0.011219458733021437,0.03741199467882339
cycle,25.0,0.25,0.7,802.1580112137044,275.1,802.1580112137044,0.011224461018485066,0.03743743700045876
cycle,25.0,0.25,0.7,802.8239478850911,275.3333333333333,802.8239478850911,0.011229461294977816,0.037462874502100396
cycle,25.0,0.25,0.7,803.4898632500332,275.56666666666666,803.4898632500332,0.011234459565007127,0.03748830718802498
cycle,25.0,0.25,0.7,804.155757313306,275.8,804.155757313306,0.011239455831074774,0.03751373506250122
cycle,25.0,0.25,0.7,804.8216300796805,276.03333333333336,804.8216300796805,0.011244450095677538,0.037539158129790584
cycle,25.0,0.25,0.7,805.4874815539226,276.26666666666665,805.4874815539226,0.011249442361306983,0.037564576394146676
cycle,25.0,0.25,0.7,806.1533117407938,276.5,806.1533117407938,0.01125443263044934,0.03758998985981554
cycle,25.0,0.25,0.7,806.8191206450506,276.73333333333335,806.8191206450506,0.011259420905585737,0.03761539853103568
cycle,25.0,0.25,0.7,807.484908271445,276.96666666666664,807.484908271445,0.011264407189192194,0.037640802412038266
cycle,25.0,0.25,0.7,808.150674624724,277.2,808.150674624724,0.0112693914837394,0.03766620150704658
cycle,25.0,0.25,0.7,808.8164197096305,277.43333333333334,808.8164197096305,0.011274373791692938,0.0376915958202767
cycle,25.0,0.25,0.7,809.4821435309021,277.6666666666667,809.4821435309021,0.011279354115513507,0.03771698535593715
cycle,25.0,0.25,0.7,810.1478460932722,277.9,810.1478460932722,0.011284332457656476,0.03774237011822901
cycle,25.0,0.25,0.7,810.8135274014691,278.1333333333333,810.8135274014691,0.011289308820571997,0.03776775011134592
cycle,25.0,0.25,0.7,811.4791874602167,278.3666666666667,811.4791874602167,0.011294283206705558,0.0377931253394741
cycle,25.0,0.25,0.7,812.1448262742344,278.6,812.1448262742344,0.011299255618497095,0.037818495806792196
cycle,25.0,0.25,0.7,812.8104438482368,278.8333333333333,812.8104438482368,0.011304226058381883,0.03784386151747188
cycle,25.0,0.25,0.7,813.4760401869337,279.06666666666666,813.4760401869337,0.011309194528789868,0.037869222475677033
cycle,25.0,0.25,0.7,814.1416152950305,279.3,814.1416152950305,0.01131416103214622,0.03789457868556445
cycle,25.0,0.25,0.7,814.8071691772282,279.53333333333336,814.8071691772282,0.011319125570871003,0.03791993015128359
cycle,25.0,0.25,0.7,815.4727018382226,279.76666666666665,815.4727018382226,0.011324088147379063,0.037945276876976575
cycle,25.0,0.25,0.7,816.1382132827056,280.0,816.1382132827056,0.011329048764080696,0.037970618866778105
cycle,25.0,0.25,0.7,816.803703515364,280.23333333333335,816.803703515364,0.011334007423380865,0.03799595612481588
cycle,25.0,0.25,0.7,817.4691725408802,280.46666666666664,817.4691725408802,0.011338964127679874,0.03802128865521026
cycle,25.0,0.25,0.7,818.1346203639322,280.7,818.1346203639322,0.011343918879372805,0.03804661646207419
cycle,25.0,0.25,0.7,818.8000469891932,280.93333333333334,818.8000469891932,0.011348871680850081,0.03807193954951371
cycle,25.0,0.25,0.7,819.465452421332,281.1666666666667,819.465452421332,0.011353822534497016,0.038097257921627325
cycle,25.0,0.25,0.7,820.1308366650127,281.4,820.1308366650127,0.011358771442694038,0.03812257158250687
cycle,25.0,0.25,0.7,820.796199724895,281.6333333333333,820.796199724895,0.011363718407816914,0.03814788053623652
cycle,25.0,0.25,0.7,821.4615416056341,281.8666666666667,821.4615416056341,0.011368663432236414,0.03817318478689358
cycle,25.0,0.25,0.7,822.1268623118807,282.1,822.1268623118807,0.011373606518318202,0.03819848433854822
cycle,25.0,0.25,0.7,822.7921618482809,282.3333333333333,822.7921618482809,0.011378547668423611,0.03822377919526343
cycle,25.0,0.25,0.7,823.4574402194763,282.56666666666666,823.4574402194763,0.011383486884908867,0.03824906936109529
cycle,25.0,0.25,0.7,824.1226974301042,282.8,824.1226974301042,0.0113884241701252,0.03827435484009256
cycle,25.0,0.25,0.7,824.787933484797,283.03333333333336,824.787933484797,0.0113933595264194,0.038299635636297236
cycle,25.0,0.25,0.7,825.4531483881831,283.26666666666665,825.4531483881831,0.01139829295613326,0.038324911753744084
cycle,25.0,0.25,0.7,826.1183421448861,283.5,826.1183421448861,0.011403224461603911,0.03835018319646111
cycle,25.0,0.25,0.7,826.7835147595255,283.73333333333335,826.7835147595255,0.01140815404516371,0.03837544996846898
cycle,25.0,0.25,0.7,827.4486662367159,283.96666666666664,827.4486662367159,0.011413081709140238,0.038400712073781706
cycle,25.0,0.25,0.7,828.1137965810678,284.2,828.1137965810678,0.011418007455856194,0.0384259695164062
cycle,25.0,0.25,0.7,828.7789057971872,284.43333333333334,828.7789057971872,0.011422931287629945,0.03845122230034248
cycle,25.0,0.25,0.7,829.4439938896757,284.6666666666667,829.4439938896757,0.011427853206774863,0.03847647042958369
cycle,25.0,0.25,0.7,830.1090608631303,284.9,830.1090608631303,0.011432773215599656,0.038501713908115964
cycle,25.0,0.25,0.7,830.7741067221436,285.1333333333333,830.7741067221436,0.011437691316408483,0.038526952739918685
cycle,25.0,0.25,0.7,831.4391314713042,285.3666666666667,831.4391314713042,0.011442607511500724,0.03855218692896434
cycle,25.0,0.25,0.7,832.1041351151958,285.6,832.1041351151958,0.011447521803171212,0.03857741647921842
cycle,25.0,0.25,0.7,832.7691176583982,285.8333333333333,832.7691176583982,0.011452434193710004,0.03860264139463987
cycle,25.0,0.25,0.7,833.4340791054863,286.06666666666666,833.4340791054863,0.011457344685402715,0.03862786167918064
cycle,25.0,0.25,0.7,834.099019461031,286.3,834.099019461031,0.011462253280530077,0.0386530773367858
cycle,25.0,0.25,0.7,834.763938729599,286.53333333333336,834.763938729599,0.011467159981368713,0.038678288371393976
cycle,25.0,0.25,0.7,835.4288369157521,286.76666666666665,835.4288369157521,0.011472064790190029,0.03870349478693669
cycle,25.0,0.25,0.7,836.093714024048,287.0,836.093714024048,0.011476967709261432,0.03872869658733902
cycle,25.0,0.25,0.7,836.7585700590404,287.23333333333335,836.7585700590404,0.011481868740845336,0.038753893776519055
cycle,25.0,0.25,0.7,837.4234050252783,287.46666666666664,837.4234050252783,0.011486767887200044,0.038779086358388226
cycle,25.0,0.25,0.7,838.0882189273063,287.7,838.0882189273063,0.011491665150578867,0.03880427433685152
cycle,25.0,0.25,0.7,838.7530117696651,287.93333333333334,838.7530117696651,0.011496560533231004,0.038829457715807036
cycle,25.0,0.25,0.7,839.4177835568908,288.1666666666667,839.4177835568908,0.011501454037400771,0.03885463649914622
cycle,25.0,0.25,0.7,840.0825342935152,288.4,840.0825342935152,0.011506345665328377,0.03887981069075386
cycle,25.0,0.25,0.7,840.747263984066,288.6333333333333,840.747263984066,0.011511235419249255,0.038904980294508396
cycle,25.0,0.25,0.7,841.4119726330663,288.8666666666667,841.4119726330663,0.01151612330139451,0.038930145314281184
cycle,25.0,0.25,0.7,842.0766602450353,289.1,842.0766602450353,0.011521009313990804,0.038955305753937575
cycle,25.0,0.25,0.7,842.7413268244878,289.3333333333333,842.7413268244878,0.01152589345926014,0.038980461617335815
cycle,25.0,0.25,0.7,843.4059723759342,289.56666666666666,843.4059723759342,0.011530775739420518,0.039005612908327936
cycle,25.0,0.25,0.7,844.0705969038808,289.8,844.0705969038808,0.011535656156685059,0.03903075963075919
cycle,25.0,0.25,0.7,844.7352004128295,290.03333333333336,844.7352004128295,0.011540534713262662,0.03905590178846863
cycle,25.0,0.25,0.7,845.3997829072783,290.26666666666665,845.3997829072783,0.011545411411358009,0.03908103938528851
cycle,25.0,0.25,0.7,846.0643443917207,290.5,846.0643443917207,0.011550286253171227,0.03910617242504466
cycle,25.0,0.25,0.7,846.728884870646,290.73333333333335,846.728884870646,0.011555159240898005,0.03913130091155659
cycle,25.0,0.25,0.7,847.3934043485392,290.96666666666664,847.3934043485392,0.011560030376729813,0.03915642484863713
cycle,25.0,0.25,0.7,848.0579028298814,291.2,848.0579028298814,0.01156489966285379,0.03918154424009279
cycle,25.0,0.25,0.7,848.7223803191494,291.43333333333334,848.7223803191494,0.011569767101452633,0.03920665908972387
cycle,25.0,0.25,0.7,849.3868368208156,291.6666666666667,849.3868368208156,0.011574632694704712,0.03923176940132378
cycle,25.0,0.25,0.7,850.0512723393483,291.9,850.0512723393483,0.011579496444784176,0.03925687517867993
cycle,25.0,0.25,0.7,850.715686879212,292.1333333333333,850.715686879212,0.011584358353860846,0.039281976425573184
cycle,25.0,0.25,0.7,851.3800804448664,292.3666666666667,851.3800804448664,0.011589218424100323,0.03930707314577819
cycle,25.0,0.25,0.7,852.0444530407675,292.6,852.0444530407675,0.011594076657663765,0.03933216534306305
cycle,25.0,0.25,0.7,852.708804671367,292.8333333333333,852.708804671367,0.011598933056708338,0.03935725302118964
cycle,25.0,0.25,0.7,853.3731353411125,293.06666666666666,853.3731353411125,0.011603787623386541,0.039382336183913735
cycle,25.0,0.25,0.7,854.0374450544474,293.3,854.0374450544474,0.011608640359847211,0.03940741483498433
cycle,25.0,0.25,0.7,854.701733815811,293.53333333333336,854.701733815811,0.01161349126823441,0.039432488978144664
cycle,25.0,0.25,0.7,855.3660016296386,293.76666666666665,855.3660016296386,0.011618340350688316,0.039457558617131294
cycle,25.0,0.25,0.7,856.0302485003612,294.0,856.0302485003612,0.011623187609344776,0.039482623755674795
cycle,25.0,0.25,0.7,856.6944744324056,294.23333333333335,856.6944744324056,0.011628033046335418,0.03950768439749941
cycle,25.0,0.25,0.7,857.3586794301949,294.46666666666664,857.3586794301949,0.011632876663787872,0.039532740546323164
cycle,25.0,0.25,0.7,858.0228634981478,294.7,858.0228634981478,0.011637718463825442,0.03955779220585798
cycle,25.0,0.25,0.7,858.687026640679,294.93333333333334,858.687026640679,0.01164255844856732,0.03958283937980933
cycle,25.0,0.25,0.7,859.3511688621992,295.1666666666667,859.3511688621992,0.01164739662012848,0.03960788207187682
cycle,25.0,0.25,0.7,860.0152901671148,295.4,860.0152901671148,0.011652232980619903,0.039632920285753714
cycle,25.0,0.25,0.7,860.6793905598283,295.6333333333333,860.6793905598283,0.011657067532148346,0.039657954025127284
cycle,25.0,0.25,0.7,861.3434700447383,295.8666666666667,861.3434700447383,0.011661900276816461,0.039682983293678475
cycle,25.0,0.25,0.7,862.0075286262389,296.1,862.0075286262389,0.011666731216722903,0.03970800809508224
cycle,25.0,0.25,0.7,862.6715663087207,296.3333333333333,862.6715663087207,0.011671560353961996,0.03973302843300741
cycle,25.0,0.25,0.7,863.3355830965698,296.56666666666666,863.3355830965698,0.011676387690624401,0.03975804431111685
cycle,25.0,0.25,0.7,863.9995789941686,296.8,863.9995789941686,0.011681213228796228,0.039783055733067174
cycle,25.0,0.25,0.7,864.6635540058953,297.03333333333336,864.6635540058953,0.011686036970559921,0.03980806270250914
cycle,25.0,0.25,0.7,865.3275081361242,297.26666666666665,865.3275081361242,0.011690858917993707,0.03983306522308727
cycle,25.0,0.25,0.7,865.9914413892254,297.5,865.9914413892254,0.011695679073171705,0.039858063298440216
cycle,25.0,0.25,0.7,866.6553537695653,297.73333333333335,866.6553537695653,0.011700497438164148,0.0398830569322004
cycle,25.0,0.25,0.7,867.319245281506,297.96666666666664,867.319245281506,0.011705314015037271,0.0399080461279947
cycle,25.0,0.25,0.7,867.9831159294059,298.2,867.9831159294059,0.011710128805853204,0.039933030889443444
cycle,25.0,0.25,0.7,868.6469657176192,298.43333333333334,868.6469657176192,0.011714941812670188,0.039958011220161516
cycle,25.0,0.25,0.7,869.3107946504962,298.6666666666667,869.3107946504962,0.011719753037542469,0.039982987123757585
cycle,25.0,0.25,0.7,869.9746027323832,298.9,869.9746027323832,0.011724562482520184,0.04000795860383444
cycle,25.0,0.25,0.7,870.6383899676227,299.1333333333333,870.6383899676227,0.011729370149649698,0.04003292566398875
cycle,25.0,0.25,0.7,871.3021563605532,299.3666666666667,871.3021563605532,0.011734176040973265,0.04005788830781165
cycle,25.0,0.25,0.7,871.9659019155091,299.6,871.9659019155091,0.011738980158529477,0.04008284653888827
cycle,25.0,0.25,0.7,872.629626636821,299.8333333333333,872.629626636821,0.011743782504352707,0.04010780036079764
cycle,25.0,0.25,0.7,873.2933305288153,300.06666666666666,873.2933305288153,0.01174858308047344,0.04013274977711323
cycle,25.0,0.25,0.7,873.957013595815,300.3,873.957013595815,0.011753381888918502,0.04015769479140241
cycle,25.0,0.25,0.7,874.6206758421388,300.53333333333336,874.6206758421388,0.011758178931710606,0.040182635407226885
cycle,25.0,0.25,0.7,875.2843172721015,300.76666666666665,875.2843172721015,0.011762974210868693,0.04020757162814248
cycle,25.0,0.25,0.7,875.9479378900141,301.0,875.9479378900141,0.011767767728407708,0.04023250345769913
cycle,25.0,0.25,0.7,876.6115377001838,301.23333333333335,876.6115377001838,0.01177255948633893,0.04025743089944134
cycle,25.0,0.25,0.7,877.2751167069138,301.46666666666664,877.2751167069138,0.01177734948666942,0.04028235395690738
cycle,25.0,0.25,0.7,877.9386749145033,301.7,877.9386749145033,0.011782137731402909,0.04030727263362999
cycle,25.0,0.25,0.7,878.6022123272478,301.93333333333334,878.6022123272478,0.01178692422253902,0.040332186933136005
cycle,25.0,0.25,0.7,879.2657289494389,302.1666666666667,879.2657289494389,0.011791708962073377,0.04035709685894695
cycle,25.0,0.25,0.7,879.9292247853641,302.4,879.9292247853641,0.011796491951998167,0.04038200241457801
cycle,25.0,0.25,0.7,880.5926998393076,302.6333333333333,880.5926998393076,0.011801273194301465,0.04040690360353916
cycle,25.0,0.25,0.7,881.2561541155491,302.8666666666667,881.2561541155491,0.011806052690967794,0.040431800429334475
cycle,25.0,0.25,0.7,881.9195876183649,303.1,881.9195876183649,0.011810830443977793,0.040456692895462276
cycle,25.0,0.25,0.7,882.5830003520273,303.3333333333333,882.5830003520273,0.011815606455308325,0.040481581005415435
cycle,25.0,0.25,0.7,883.2463923208048,303.56666666666666,883.2463923208048,0.011820380726932478,0.04050646476268105
cycle,25.0,0.25,0.7,883.9097635289621,303.8,883.9097635289621,0.011825153260819565,0.04053134417074056
cycle,25.0,0.25,0.7,884.57311398076,304.03333333333336,884.57311398076,0.011829924058935237,0.040556219233069846
cycle,25.0,0.25,0.7,885.2364436804556,304.26666666666665,885.2364436804556,0.01183469312324148,0.04058108995313914
cycle,25.0,0.25,0.7,885.8997526323021,304.5,885.8997526323021,0.011839460455696393,0.040605956334412996
cycle,25.0,0.25,0.7,886.5630408405491,304.73333333333335,886.5630408405491,0.011844226058254415,0.04063081838035054
cycle,25.0,0.25,0.7,887.2263083094421,304.96666666666664,887.2263083094421,0.011848989932866316,0.040655676094405235
cycle,25.0,0.25,0.7,887.889555043223,305.2,887.889555043223,0.011853752081479318,0.040680529480024985
cycle,25.0,0.25,0.7,888.55278104613,305.43333333333334,888.55278104613,0.011858512506036645,0.04070537854065226
cycle,25.0,0.25,0.7,889.2159863223973,305.6666666666667,889.2159863223973,0.011863271208478077,0.040730223279723754
cycle,25.0,0.25,0.7,889.8791708762556,305.9,889.8791708762556,0.011868028190739621,0.040755063700670946
cycle,25.0,0.25,0.7,890.5423347119315,306.1333333333333,890.5423347119315,0.011872783454753844,0.04077989980691965
cycle,25.0,0.25,0.7,891.2054778336484,306.3666666666667,891.2054778336484,0.011877537002449423,0.04080473160189002
cycle,25.0,0.25,0.7,891.8686002456253,306.6,891.8686002456253,0.011882288835751487,0.040829559088997214
cycle,25.0,0.25,0.7,892.531701952078,306.8333333333333,892.531701952078,0.011887038956581608,0.04085438227165039
cycle,25.0,0.25,0.7,893.1947829572183,307.06666666666666,893.1947829572183,0.011891787366857587,0.04087920115325361
cycle,25.0,0.25,0.7,893.8578432652542,307.3,893.8578432652542,0.011896534068493891,0.04090401573720526
cycle,25.0,0.25,0.7,894.5208828803902,307.53333333333336,894.5208828803902,0.011901279063401105,0.040928826026898624
cycle,25.0,0.25,0.7,895.183901806827,307.76666666666665,895.183901806827,0.011906022353486367,0.04095363202572111
cycle,25.0,0.25,0.7,895.8469000487615,308.0,895.8469000487615,0.01191076394065338,0.04097843373705512
cycle,25.0,0.25,0.7,896.5098776103871,308.23333333333335,896.5098776103871,0.011915503826801954,0.04100323116427762
cycle,25.0,0.25,0.7,897.1728344958933,308.46666666666664,897.1728344958933,0.011920242013828575,0.041028024310759914
cycle,25.0,0.25,0.7,897.8357707094661,308.7,897.8357707094661,0.011924978503626171,0.0410528131798682
cycle,25.0,0.25,0.7,898.4986862552877,308.93333333333334,898.4986862552877,0.01192971329808401,0.04107759777496345
cycle,25.0,0.25,0.7,899.1615811375366,309.1666666666667,899.1615811375366,0.011934446399088028,0.04110237809940087
cycle,25.0,0.25,0.7,899.8244553603877,309.4,899.8244553603877,0.011939177808520385,0.041127154156530676
cycle,25.0,0.25,0.7,900.4873089280121,309.6333333333333,900.4873089280121,0.011943907528260023,0.04115192594969763
cycle,25.0,0.25,0.7,901.1501418445775,309.8666666666667,901.1501418445775,0.01194863556018222,0.0411766934822414
cycle,25.0,0.25,0.7,901.8129541142479,310.1,901.8129541142479,0.0119533619061587,0.04120145675749609
cycle,25.0,0.25,0.7,902.4757457411833,310.3333333333333,902.4757457411833,0.011958086568057857,0.04122621577879082
cycle,25.0,0.25,0.7,903.1385167295406,310.56666666666666,903.1385167295406,0.011962809547744424,0.04125097054944904
cycle,25.0,0.25,0.7,903.8012670834726,310.8,903.8012670834726,0.01196753084707991,0.04127572107278932
cycle,25.0,0.25,0.7,904.4639968071286,311.03333333333336,904.4639968071286,0.011972250467922163,0.04130046735212489
cycle,25.0,0.25,0.7,905.1267059046546,311.26666666666665,905.1267059046546,0.01197696841212581,0.04132520939076367
cycle,25.0,0.25,0.7,905.7893943801926,311.5,905.7893943801926,0.011981684681541704,0.041349947192008574
cycle,25.0,0.25,0.7,906.452062237881,311.73333333333335,906.452062237881,0.01198639927801759,0.04137468075915696
cycle,25.0,0.25,0.7,907.114709481855,311.96666666666664,907.114709481855,0.011991112203397658,0.04139941009550141
cycle,25.0,0.25,0.7,907.7773361162458,312.2,907.7773361162458,0.011995823459522659,0.04142413520432897
cycle,25.0,0.25,0.7,908.4399421451811,312.43333333333334,908.4399421451811,0.012000533048230011,0.04144885608892179
cycle,25.0,0.25,0.7,909.1025275727851,312.6666666666667,909.1025275727851,0.012005240971353803,0.0414735727525567
cycle,25.0,0.25,0.7,909.7650924031784,312.9,909.7650924031784,0.01200994723072446,0.04149828519850551
cycle,25.0,0.25,0.7,910.427636640478,313.1333333333333,910.427636640478,0.012014651828169298,0.04152299343003474
cycle,25.0,0.25,0.7,911.0901602887973,313.3666666666667,911.0901602887973,0.012019354765512302,0.041547697450406096
cycle,25.0,0.25,0.7,911.7526633522461,313.6,911.7526633522461,0.012024056044573905,0.04157239726287576
cycle,25.0,0.25,0.7,912.415145834931,313.8333333333333,912.415145834931,0.01202875566717121,0.04159709287069513
cycle,25.0,0.25,0.7,913.0776077409545,314.06666666666666,913.0776077409545,0.012033453635118208,0.041621784277110496
cycle,25.0,0.25,0.7,913.7400490744159,314.3,913.7400490744159,0.01203814995022523,0.041646471485362935
cycle,25.0,0.25,0.7,914.402469839411,314.53333333333336,914.402469839411,0.012042844614299497,0.04167115449868852
cycle,25.0,0.25,0.7,915.0648700400319,314.76666666666665,915.0648700400319,0.0120475376291449,0.041695833320318454
cycle,25.0,0.25,0.7,915.7272496803673,315.0,915.7272496803673,0.012052228996562109,0.0417205079534787
cycle,25.0,0.25,0.7,916.3896087645023,315.23333333333335,916.3896087645023,0.01205691871834813,0.04174517840139025
cycle,25.0,0.25,0.7,917.0519472965185,315.46666666666664,917.0519472965185,0.012061606796297086,0.041769844667269074
cycle,25.0,0.25,0.7,917.714265280494,315.7,917.714265280494,0.012066293232199654,0.04179450675432628
cycle,25.0,0.25,0.7,918.3765627205034,315.93333333333334,918.3765627205034,0.012070978027843293,0.04181916466576774
cycle,25.0,0.25,0.7,919.0388396206179,316.1666666666667,919.0388396206179,0.012075661185012132,0.041843818404794564
cycle,25.0,0.25,0.7,919.701095984905,316.4,919.701095984905,0.012080342705486968,0.04186846797460286
cycle,25.0,0.25,0.7,920.363331817429,316.6333333333333,920.363331817429,0.012085022591045491,0.04189311337838364
cycle,25.0,0.25,0.7,921.0255471222504,316.8666666666667,921.0255471222504,0.012089700843462281,0.04191775461932323
cycle,25.0,0.25,0.7,921.6877419034264,317.1,921.6877419034264,0.012094377464508255,0.041942391700602766
cycle,25.0,0.25,0.7,922.3499161650108,317.3333333333333,922.3499161650108,0.012099052455951664,0.041967024625398586
cycle,25.0,0.25,0.7,923.0120699110538,317.56666666666666,923.0120699110538,0.012103725819556987,0.04199165339688227
cycle,25.0,0.25,0.7,923.6742031456023,317.8,923.6742031456023,0.012108397557085926,0.042016278018220055
cycle,25.0,0.25,0.7,924.3363158726996,318.03333333333336,924.3363158726996,0.01211306767029674,0.042040898492573864
cycle,25.0,0.25,0.7,924.9984080963857,318.26666666666665,924.9984080963857,0.012117736160944692,0.04206551482310039
cycle,25.0,0.25,0.7,925.6604798206969,318.5,925.6604798206969,0.012122403030781603,0.04209012701295145
cycle,25.0,0.25,0.7,926.3225310496663,318.73333333333335,926.3225310496663,0.012127068281556408,0.04211473506527419
cycle,25.0,0.25,0.7,926.9845617873235,318.96666666666664,926.9845617873235,0.01213173191501471,0.04213933898321076
cycle,25.0,0.25,0.7,927.6465720376948,319.2,927.6465720376948,0.012136393932899003,0.04216393876989866
cycle,25.0,0.25,0.7,928.3085618048028,319.43333333333334,928.3085618048028,0.012141054336948565,0.04218853442847037
cycle,25.0,0.25,0.7,928.970531092667,319.6666666666667,928.970531092667,0.01214571312889956,0.04221312596205373
cycle,25.0,0.25,0.7,929.6324799053033,319.9,929.6324799053033,0.012150370310485159,0.04223771337377169
cycle,25.0,0.25,0.7,930.2944082467243,320.1333333333333,930.2944082467243,0.0121550258834352,0.042262296666742416
cycle,25.0,0.25,0.7,930.9563161209392,320.3666666666667,930.9563161209392,0.012159679849476523,0.04228687584407931
cycle,25.0,0.25,0.7,931.6182035319537,320.6,931.6182035319537,0.012164332210332862,0.04231145090889099
cycle,25.0,0.25,0.7,932.2800704837703,320.8333333333333,932.2800704837703,0.01216898296772484,0.04233602186428154
cycle,25.0,0.25,0.7,932.9419169803879,321.06666666666666,932.9419169803879,0.01217363212336986,0.04236058871334991
cycle,25.0,0.25,0.7,933.6037430258021,321.3,933.6037430258021,0.01217827967898244,0.04238515145919064
cycle,25.0,0.25,0.7,934.2655486240054,321.53333333333336,934.2655486240054,0.012182925636273878,0.04240971010489336
cycle,25.0,0.25,0.7,934.9273337789866,321.76666666666665,934.9273337789866,0.012187569996952474,0.04243426465354316
cycle,25.0,0.25,0.7,935.5890984947313,322.0,935.5890984947313,0.012192212762723531,0.04245881510822025
cycle,25.0,0.25,0.7,936.2508427752216,322.23333333333335,936.2508427752216,0.01219685393528902,0.04248336147200038
cycle,25.0,0.25,0.7,936.9125666244365,322.46666666666664,936.9125666244365,0.01220149351634825,0.04250790374795432
cycle,25.0,0.25,0.7,937.5742700463516,322.7,937.5742700463516,0.012206131507597084,0.0425324419391484
cycle,25.0,0.25,0.7,938.2359530449388,322.93333333333334,938.2359530449388,0.012210767910728726,0.04255697604864428
cycle,25.0,0.25,0.7,938.8976156241672,323.1666666666667,938.8976156241672,0.012215402727433156,0.042581506079498954
cycle,25.0,0.25,0.7,939.5592577880024,323.4,939.5592577880024,0.012220035959397357,0.04260603203476465
cycle,25.0,0.25,0.7,940.2208795404065,323.6333333333333,940.2208795404065,0.012224667608305317,0.042630553917489156
cycle,25.0,0.25,0.7,940.8824808853384,323.8666666666667,940.8824808853384,0.012229297675838025,0.04265507173071548
cycle,25.0,0.25,0.7,941.5440618267538,324.1,941.5440618267538,0.01223392616367347,0.042679585477482185
cycle,25.0,0.25,0.7,942.205622368605,324.3333333333333,942.205622368605,0.012238553073486758,0.042704095160823186
cycle,25.0,0.25,0.7,942.867162514841,324.56666666666666,942.867162514841,0.012243178406949773,0.04272860078376772
cycle,25.0,0.25,0.7,943.5286822694075,324.8,943.5286822694075,0.012247802165731736,0.0427531023493406
cycle,25.0,0.25,0.7,944.1901816362468,325.03333333333336,944.1901816362468,0.012252424351498536,0.042777599860562066
cycle,25.0,0.25,0.7,944.8516606192984,325.26666666666665,944.8516606192984,0.01225704496591351,0.0428020933204476
cycle,25.0,0.25,0.7,945.513119222498,325.5,945.513119222498,0.012261664010636664,0.042826582732008456
cycle,25.0,0.25,0.7,946.1745574497781,325.73333333333335,946.1745574497781,0.012266281487325337,0.04285106809825101
cycle,25.0,0.25,0.7,946.8359753050682,325.96666666666664,946.8359753050682,0.012270897397633984,0.04287554942217742
cycle,25.0,0.25,0.7,947.4973727922944,326.2,947.4973727922944,0.01227551174321373,0.042900026706785055
cycle,25.0,0.25,0.7,948.1587499153794,326.43333333333334,948.1587499153794,0.012280124525713143,0.0429244999550672
cycle,25.0,0.25,0.7,948.8201066782428,326.6666666666667,948.8201066782428,0.012284735746777797,0.04294896917001212
cycle,25.0,0.25,0.7,949.4814430848011,326.9,949.4814430848011,0.012289345408050378,0.0429734343546041
cycle,25.0,0.25,0.7,950.1427591389672,327.1333333333333,950.1427591389672,0.012293953511170574,0.04299789551182254
cycle,25.0,0.25,0.7,950.8040548446511,327.3666666666667,950.8040548446511,0.012298560057775187,0.0430223526446426
cycle,25.0,0.25,0.7,951.4653302057594,327.6,951.4653302057594,0.012303165049498244,0.04304680575603492
cycle,25.0,0.25,0.7,952.1265852261955,327.8333333333333,952.1265852261955,0.012307768487970883,0.04307125484896579
cycle,25.0,0.25,0.7,952.7878199098596,328.06666666666666,952.7878199098596,0.012312370374821358,0.04309569992639706
cycle,25.0,0.25,0.7,953.4490342606488,328.3,953.4490342606488,0.012316970711674813,0.043120140991285916
cycle,25.0,0.25,0.7,954.1102282824567,328.53333333333336,954.1102282824567,0.01232156950015395,0.04314457804658556
cycle,25.0,0.25,0.7,954.7714019791739,328.76666666666665,954.7714019791739,0.012326166741878364,0.04316901109524429
cycle,25.0,0.25,0.7,955.4325553546879,329.0,955.4325553546879,0.01233076243846487,0.04319344014020643
cycle,25.0,0.25,0.7,956.0936884128828,329.23333333333335,956.0936884128828,0.012335356591527513,0.04321786518441173
cycle,25.0,0.25,0.7,956.7548011576396,329.46666666666664,956.7548011576396,0.012339949202677336,0.04324228623079551
cycle,25.0,0.25,0.7,957.4158935928361,329.7,957.4158935928361,0.01234454027352272,0.04326670328228899
cycle,25.0,0.25,0.7,958.076965722347,329.93333333333334,958.076965722347,0.012349129805669157,0.043291116341818814
cycle,25.0,0.25,0.7,958.7380175500438,330.1666666666667,958.7380175500438,0.012353717800719366,0.04331552541230721
cycle,25.0,0.25,0.7,959.3990490797946,330.4,959.3990490797946,0.0123583042602734,0.043339930496672285
cycle,25.0,0.25,0.7,960.0600603154647,330.6333333333333,960.0600603154647,0.012362889185928094,0.04336433159782782
cycle,25.0,0.25,0.7,960.721051260916,330.8666666666667,960.721051260916,0.01236747257927795,0.043388728718682934
cycle,25.0,0.25,0.7,961.3820219200074,331.1,961.3820219200074,0.012372054441914582,0.04341312186214297
cycle,25.0,0.25,0.7,962.0429722965946,331.3333333333333,962.0429722965946,0.01237663477542661,0.0434375110311086
cycle,25.0,0.25,0.7,962.70390239453,331.56666666666666,962.70390239453,0.012381213581400097,0.04346189622847629
cycle,25.0,0.25,0.7,963.3648122176631,331.8,963.3648122176631,0.012385790861418444,0.04348627745713818
cycle,25.0,0.25,0.7,964.0257017698401,332.03333333333336,964.0257017698401,0.012390366617061832,0.04351065471998239
cycle,25.0,0.25,0.7,964.6865710549042,332.26666666666665,964.6865710549042,0.012394940849908331,0.0435350280198924
cycle,25.0,0.25,0.7,965.3474200766954,332.5,965.3474200766954,0.012399513561532793,0.0435593973597479
cycle,25.0,0.25,0.7,966.0082488390505,332.73333333333335,966.0082488390505,0.012404084753507516,0.043583762742423815
cycle,25.0,0.25,0.7,966.6690573458033,332.96666666666664,966.6690573458033,0.012408654427402133,0.043608124170791296
cycle,25.0,0.25,0.7,967.3298456007846,333.2,967.3298456007846,0.01241322258478339,0.043632481647716936
cycle,25.0,0.25,0.7,967.9906136078218,333.43333333333334,967.9906136078218,0.01241778922721537,0.04365683517606345
cycle,25.0,0.25,0.7,968.6513613707396,333.6666666666667,968.6513613707396,0.012422354356259713,0.043681184758689096
cycle,25.0,0.25,0.7,969.312088893359,333.9,969.312088893359,0.012426917973474838,0.043705530398447934
cycle,25.0,0.25,0.7,969.9727961794987,334.1333333333333,969.9727961794987,0.012431480080417057,0.043729872098189904
cycle,25.0,0.25,0.7,970.6334832329736,334.3666666666667,970.6334832329736,0.01243604067863946,0.04375420986076095
cycle,25.0,0.25,0.7,971.2941500575961,334.6,971.2941500575961,0.012440599769692917,0.04377854368900258
cycle,25.0,0.25,0.7,971.954796657175,334.8333333333333,971.954796657175,0.012445157355125192,0.04380287358575219
cycle,25.0,0.25,0.7,972.6154230355164,335.06666666666666,972.6154230355164,0.012449713436481824,0.04382719955384318
cycle,25.0,0.25,0.7,973.2760291964232,335.3,973.2760291964232,0.01245426801530547,0.043851521596104615
cycle,25.0,0.25,0.7,973.9366151436952,335.53333333333336,973.9366151436952,0.012458821093135897,0.043875839715361686
cycle,25.0,0.25,0.7,974.5971808811292,335.76666666666665,974.5971808811292,0.012463372671510653,0.043900153914435136
cycle,25.0,0.25,0.7,975.2577264125191,336.0,975.2577264125191,0.0124679227519644,0.04392446419614193
cycle,25.0,0.25,0.7,975.9182517416555,336.23333333333335,975.9182517416555,0.012472471336029356,0.043948770563294604
cycle,25.0,0.25,0.7,976.5787568723259,336.46666666666664,976.5787568723259,0.012477018425234743,0.0439730730187019
cycle,25.0,0.25,0.7,977.2392418083151,336.7,977.2392418083151,0.01248156402110756,0.04399737156516825
cycle,25.0,0.25,0.7,977.8997065534047,336.93333333333334,977.8997065534047,0.012486108125171924,0.04402166620549419
cycle,25.0,0.25,0.7,978.5601511113732,337.1666666666667,978.5601511113732,0.012490650738949394,0.04404595694247593
cycle,25.0,0.25,0.7,979.2205754859962,337.4,979.2205754859962,0.012495191863959199,0.044070243778906004
cycle,25.0,0.25,0.7,979.8809796810461,337.6333333333333,979.8809796810461,0.01249973150171757,0.044094526717572524
cycle,25.0,0.25,0.7,980.5413637002927,337.8666666666667,980.5413637002927,0.012504269653738298,0.044118805761259816
cycle,25.0,0.25,0.7,981.2017275475022,338.1,981.2017275475022,0.012508806321532728,0.04414308091274799
cycle,25.0,0.25,0.7,981.8620712264382,338.3333333333333,981.8620712264382,0.012513341506609432,0.04416735217481327
cycle,25.0,0.25,0.7,982.5223947408612,338.56666666666666,982.5223947408612,0.012517875210474538,0.04419161955022777
cycle,25.0,0.25,0.7,983.1826980945286,338.8,983.1826980945286,0.01252240743463151,0.04421588304175972
cycle,25.0,0.25,0.7,983.8429812911952,339.03333333333336,983.8429812911952,0.01252693818058137,0.04424014265217313
cycle,25.0,0.25,0.7,984.5032443346123,339.26666666666665,984.5032443346123,0.012531467449822475,0.04426439838422824
cycle,25.0,0.25,0.7,985.1634872285284,339.5,985.1634872285284,0.012535995243850628,0.04428865024068129
cycle,25.0,0.25,0.7,985.8237099766892,339.73333333333335,985.8237099766892,0.01254052156415919,0.044312898224284414
cycle,25.0,0.25,0.7,986.4839125828373,339.96666666666664,986.4839125828373,0.012545046412238858,0.04433714233778585
cycle,25.0,0.25,0.7,987.1440950507123,340.2,987.1440950507123,0.012549569789578108,0.044361382583929965
cycle,25.0,0.25,0.7,987.8042573840509,340.43333333333334,987.8042573840509,0.012554091697662417,0.04438561896545701
cycle,25.0,0.25,0.7,988.4643995865866,340.6666666666667,988.4643995865866,0.012558612137975045,0.04440985148510346
cycle,25.0,0.25,0.7,989.1245216620505,340.9,989.1245216620505,0.012563131111996806,0.044434080145601684
cycle,25.0,0.25,0.7,989.7846236141702,341.1333333333333,989.7846236141702,0.01256764862120574,0.044458304949680394
cycle,25.0,0.25,0.7,990.4447054466706,341.3666666666667,990.4447054466706,0.012572164667077557,0.044482525900064074
cycle,25.0,0.25,0.7,991.1047671632736,341.6,991.1047671632736,0.01257667925108552,0.04450674299947355
cycle,25.0,0.25,0.7,991.7648087676981,341.8333333333333,991.7648087676981,0.012581192374700345,0.04453095625062575
cycle,25.0,0.25,0.7,992.4248302636604,342.06666666666666,992.4248302636604,0.012585704039390189,0.04455516565623341
cycle,25.0,0.25,0.7,993.0848316548735,342.3,993.0848316548735,0.012590214246620768,0.04457937121900568
cycle,25.0,0.25,0.7,993.7448129450476,342.53333333333336,993.7448129450476,0.012594722997855468,0.04460357294164785
cycle,25.0,0.25,0.7,994.40477413789,342.76666666666665,994.40477413789,0.01259923029455512,0.0446277708268612
cycle,25.0,0.25,0.7,995.0647152371049,343.0,995.0647152371049,0.01260373613817789,0.04465196487734313
cycle,25.0,0.25,0.7,995.7246362463941,343.23333333333335,995.7246362463941,0.012608240530179837,0.044676155095787484
cycle,25.0,0.25,0.7,996.3845371694559,343.46666666666664,996.3845371694559,0.012612743472014354,0.04470034148488389
cycle,25.0,0.25,0.7,997.0444180099861,343.7,997.0444180099861,0.012617244965132501,0.044724524047318304
cycle,25.0,0.25,0.7,997.7042787716774,343.93333333333334,997.7042787716774,0.012621745010982788,0.04474870278577292
cycle,25.0,0.25,0.7,998.3641194582196,344.1666666666667,998.3641194582196,0.0126262436110115,0.04477287770292604
cycle,25.0,0.25,0.7,999.0239400732999,344.4,999.0239400732999,0.012630740766662263,0.0447970488014523
cycle,25.0,0.25,0.7,999.6837406206022,344.6333333333333,999.6837406206022,0.012635236479376366,0.04482121608402223
cycle,25.0,0.25,0.7,1000.3435211038078,344.8666666666667,1000.3435211038078,0.01263973075059277,0.04484537955330292
cycle,45.0,0.25,0.7,0.7,0.23333333333333334,0.7,0.0008838095054787276,6.996056202568379e-05
cycle,45.0,0.25,0.7,1.3993323609527468,0.4666666666666667,1.3993323609527468,0.001348693305360582,0.00012780382748189822
cycle,45.0,0.25,0.7,2.098298812959757,0.7,2.098298812959757,0.0016663338662622484,0.00017880099104539138
cycle,45.0,0.25,0.7,2.7970072185596417,0.9333333333333333,2.7970072185596417,0.0019288567985185079,0.000226335564513791
cycle,45.0,0.25,0.7,3.495498583905519,1.1666666666666667,3.495498583905519,0.0021589536102553097,0.0002715769957920555
cycle,45.0,0.25,0.7,4.193797212481286,1.4,4.193797212481286,0.002366830294062261,0.0003151195812572949
cycle,45.0,0.25,0.7,4.891919847568563,1.6333333333333333,4.891919847568563,0.0025581804461606295,0.0003573214784441392
cycle,45.0,0.25,0.7,5.589878996221339,1.8666666666666667,5.589878996221339,0.0027365836492573292,0.00039842117018484835
cycle,45.0,0.25,0.7,6.287684492847729,2.1,6.287684492847729,0.0029044715712049918,0.00043858831434084866
cycle,45.0,0.25,0.7,6.985344350927847,2.3333333333333335,6.985344350927847,0.003063588869206546,0.0004779494552465957
cycle,45.0,0.25,0.7,7.68286527410073,2.566666666666667,7.68286527410073,0.003215239407288961,0.000516602401719024
cycle,45.0,0.25,0.7,8.380252984834424,2.8,8.380252984834424,0.0033604289946567167,0.0005546248842133172
cycle,45.0,0.25,0.7,9.077512447119215,3.033333333333333,9.077512447119215,0.003499953446386428,0.0005920800720051744
cycle,45.0,0.25,0.7,9.77464802365634,3.2666666666666666,9.77464802365634,0.0036344556443702603,0.0006290202515055743
cycle,45.0,0.25,0.7,10.471663590529227,3.5,10.471663590529227,0.0037644640120766404,0.0006654893703866849
cycle,45.0,0.25,0.7,11.168562623161503,3.7333333333333334,11.168562623161503,0.0038904193262371267,0.0007015248518098538
cycle,45.0,0.25,0.7,11.86534826223687,3.966666666666667,11.86534826223687,0.004012693927001099,0.0007371589219793417
cycle,45.0,0.25,0.7,12.562023365242583,4.2,12.562023365242583,0.004131605812241257,0.000772419603281782
cycle,45.0,0.25,0.7,13.258590547451716,4.433333333333334,13.258590547451716,0.004247429192863028,0.0008073314716161573
cycle,45.0,0.25,0.7,13.95505221498658,4.666666666666667,13.95505221498658,0.004360402540810493,0.0008419162436629213
cycle,45.0,0.25,0.7,14.651410591837449,4.9,14.651410591837449,0.004470734823161293,0.0008761932390641824
cycle,45.0,0.25,0.7,15.347667742193892,5.133333333333334,15.347667742193892,0.004578610399469274,0.000910179748974671
cycle,45.0,0.25,0.7,16.04382558908998,5.366666666666666,16.04382558908998,0.0046841929176454355,0.0009438913334309795
cycle,45.0,0.25,0.7,16.739885930114227,5.6,16.739885930114227,0.0047876284484221765,0.0009773420638440333
cycle,45.0,0.25,0.7,17.43585045075564,5.833333333333333,17.43585045075564,0.004889048033155485,0.0010105447226491648
cycle,45.0,0.25,0.7,18.131720735826576,6.066666666666666,18.131720735826576,0.004988569774130425,0.0010435109691235844
cycle,45.0,0.25,0.7,18.827498279306297,6.3,18.827498279306297,0.005086300564159485,0.0010762514782086674
cycle,45.0,0.25,0.7,19.52318449287664,6.533333333333333,19.52318449287664,0.005182337528914505,0.001108776057583194
cycle,45.0,0.25,0.7,20.218780713366094,6.766666666666667,20.218780713366094,0.005276769238363732,0.0011410937470646143
cycle,45.0,0.25,0.7,20.914288209276293,7.0,20.914288209276293,0.005369676731038053,0.0011732129035306738
cycle,45.0,0.25,0.7,21.609708186532096,7.233333333333333,21.609708186532096,0.005461134385376654,0.0012051412738902645
cycle,45.0,0.25,0.7,22.30504179357061,7.466666666666667,22.30504179357061,0.005551210665217687,0.001236886058122777
cycle,45.0,0.25,0.7,23.00029012586427,7.7,23.00029012586427,0.005639968761011582,0.0012684539640097636
cycle,45.0,0.25,0.7,23.695454229956756,7.933333333333334,23.695454229956756,0.005727467144080567,0.001299851254874529
cycle,45.0,0.25,0.7,24.390535107077486,8.166666666666666,24.390535107077486,0.00581376004794687,0.001331083791406118
cycle,45.0,0.25,0.7,25.08553371638994,8.4,25.08553371638994,0.005898897888148791,0.0013621570684509976
cycle,45.0,0.25,0.7,25.78045097792032,8.633333333333333,25.78045097792032,0.00598292762990571,0.0013930762475011793
cycle,45.0,0.25,0.7,26.475287775206137,8.866666666666667,26.475287775206137,0.006065893111354859,0.0014238461854874096
cycle,45.0,0.25,0.7,27.170044957698348,9.1,27.170044957698348,0.006147835328760398,0.0014544714603852427
cycle,45.0,0.25,0.7,27.864723342945947,9.333333333333334,27.864723342945947,0.006228792689036977,0.0014849563940583232
cycle,45.0,0.25,0.7,28.55932371858778,9.566666666666666,28.55932371858778,0.006308801234058192,0.0015153050727025885
cycle,45.0,0.25,0.7,29.253846844173047,9.8,29.253846844173047,0.006387894840519492,0.0015455213651924815
cycle,45.0,0.25,0.7,29.94829345282905,10.033333333333333,29.94829345282905,0.006466105398538979,0.0015756089395934092
cycle,45.0,0.25,0.7,30.642664252792358,10.266666666666667,30.642664252792358,0.006543462971703273,0.0016055712780599363
cycle,45.0,0.25,0.7,31.336959928817524,10.5,31.336959928817524,0.00661999594086482,0.0016354116903122273
cycle,45.0,0.25,0.7,32.0311811434757,10.733333333333333,32.0311811434757,0.006695731133666505,0.0016651333258554946
cycle,45.0,0.25,0.7,32.725328538354034,10.966666666666667,32.725328538354034,0.0067706939414908796,0.0016947391850830051
cycle,45.0,0.25,0.7,33.419402735165434,11.2,33.419402735165434,0.006844908425296392,0.0017242321293891028
cycle,45.0,0.25,0.7,34.11340433677715,11.433333333333334,34.11340433677715,0.006918397411609156,0.0017536148903974924
cycle,45.0,0.25,0.7,34.80733392816575,11.666666666666666,34.80733392816575,0.006991182579765831,0.0017828900783989354
cycle,45.0,0.25,0.7,35.501192077305035,11.9,35.501192077305035,0.007063284541366843,0.0018120601900816213
cycle,45.0,0.25,0.7,36.19497933599302,12.133333333333333,36.19497933599302,0.007134722912774394,0.0018411276156261591
cycle,45.0,0.25,0.7,36.88869624062314,12.366666666666667,36.88869624062314,0.007205516381385335,0.0018700946452275824
cycle,45.0,0.25,0.7,37.58234331290451,12.6,37.58234331290451,0.007275682766322955,0.0018989634751021
cycle,45.0,0.25,0.7,38.27592106053552,12.833333333333334,38.27592106053552,0.007345239074111221,0.0019277362130273312
cycle,45.0,0.25,0.7,38.96942997783452,13.066666666666666,38.96942997783452,0.007414201549830635,0.0019564148834607664
cycle,45.0,0.25,0.7,39.66287054633122,13.3,39.66287054633122,0.007482585724196578,0.0019850014322742027
cycle,45.0,0.25,0.7,40.35624323532169,13.533333333333333,40.35624323532169,0.007550406456951708,0.002013497731141123
cycle,45.0,0.25,0.7,41.049548502390024,13.766666666666667,41.049548502390024,0.007617677976918369,0.0020419055816072174
cycle,45.0,0.25,0.7,41.74278679389906,14.0,41.74278679389906,0.007684413919022304,0.0020702267188709156
cycle,45.0,0.25,0.7,42.43595854545253,14.233333333333333,42.43595854545253,0.007750627358561135,0.0020984628153012386
cycle,45.0,0.25,0.7,43.12906418233082,14.466666666666667,43.12906418233082,0.0078163308429674,0.002126615483713068
cycle,45.0,0.25,0.7,43.82210411990214,14.7,43.82210411990214,0.007881536421283863,0.0021546862804222577
cycle,45.0,0.25,0.7,44.51507876401095,14.933333333333334,44.51507876401095,0.007946255671551605,0.002182676708096576
cycle,45.0,0.25,0.7,45.2079885113452,15.166666666666666,45.2079885113452,0.008010499726288312,0.002210588218421128
cycle,45.0,0.25,0.7,45.9008337497839,15.4,45.9008337497839,0.008074279296217957,0.0022384222145918065
cycle,45.0,0.25,0.7,46.59361485872633,15.633333333333333,46.59361485872633,0.008137604692394884,0.002266180053650313
cycle,45.0,0.25,0.7,47.2863322094041,15.866666666666667,47.2863322094041,0.008200485846855843,0.002293863048673739
cycle,45.0,0.25,0.7,47.97898616517723,16.1,47.97898616517723,0.008262932331915773,0.0023214724708292556
cycle,45.0,0.25,0.7,48.671577081815315,16.333333333333332,48.671577081815315,0.008324953378216371,0.0023490095513040155
cycle,45.0,0.25,0.7,49.36410530776465,16.566666666666666,49.36410530776465,0.008386557891623792,0.002376475483120255
cycle,45.0,0.25,0.7,50.05657118440233,16.8,50.05657118440233,0.008447754469064872,0.002403871422842596
cycle,45.0,0.25,0.7,50.74897504627799,17.033333333333335,50.74897504627799,0.00850855141338136,0.002431198492186981
cycle,45.0,0.25,0.7,51.44131722134409,17.266666666666666,51.44131722134409,0.008568956747276868,0.0024584577795371265
cycle,45.0,0.25,0.7,52.133598031175325,17.5,52.133598031175325,0.00862897822642239,0.002485650341374823
cycle,45.0,0.25,0.7,52.82581779117787,17.733333333333334,52.82581779117787,0.008688623351782665,0.0025127772036313
cycle,45.0,0.25,0.7,53.51797681078908,17.966666666666665,53.51797681078908,0.008747899381218227,0.0025398393629635363
cycle,45.0,0.25,0.7,54.210075393668156,18.2,54.210075393668156,0.008806813340415665,0.00256683778796174
cycle,45.0,0.25,0.7,54.90211383787829,18.433333333333334,54.90211383787829,0.008865372033192931,0.002593773420291434
cycle,45.0,0.25,0.7,55.59409243606085,18.666666666666668,55.59409243606085,0.008923582051221457,0.0026206471757764804
cycle,45.0,0.25,0.7,56.28601147560195,18.9,56.28601147560195,0.008981449783207807,0.0026474599454234804
cycle,45.0,0.25,0.7,56.97787123879191,19.133333333333333,56.97787123879191,0.009038981423567627,0.002674212596395109
cycle,45.0,0.25,0.7,57.66967200297794,19.366666666666667,57.66967200297794,0.009096182980629752,0.002700905972933154
cycle,45.0,0.25,0.7,58.36141404071044,19.6,58.36141404071044,0.009153060284396997,0.0027275408972348147
cycle,45.0,0.25,0.7,59.0530976198833,19.833333333333332,59.0530976198833,0.00920961899389705,0.00275411817028548
cycle,45.0,0.25,0.7,59.74472300386837,20.066666666666666,59.74472300386837,0.00926586460414569,0.002780638572651206
cycle,45.0,0.25,0.7,60.436290451644616,20.3,60.436290451644616,0.009321802452749828,0.002807102865231892
cycle,45.0,0.25,0.7,61.12780021792203,20.533333333333335,61.12780021792203,0.0093774377261715,0.0028335117899788154
cycle,45.0,0.25,0.7,61.819252553260725,20.766666666666666,61.819252553260725,0.009432775465674115,0.0028598660705773105
cycle,45.0,0.25,0.7,62.51064770418535,21.0,62.51064770418535,0.009487820572971484,0.0028861664130988007
cycle,45.0,0.25,0.7,63.201985913295104,21.233333333333334,63.201985913295104,0.009542577815595421,0.002912413506621192
cycle,45.0,0.25,0.7,63.89326741936955,21.466666666666665,63.89326741936955,0.009597051832001657,0.0029386080238211765
cycle,45.0,0.25,0.7,64.58449245747047,21.7,64.58449245747047,0.009651247136426955,0.0029647506215404462
cycle,45.0,0.25,0.7,65.2756612590399,21.933333333333334,65.2756612590399,0.009705168123513852,0.0029908419413249288
cycle,45.0,0.25,0.7,65.9667740519945,22.166666666666668,65.9667740519945,0.009758819072715696,0.003016882609941818
cycle,45.0,0.25,0.7,66.65783106081665,22.4,66.65783106081665,0.009812204152494841,0.003042873239872401
cycle,45.0,0.25,0.7,67.348832506642,22.633333333333333,67.348832506642,0.009865327424325887,0.003068814429784128
cycle,45.0,0.25,0.7,68.03977860734412,22.866666666666667,68.03977860734412,0.009918192846514295,0.003094706764982469
cycle,45.0,0.25,0.7,68.73066957761607,23.1,68.73066957761607,0.009970804277841805,0.0031205508178431263
cycle,45.0,0.25,0.7,69.4215056290491,23.333333333333332,69.4215056290491,0.01002316548104687,0.0031463471482264804
cycle,45.0,0.25,0.7,70.1122869702086,23.566666666666666,70.1122869702086,0.010075280126150554,0.00317209630387405
cycle,45.0,0.25,0.7,70.80301380670758,23.8,70.80301380670758,0.010127151793635103,0.0031977988207890773
cycle,45.0,0.25,0.7,71.49368634127748,24.033333333333335,71.49368634127748,0.010178783977483175,0.00322345522360179
cycle,45.0,0.25,0.7,72.18430477383671,24.266666666666666,72.18430477383671,0.01023018008808596,0.00324906602591879
cycle,45.0,0.25,0.7,72.87486930155691,24.5,72.87486930155691,0.010281343455026404,0.0032746317306597827
cycle,45.0,0.25,0.7,73.56538011892694,24.733333333333334,73.56538011892694,0.010332277329743955,0.0033001528303800987
cycle,45.0,0.25,0.7,74.25583741781485,24.966666666666665,74.25583741781485,0.01038298488808731,0.0033256298075799995
cycle,45.0,0.25,0.7,74.94624138752788,25.2,74.94624138752788,0.010433469232760784,0.0033510631350036624
cycle,45.0,0.25,0.7,75.63659221487045,25.433333333333334,75.63659221487045,0.010483733395669326,0.003376453275924507
cycle,45.0,0.25,0.7,76.32689008420033,25.666666666666668,76.32689008420033,0.010533780340167942,0.00340180068442153
cycle,45.0,0.25,0.7,77.01713517748311,25.9,77.01713517748311,0.010583612963219524,0.0034271058056432047
cycle,45.0,0.25,0.7,77.70732767434491,26.133333333333333,77.70732767434491,0.010633234097465971,0.0034523690760633885
cycle,45.0,0.25,0.7,78.39746775212343,26.366666666666667,78.39746775212343,0.010682646513217264,0.003477590923726459
cycle,45.0,0.25,0.7,79.08755558591757,26.6,79.08755558591757,0.010731852920361273,0.00350277176848357
cycle,45.0,0.25,0.7,79.77759134863538,26.833333333333332,79.77759134863538,0.010780855970199399,0.0035279120222203586
cycle,45.0,0.25,0.7,80.4675752110407,27.066666666666666,80.4675752110407,0.010829658257210828,0.003553012089077101
cycle,45.0,0.25,0.7,81.1575073417983,27.3,81.1575073417983,0.010878262320748844,0.003578072365659435
cycle,45.0,0.25,0.7,81.84738790751781,27.533333333333335,81.84738790751781,0.010926670646672187,0.0036030932412429717
cycle,45.0,0.25,0.7,82.53721707279627,27.766666666666666,82.53721707279627,0.010974885668915357,0.0036280750979696963
cycle,45.0,0.25,0.7,83.22699500025945,28.0,83.22699500025945,0.011022909770999845,0.0036530183110385916
cycle,45.0,0.25,0.7,83.91672185060202,28.233333333333334,83.91672185060202,0.011070745287488526,0.0036779232488882707
cycle,45.0,0.25,0.7,84.60639778262656,28.466666666666665,84.60639778262656,0.01111839450538743,0.003702790273374057
cycle,45.0,0.25,0.7,85.29602295328142,28.7,85.29602295328142,0.011165859665495104,0.003727619739939625
cycle,45.0,0.25,0.7,85.98559751769761,28.933333333333334,85.98559751769761,0.01121314296370457,0.003752411997781091
cycle,45.0,0.25,0.7,86.67512162922458,29.166666666666668,86.67512162922458,0.01126024655225677,0.003777167390007441
cycle,45.0,0.25,0.7,87.36459543946499,29.4,87.36459543946499,0.011307172540950039,0.0038018862537945175
cycle,45.0,0.25,0.7,88.05401909830867,29.633333333333333,88.05401909830867,0.011353922998307286,0.0038265689205341236
cycle,45.0,0.25,0.7,88.74339275396548,29.866666666666667,88.74339275396548,0.011400499952701093,0.003851215715978351
cycle,45.0,0.25,0.7,89.4327165529974,30.1,89.4327165529974,0.011446905393440066,0.003875826960379136
cycle,45.0,0.25,0.7,90.12199064034974,30.333333333333332,90.12199064034974,0.011493141271817997,0.003900402968623151
cycle,45.0,0.25,0.7,90.81121515938143,30.566666666666666,90.81121515938143,0.011539209502126502,0.003924944050362811
cycle,45.0,0.25,0.7,91.50039025189469,30.8,91.50039025189469,0.011585111962633232,0.003949450510142616
cycle,45.0,0.25,0.7,92.18951605816375,31.033333333333335,92.18951605816375,0.011630850496527123,0.0039739226475217215
cycle,45.0,0.25,0.7,92.87859271696291,31.266666666666666,92.87859271696291,0.011676426912831883,0.0039983607571928426
cycle,45.0,0.25,0.7,93.5676203655939,31.5,93.5676203655939,0.0117218429872894,0.004022765129096939
cycle,45.0,0.25,0.7,94.25659913991242,31.733333333333334,94.25659913991242,0.011767100463212943,0.004047136048534683
cycle,45.0,0.25,0.7,94.9455291743542,31.966666666666665,94.9455291743542,0.011812201052314064,0.004071473796275038
cycle,45.0,0.25,0.7,95.6344106019602,32.2,95.6344106019602,0.011857146435500399,0.004095778648659398
cycle,45.0,0.25,0.7,96.32324355440129,32.43333333333333,96.32324355440129,0.011901938263649825,0.004120050877703285
cycle,45.0,0.25,0.7,97.01202816200234,32.666666666666664,97.01202816200234,0.011946578158358312,0.004144290751195268
cycle,45.0,0.25,0.7,97.70076455376565,32.9,97.70076455376565,0.011991067712664116,0.00416849853279222
cycle,45.0,0.25,0.7,98.38945285739383,33.13333333333333,98.38945285739383,0.01203540849175011,0.004192674482111913
cycle,45.0,0.25,0.7,99.07809319931214,33.36666666666667,99.07809319931214,0.012079602033622572,0.004216818854823723
cycle,45.0,0.25,0.7,99.76668570469022,33.6,99.76668570469022,0.012123649849769658,0.004240931902735334
cycle,45.0,0.25,0.7,100.45523049746346,33.833333333333336,100.45523049746346,0.01216755342579956,0.004265013873878232
cycle,45.0,0.25,0.7,101.1437277003537,34.06666666666667,101.1437277003537,0.012211314222058345,0.004289065012589632
cycle,45.0,0.25,0.7,101.83217743488945,34.3,101.83217743488945,0.012254933674229584,0.004313085559592977
cycle,45.0,0.25,0.7,102.52057982142577,34.53333333333333,102.52057982142577,0.012298413193915558,0.0043370757520756476
cycle,45.0,0.25,0.7,103.20893497916357,34.766666666666666,103.20893497916357,0.012341754169200692,0.004361035823764348
cycle,45.0,0.25,0.7,103.8972430261685,35.0,103.8972430261685,0.01238495796519834,0.004384966004998936
cycle,45.0,0.25,0.7,104.58550407938935,35.233333333333334,104.58550407938935,0.012428025924581476,0.0044088665228039225
cycle,45.0,0.25,0.7,105.27371825467618,35.46666666666667,105.27371825467618,0.012470959368097168,0.004432737600957526
cycle,45.0,0.25,0.7,105.96188566679784,35.7,105.96188566679784,0.01251375959506651,0.004456579460060062
cycle,45.0,0.25,0.7,106.65000642945925,35.93333333333333,106.65000642945925,0.012556427883869903,0.004480392317598669
cycle,45.0,0.25,0.7,107.33808065531822,36.166666666666664,107.33808065531822,0.01259896549241779,0.004504176388012149
cycle,45.0,0.25,0.7,108.02610845600192,36.4,108.02610845600192,0.012641373658608068,0.0045279318827528
cycle,45.0,0.25,0.7,108.71408994212297,36.63333333333333,108.71408994212297,0.01268365360077095,0.004551659010347042
cycle,45.0,0.25,0.7,109.40202522329518,36.86666666666667,109.40202522329518,0.012725806518100402,0.004575357976454586
cycle,45.0,0.25,0.7,110.089914408149,37.1,110.089914408149,0.012767833591073696,0.004599028983925613
cycle,45.0,0.25,0.7,110.7777576043465,37.333333333333336,110.7777576043465,0.012809735981859527,0.004622672232856617
cycle,45.0,0.25,0.7,111.4655549185962,37.56666666666667,111.4655549185962,0.012851514834714028,0.0046462879206453644
cycle,45.0,0.25,0.7,112.15330645666745,37.8,112.15330645666745,0.012893171276366466,0.004669876242043403
cycle,45.0,0.25,0.7,112.84101232340457,38.03333333333333,112.84101232340457,0.01293470641639416,0.004693437389208133
cycle,45.0,0.25,0.7,113.52867262274064,38.266666666666666,113.52867262274064,0.012976121347586633,0.004716971551752769
cycle,45.0,0.25,0.7,114.2162874577111,38.5,114.2162874577111,0.01301741714630067,0.004740478916795743
cycle,45.0,0.25,0.7,114.90385693046693,38.733333333333334,114.90385693046693,0.01305859487280503,0.004763959669008555
cycle,45.0,0.25,0.7,115.59138114228766,38.96666666666667,115.59138114228766,0.013099655571616409,0.0047874139906621815
cycle,45.0,0.25,0.7,116.27886019359407,39.2,116.27886019359407,0.013140600271826175,0.004810842061672815
cycle,45.0,0.25,0.7,116.96629418396063,39.43333333333333,116.96629418396063,0.013181429987418669,0.004834244059645942
cycle,45.0,0.25,0.7,117.65368321212769,39.666666666666664,117.65368321212769,0.013222145717580291,0.004857620159919862
cycle,45.0,0.25,0.7,118.34102737601344,39.9,118.34102737601344,0.013262748447001926,0.004880970535607654
cycle,45.0,0.25,0.7,119.02832677272562,40.13333333333333,119.02832677272562,0.013303239146172041,0.004904295357638588
cycle,45.0,0.25,0.7,119.71558149857296,40.36666666666667,119.71558149857296,0.01334361877166279,0.004927594794798096
cycle,45.0,0.25,0.7,120.40279164907643,40.6,120.40279164907643,0.013383888266409238,0.004950869013766845
cycle,45.0,0.25,0.7,121.08995731898031,40.833333333333336,121.08995731898031,0.01342404855998025,0.004974118179159603
cycle,45.0,0.25,0.7,121.77707860226292,41.06666666666667,121.77707860226292,0.013464100568843618,0.0049973424535618705
cycle,45.0,0.25,0.7,122.46415559214724,41.3,122.46415559214724,0.013504045196623515,0.005020541997566741
cycle,45.0,0.25,0.7,123.1511883811113,41.53333333333333,123.1511883811113,0.013543883334352413,0.005043716969810319
cycle,45.0,0.25,0.7,123.83817706089839,41.766666666666666,123.83817706089839,0.01358361586071588,0.005066867527006802
cycle,45.0,0.25,0.7,124.52512172252699,42.0,124.52512172252699,0.013623243642291505,0.00508999382398212
cycle,45.0,0.25,0.7,125.2120224563006,42.233333333333334,125.2120224563006,0.013662767533782372,0.005113096013707352
cycle,45.0,0.25,0.7,125.89887935181736,42.46666666666667,125.89887935181736,0.013702188378243774,0.005136174247330816
cycle,45.0,0.25,0.7,126.58569249797945,42.7,126.58569249797945,0.013741507007305365,0.005159228674210148
cycle,45.0,0.25,0.7,127.27246198300239,42.93333333333333,127.27246198300239,0.013780724241387765,0.005182259441942949
cycle,45.0,0.25,0.7,127.95918789442406,43.166666666666664,127.95918789442406,0.013819840889912838,0.005205266696397204
cycle,45.0,0.25,0.7,128.64587031911364,43.4,128.64587031911364,0.0138588577515103,0.005228250581740923
cycle,45.0,0.25,0.7,129.33250934328038,43.63333333333333,129.33250934328038,0.013897775614218788,0.005251211240470788
cycle,45.0,0.25,0.7,130.0191050524821,43.86666666666667,130.0191050524821,0.013936595255681805,0.005274148813440349
cycle,45.0,0.25,0.7,130.7056575316337,44.1,130.7056575316337,0.013975317443339463,0.005297063439888228
cycle,45.0,0.25,0.7,131.39216686501544,44.333333333333336,131.39216686501544,0.014013942934615553,0.005319955257464759
cycle,45.0,0.25,0.7,132.07863313628098,44.56666666666667,132.07863313628098,0.014052472477100064,0.005342824402258084
cycle,45.0,0.25,0.7,132.76505642846544,44.8,132.76505642846544,0.014090906808728043,0.005365671008820683
cycle,45.0,0.25,0.7,133.45143682399316,45.03333333333333,133.45143682399316,0.014129246657953232,0.005388495210194355
cycle,45.0,0.25,0.7,134.13777440468547,45.266666666666666,134.13777440468547,0.01416749274391882,0.005411297137934867
cycle,45.0,0.25,0.7,134.82406925176818,45.5,134.82406925176818,0.014205645776623421,0.005434076922136377
cycle,45.0,0.25,0.7,135.51032144587904,45.733333333333334,135.51032144587904,0.014243706457083505,0.00545683469145497
cycle,45.0,0.25,0.7,136.19653106707506,45.96666666666667,136.19653106707506,0.014281675477492706,0.0054795705731319755
cycle,45.0,0.25,0.7,136.88269819483963,46.2,136.88269819483963,0.014319553521376593,0.0055022846930166125
cycle,45.0,0.25,0.7,137.56882290808957,46.43333333333333,137.56882290808957,0.014357341263744217,0.005524977175588197
cycle,45.0,0.25,0.7,138.25490528518205,46.666666666666664,138.25490528518205,0.014395039371237095,0.005547648143978012
cycle,45.0,0.25,0.7,138.9409454039214,46.9,138.9409454039214,0.014432648502273326,0.0055702977199906245
cycle,45.0,0.25,0.7,139.6269433415658,47.13333333333333,139.6269433415658,0.01447016930719014,0.005592926024124645
cycle,45.0,0.25,0.7,140.3128991748339,47.36666666666667,140.3128991748339,0.014507602428382005,0.005615533175592935
cycle,45.0,0.25,0.7,140.9988129799111,47.6,140.9988129799111,0.014544948500436639,0.005638119292343258
cycle,45.0,0.25,0.7,141.68468483245616,47.833333333333336,141.68468483245616,0.014582208150267006,0.005660684491077483
cycle,45.0,0.25,0.7,142.3705148076072,48.06666666666667,142.3705148076072,0.014619381997241887,0.005683228887270686
cycle,45.0,0.25,0.7,143.05630297998806,48.3,143.05630297998806,0.014656470653311993,0.00570575259519035
cycle,45.0,0.25,0.7,143.74204942371412,48.53333333333333,143.74204942371412,0.014693474723134758,0.005728255727914244
cycle,45.0,0.25,0.7,144.42775421239838,48.766666666666666,144.42775421239838,0.014730394804195468,0.005750738397349298
cycle,45.0,0.25,0.7,145.11341741915732,49.0,145.11341741915732,0.01476723148692638,0.005773200714248694
cycle,45.0,0.25,0.7,145.79903911661648,49.233333333333334,145.79903911661648,0.01480398535482308,0.005795642788229083
cycle,45.0,0.25,0.7,146.48461937691636,49.46666666666667,146.48461937691636,0.014840656984558387,0.005818064727788563
cycle,45.0,0.25,0.7,147.17015827171772,49.7,147.17015827171772,0.014877246946093825,0.005840466640322228
cycle,45.0,0.25,0.7,147.85565587220722,49.93333333333333,147.85565587220722,0.014913755802789086,0.0058628486321393725
cycle,45.0,0.25,0.7,148.54111224910278,50.166666666666664,148.54111224910278,0.014950184111508502,0.0058852108084788135
cycle,45.0,0.25,0.7,149.2265274726588,50.4,149.2265274726588,0.014986532422726184,0.005907553273525434
cycle,45.0,0.25,0.7,149.91190161267141,50.63333333333333,149.91190161267141,0.015022801280628384,0.005929876130424949
cycle,45.0,0.25,0.7,150.59723473848368,50.86666666666667,150.59723473848368,0.015058991223213636,0.005952179481299336
cycle,45.0,0.25,0.7,151.28252691899053,51.1,151.28252691899053,0.01509510278239179,0.005974463427261711
cycle,45.0,0.25,0.7,151.96777822264377,51.333333333333336,151.96777822264377,0.015131136484079488,0.005996728068430546
cycle,45.0,0.25,0.7,152.65298871745702,51.56666666666667,152.65298871745702,0.015167092848295538,0.006018973503944425
cycle,45.0,0.25,0.7,153.33815847101044,51.8,153.33815847101044,0.0152029723892525,0.00604119983197593
cycle,45.0,0.25,0.7,154.0232875504556,52.03333333333333,154.0232875504556,0.015238775615448175,0.006063407149744959
cycle,45.0,0.25,0.7,154.70837602251996,52.266666666666666,154.70837602251996,0.015274503029753639,0.00608559555353283
cycle,45.0,0.25,0.7,155.39342395351164,52.5,155.39342395351164,0.015310155129500957,0.006107765138695376
cycle,45.0,0.25,0.7,156.0784314093239,52.733333333333334,156.0784314093239,0.015345732406567891,0.006129915999675495
cycle,45.0,0.25,0.7,156.76339845543953,52.96666666666667,156.76339845543953,0.015381235347462274,0.006152048230016582
cycle,45.0,0.25,0.7,157.44832515693528,53.2,157.44832515693528,0.015416664433403171,0.0061741619223745214
cycle,45.0,0.25,0.7,158.13321157848623,53.43333333333333,158.13321157848623,0.015452020140402034,0.006196257168530228
cycle,45.0,0.25,0.7,158.81805778436998,53.666666666666664,158.81805778436998,0.015487302939341197,0.006218334059401864
cycle,45.0,0.25,0.7,159.50286383847086,53.9,159.50286383847086,0.01552251329605081,0.006240392685056162
cycle,45.0,0.25,0.7,160.1876298042841,54.13333333333333,160.1876298042841,0.01555765167138523,0.006262433134720746
cycle,45.0,0.25,0.7,160.87235574491982,54.36666666666667,160.87235574491982,0.015592718521297289,0.006284455496795238
cycle,45.0,0.25,0.7,161.55704172310715,54.6,161.55704172310715,0.01562771429691079,0.006306459858862246
cycle,45.0,0.25,0.7,162.2416878011981,54.833333333333336,162.2416878011981,0.01566263944459234,0.0063284463076986874
cycle,45.0,0.25,0.7,162.9262940411715,55.06666666666667,162.9262940411715,0.015697494406021417,0.006350414929286896
cycle,45.0,0.25,0.7,163.61086050463678,55.3,163.61086050463678,0.015732279618259404,0.006372365808824609
cycle,45.0,0.25,0.7,164.29538725283783,55.53333333333333,164.29538725283783,0.015766995513816884,0.0063942990307357395
cycle,45.0,0.25,0.7,164.97987434665663,55.766666666666666,164.97987434665663,0.015801642520720027,0.0064162146786809204
cycle,45.0,0.25,0.7,165.66432184661704,56.0,165.66432184661704,0.01583622106257554,0.006438112835567167
cycle,45.0,0.25,0.7,166.34872981288834,56.233333333333334,166.34872981288834,0.01587073155863461,0.006459993583557977
cycle,45.0,0.25,0.7,167.0330983052888,56.46666666666667,167.0330983052888,0.015905174423855528,0.0064818570040831025
cycle,45.0,0.25,0.7,167.71742738328925,56.7,167.71742738328925,0.01593955006896519,0.006503703177848208
cycle,45.0,0.25,0.7,168.4017171060165,56.93333333333333,168.4017171060165,0.015973858900519167,0.006525532184843863
cycle,45.0,0.25,0.7,169.08596753225675,57.166666666666664,169.08596753225675,0.016008101320961532,0.006547344104355535
cycle,45.0,0.25,0.7,169.77017872045903,57.4,169.77017872045903,0.016042277728682608,0.006569139014971914
cycle,45.0,0.25,0.7,170.45435072873846,57.63333333333333,170.45435072873846,0.016076388518075913,0.0065909169945943535
cycle,45.0,0.25,0.7,171.1384836148796,57.86666666666667,171.1384836148796,0.016110434079595004,0.006612678120445636
cycle,45.0,0.25,0.7,171.82257743633957,58.1,171.82257743633957,0.01614441479980755,0.006634422469078194
cycle,45.0,0.25,0.7,172.50663225025136,58.333333333333336,172.50663225025136,0.01617833106145039,0.006656150116383208
cycle,45.0,0.25,0.7,173.19064811342687,58.56666666666667,173.19064811342687,0.016212183243481948,0.006677861137598606
cycle,45.0,0.25,0.7,173.87462508236013,58.8,173.87462508236013,0.01624597172113451,0.006699555607317054
cycle,45.0,0.25,0.7,174.5585632132302,59.03333333333333,174.5585632132302,0.016279696865966087,0.006721233599494836
cycle,45.0,0.25,0.7,175.24246256190438,59.266666666666666,175.24246256190438,0.016313359045910025,0.006742895187458964
cycle,45.0,0.25,0.7,175.926323183941,59.5,175.926323183941,0.016346958625324537,0.006764540443915501
cycle,45.0,0.25,0.7,176.61014513459253,59.733333333333334,176.61014513459253,0.016380495965041986,0.006786169440956891
cycle,45.0,0.25,0.7,177.29392846880833,59.96666666666667,177.29392846880833,0.01641397142241585,0.006807782250069949
cycle,45.0,0.25,0.7,177.9776732412376,60.2,177.9776732412376,0.016447385351368027,0.006829378942143083
cycle,45.0,0.25,0.7,178.66137950623215,60.43333333333333,178.66137950623215,0.016480738102434778,0.006850959587473504
cycle,45.0,0.25,0.7,179.3450473178492,60.666666666666664,179.3450473178492,0.016514030022812376,0.00687252425577467
cycle,45.0,0.25,0.7,180.0286767298542,60.9,180.0286767298542,0.016547261456400952,0.0068940730161832775
cycle,45.0,0.25,0.7,180.7122677957234,61.13333333333333,180.7122677957234,0.016580432743849238,0.006915605937266034
cycle,45.0,0.25,0.7,181.3958205686466,61.36666666666667,181.3958205686466,0.016613544222596754,0.006937123087026875
cycle,45.0,0.25,0.7,182.07933510152986,61.6,182.07933510152986,0.016646596226916333,0.0069586245329136265
cycle,45.0,0.25,0.7,182.76281144699797,61.833333333333336,182.76281144699797,0.01667958908795608,0.0069801103418245525
cycle,45.0,0.25,0.7,183.44624965739712,62.06666666666667,183.44624965739712,0.016712523133779578,0.007001580580115019
cycle,45.0,0.25,0.7,184.12964978479738,62.3,184.12964978479738,0.016745398689406832,0.007023035313603709
cycle,45.0,0.25,0.7,184.81301188099528,62.53333333333333,184.81301188099528,0.01677821607685326,0.007044474607579176
cycle,45.0,0.25,0.7,185.49633599751618,62.766666666666666,185.49633599751618,0.016810975615168644,0.00706589852680628
cycle,45.0,0.25,0.7,186.1796221856168,63.0,186.1796221856168,0.01684367762047545,0.007087307135531962
cycle,45.0,0.25,0.7,186.8628704962876,63.233333333333334,186.8628704962876,0.01687632240600634,0.007108700497491238
cycle,45.0,0.25,0.7,187.54608098025514,63.46666666666667,187.54608098025514,0.016908910282141365,0.0071300786759137535
cycle,45.0,0.25,0.7,188.2292536879845,63.7,188.2292536879845,0.016941441556443948,0.007151441733529107
cycle,45.0,0.25,0.7,188.91238866968152,63.93333333333333,188.91238866968152,0.016973916533696842,0.007172789732572626
cycle,45.0,0.25,0.7,189.59548597529513,64.16666666666667,189.59548597529513,0.017006335515937554,0.007194122734791586
cycle,45.0,0.25,0.7,190.27854565451963,64.4,190.27854565451963,0.017038698802492314,0.007215440801450201
cycle,45.0,0.25,0.7,190.96156775679688,64.63333333333334,190.96156775679688,0.017071006690010715,0.007236743993335626
cycle,45.0,0.25,0.7,191.64455233131855,64.86666666666666,191.64455233131855,0.017103259472499133,0.007258032370762835
cycle,45.0,0.25,0.7,192.32749942702827,65.1,192.32749942702827,0.017135457441353474,0.007279305993580842
cycle,45.0,0.25,0.7,193.01040909262383,65.33333333333333,193.01040909262383,0.01716760088539171,0.007300564921177033
cycle,45.0,0.25,0.7,193.69328137655924,65.56666666666666,193.69328137655924,0.017199690090885733,0.007321809212482933
cycle,45.0,0.25,0.7,194.37611632704687,65.8,194.37611632704687,0.017231725341592896,0.007343038925979317
cycle,45.0,0.25,0.7,195.05891399205956,66.03333333333333,195.05891399205956,0.01726370691878698,0.007364254119701097
cycle,45.0,0.25,0.7,195.7416744193326,66.26666666666667,195.7416744193326,0.017295635101288398,0.007385454851242201
cycle,45.0,0.25,0.7,196.42439765636584,66.5,196.42439765636584,0.017327510165494164,0.007406641177760798
cycle,45.0,0.25,0.7,197.10708375042557,66.73333333333333,197.10708375042557,0.017359332385407544,0.007427813155983953
cycle,45.0,0.25,0.7,197.7897327485466,66.96666666666667,197.7897327485466,0.017391102032667027,0.007448970842212077
cycle,45.0,0.25,0.7,198.4723446975342,67.2,198.4723446975342,0.01742281937657486,0.007470114292324359
cycle,45.0,0.25,0.7,199.15491964396597,67.43333333333334,199.15491964396597,0.017454484684125138,0.007491243561782546
cycle,45.0,0.25,0.7,199.83745763419384,67.66666666666667,199.83745763419384,0.017486098220031332,0.007512358705636157
cycle,45.0,0.25,0.7,200.51995871434588,67.9,200.51995871434588,0.017517660246754163,0.007533459778526708
cycle,45.0,0.25,0.7,201.20242293032817,68.13333333333334,201.20242293032817,0.017549171024527466,0.007554546834691922
cycle,45.0,0.25,0.7,201.8848503278267,68.36666666666666,201.8848503278267,0.017580630811385722,0.007575619927970623
cycle,45.0,0.25,0.7,202.56724095230916,68.6,202.56724095230916,0.017612039863189266,0.007596679111806615
cycle,45.0,0.25,0.7,203.24959484902666,68.83333333333333,203.24959484902666,0.01764339843365026,0.007617724439252793
cycle,45.0,0.25,0.7,203.93191206301563,69.06666666666666,203.93191206301563,0.017674706774357785,0.007638755962976029
cycle,45.0,0.25,0.7,204.61419263909949,69.3,204.61419263909949,0.017705965134802937,0.0076597737352605
cycle,45.0,0.25,0.7,205.29643662189045,69.53333333333333,205.29643662189045,0.017737173762403247,0.007680777808012129
cycle,45.0,0.25,0.7,205.97864405579116,69.76666666666667,205.97864405579116,0.01776833290252644,0.007701768232762696
cycle,45.0,0.25,0.7,206.66081498499645,70.0,206.66081498499645,0.017799442798514975,0.007722745060673497
cycle,45.0,0.25,0.7,207.342949453495,70.23333333333333,207.342949453495,0.017830503691708466,0.007743708342539457
cycle,45.0,0.25,0.7,208.02504750507103,70.46666666666667,208.02504750507103,0.017861515821467666,0.00776465812879279
cycle,45.0,0.25,0.7,208.70710918330585,70.7,208.70710918330585,0.017892479425196783,0.007785594469507218
cycle,45.0,0.25,0.7,209.38913453157954,70.93333333333334,209.38913453157954,0.017923394738365572,0.007806517414401082
cycle,45.0,0.25,0.7,210.0711235930726,71.16666666666667,210.0711235930726,0.017954261994531873,0.007827427012841337
cycle,45.0,0.25,0.7,210.75307641076745,71.4,210.75307641076745,0.01798508142536348,0.007848323313847438
cycle,45.0,0.25,0.7,211.43499302745,71.63333333333334,211.43499302745,0.018015853260658687,0.00786920636609445
cycle,45.0,0.25,0.7,212.11687348571127,71.86666666666666,212.11687348571127,0.018046577728368374,0.00789007621791693
cycle,45.0,0.25,0.7,212.79871782794888,72.1,212.79871782794888,0.018077255054616215,0.007910932917312263
cycle,45.0,0.25,0.7,213.48052609636852,72.33333333333333,213.48052609636852,0.018107885463719442,0.00793177651194421
cycle,45.0,0.25,0.7,214.16229833298556,72.56666666666666,214.16229833298556,0.018138469178208938,0.007952607049146243
cycle,45.0,0.25,0.7,214.8440345796264,72.8,214.8440345796264,0.01816900641884933,0.007973424575924648
cycle,45.0,0.25,0.7,215.52573487793006,73.03333333333333,215.52573487793006,0.018199497404658205,0.007994229138962416
cycle,45.0,0.25,0.7,216.20739926934954,73.26666666666667,216.20739926934954,0.018229942352925854,0.008015020784622129
cycle,45.0,0.25,0.7,216.88902779515325,73.5,216.88902779515325,0.018260341479234277,0.008035799558948953
cycle,45.0,0.25,0.7,217.57062049642653,73.73333333333333,217.57062049642653,0.01829069499747593,0.008056565507674418
cycle,45.0,0.25,0.7,218.25217741407292,73.96666666666667,218.25217741407292,0.01832100311987206,0.00807731867621908
cycle,45.0,0.25,0.7,218.93369858881564,74.2,218.93369858881564,0.018351266056991555,0.008098059109695521
cycle,45.0,0.25,0.7,219.61518406119896,74.43333333333334,219.61518406119896,0.01838148401776829,0.008118786852912119
cycle,45.0,0.25,0.7,220.29663387158948,74.66666666666667,220.29663387158948,0.018411657209519317,0.008139501950375161
cycle,45.0,0.25,0.7,220.97804806017754,74.9,220.97804806017754,0.0184417858379623,0.008160204446292618
cycle,45.0,0.25,0.7,221.65942666697856,75.13333333333334,221.65942666697856,0.018471870107232613,0.008180894384576254
cycle,45.0,0.25,0.7,222.34076973183429,75.36666666666666,222.34076973183429,0.018501910219900775,0.008201571808845287
cycle,45.0,0.25,0.7,223.02207729441417,75.6,223.02207729441417,0.01853190637698876,0.008222236762428836
cycle,45.0,0.25,0.7,223.7033493942166,75.83333333333333,223.7033493942166,0.018561858777986995,0.008242889288369026
cycle,45.0,0.25,0.7,224.38458607057015,76.06666666666666,224.38458607057015,0.018591767620870336,0.008263529429423211
cycle,45.0,0.25,0.7,225.06578736263495,76.3,225.06578736263495,0.01862163310211451,0.008284157228067524
cycle,45.0,0.25,0.7,225.74695330940384,76.53333333333333,225.74695330940384,0.01865145541671198,0.008304772726498877
cycle,45.0,0.25,0.7,226.4280839497036,76.76666666666667,226.4280839497036,0.01868123475818706,0.008325375966638182
cycle,45.0,0.25,0.7,227.1091793221962,77.0,227.1091793221962,0.018710971318612435,0.00834596699013257
cycle,45.0,0.25,0.7,227.7902394653801,77.23333333333333,227.7902394653801,0.018740665288623393,0.008366545838358386
cycle,45.0,0.25,0.7,228.47126441759121,77.46666666666667,228.47126441759121,0.018770316857433356,0.008387112552423304
cycle,45.0,0.25,0.7,229.15225421700433,77.7,229.15225421700433,0.018799926212848983,0.008407667173169542
cycle,45.0,0.25,0.7,229.83320890163412,77.93333333333334,229.83320890163412,0.01882949354128427,0.008428209741175863
cycle,45.0,0.25,0.7,230.5141285093364,78.16666666666667,230.5141285093364,0.018859019027775314,0.008448740296760016
cycle,45.0,0.25,0.7,231.19501307780922,78.4,231.19501307780922,0.018888502855994416,0.008469258879981512
cycle,45.0,0.25,0.7,231.87586264459404,78.63333333333334,231.87586264459404,0.01891794520826451,0.008489765530644178
cycle,45.0,0.25,0.7,232.5566772470768,78.86666666666666,232.5566772470768,0.018947346265572595,0.00851026028829771
cycle,45.0,0.25,0.7,233.2374569224891,79.1,233.2374569224891,0.018976706207583738,0.00853074319224123
cycle,45.0,0.25,0.7,233.91820170790922,79.33333333333333,233.91820170790922,0.019006025212654487,0.00855121428152461
cycle,45.0,0.25,0.7,234.59891164026328,79.56666666666666,234.59891164026328,0.019035303457846098,0.008571673594951479
cycle,45.0,0.25,0.7,235.27958675632632,79.8,235.27958675632632,0.019064541118938183,0.00859212117108088
cycle,45.0,0.25,0.7,235.9602270927233,80.03333333333333,235.9602270927233,0.019093738370440927,0.008612557048230052
cycle,45.0,0.25,0.7,236.64083268593023,80.26666666666667,236.64083268593023,0.01912289538560874,0.008632981264476536
cycle,45.0,0.25,0.7,237.3214035722752,80.5,237.3214035722752,0.01915201233645225,0.008653393857660285
cycle,45.0,0.25,0.7,238.0019397879393,80.73333333333333,238.0019397879393,0.019181089393751294,0.008673794865385664
cycle,45.0,0.25,0.7,238.6824413689579,80.96666666666667,238.6824413689579,0.01921012672706679,0.00869418432502378
cycle,45.0,0.25,0.7,239.36290835122145,81.2,239.36290835122145,0.019239124504753624,0.008714562273714921
cycle,45.0,0.25,0.7,240.04334077047653,81.43333333333334,240.04334077047653,0.01926808289397175,0.008734928748370119
cycle,45.0,0.25,0.7,240.7237386623269,81.66666666666667,240.7237386623269,0.01929700206069873,0.008755283785673362
cycle,45.0,0.25,0.7,241.40410206223444,81.9,241.40410206223444,0.019325882169741293,0.00877562742208371
cycle,45.0,0.25,0.7,242.08443100552017,82.13333333333334,242.08443100552017,0.019354723384746864,0.008795959693837618
cycle,45.0,0.25,0.7,242.76472552736516,82.36666666666666,242.76472552736516,0.01938352586821479,0.008816280636950391
cycle,45.0,0.25,0.7,243.44498566281155,82.6,243.44498566281155,0.019412289781507996,0.008836590287218282
cycle,45.0,0.25,0.7,244.12521144676344,82.83333333333333,244.12521144676344,0.01944101528486397,0.008856888680220942
cycle,45.0,0.25,0.7,244.80540291398788,83.06666666666666,244.80540291398788,0.01946970253740543,0.008877175851322638
cycle,45.0,0.25,0.7,245.48556009911576,83.3,245.48556009911576,0.019498351697151972,0.008897451835674586
cycle,45.0,0.25,0.7,246.16568303664278,83.53333333333333,246.16568303664278,0.019526962921029622,0.008917716668216835
cycle,45.0,0.25,0.7,246.8457717609303,83.76666666666667,246.8457717609303,0.01955553636488283,0.008937970383679827
cycle,45.0,0.25,0.7,247.52582630620628,84.0,247.52582630620628,0.01958407218348346,0.008958213016586725
cycle,45.0,0.25,0.7,248.20584670656623,84.23333333333333,248.20584670656623,0.019612570530542328,0.008978444601254743
cycle,45.0,0.25,0.7,248.88583299597397,84.46666666666667,248.88583299597397,0.01964103155871877,0.008998665171797149
cycle,45.0,0.25,0.7,249.5657852082626,84.7,249.5657852082626,0.019669455419630943,0.00901887476212515
cycle,45.0,0.25,0.7,250.24570337713538,84.93333333333334,250.24570337713538,0.019697842263865284,0.00903907340594956
cycle,45.0,0.25,0.7,250.92558753616652,85.16666666666667,250.92558753616652,0.019726192240987372,0.009059261136782237
cycle,45.0,0.25,0.7,251.60543771880208,85.4,251.60543771880208,0.01975450549955038,0.009079437987938532
cycle,45.0,0.25,0.7,252.28525395836084,85.63333333333334,252.28525395836084,0.01978278218710572,0.009099603992538063
cycle,45.0,0.25,0.7,252.9650362880351,85.86666666666666,252.9650362880351,0.019811022450211824,0.00911975918350727
cycle,45.0,0.25,0.7,253.64478474089148,86.1,253.64478474089148,0.019839226434443802,0.009139903593580523
cycle,45.0,0.25,0.7,254.32449934987187,86.33333333333333,254.32449934987187,0.01986739428440265,0.009160037255301678
cycle,45.0,0.25,0.7,255.00418014779407,86.56666666666666,255.00418014779407,0.019895526143724473,0.009180160201026188
cycle,45.0,0.25,0.7,255.68382716735275,86.8,255.68382716735275,0.019923622155089138,0.009200272462922543
cycle,45.0,0.25,0.7,256.36344044112013,87.03333333333333,256.36344044112013,0.019951682460229603,0.009220374072973492
cycle,45.0,0.25,0.7,257.0430200015469,87.26666666666667,257.0430200015469,0.019979707199940577,0.009240465062978043
cycle,45.0,0.25,0.7,257.72256588096286,87.5,257.72256588096286,0.02000769651408707,0.009260545464552794
cycle,45.0,0.25,0.7,258.4020781115778,87.73333333333333,258.4020781115778,0.02003565054161316,0.009280615309133489
cycle,45.0,0.25,0.7,259.08155672548224,87.96666666666667,259.08155672548224,0.020063569420550653,0.009300674627976568
cycle,45.0,0.25,0.7,259.76100175464825,88.2,259.76100175464825,0.020091453288026973,0.00932072345216095
cycle,45.0,0.25,0.7,260.4404132309301,88.43333333333334,260.4404132309301,0.02011930228027392,0.009340761812588694
cycle,45.0,0.25,0.7,261.11979118606513,88.66666666666667,261.11979118606513,0.020147116532635678,0.009360789739987552
cycle,45.0,0.25,0.7,261.7991356516743,88.9,261.7991356516743,0.020174896179576907,0.009380807264911528
cycle,45.0,0.25,0.7,262.47844665926317,89.13333333333334,262.47844665926317,0.020202641354690853,0.009400814417742764
cycle,45.0,0.25,0.7,263.1577242402225,89.36666666666666,263.1577242402225,0.020230352190707124,0.009420811228692871
cycle,45.0,0.25,0.7,263.8369684258289,89.6,263.8369684258289,0.020258028819499563,0.009440797727804373
cycle,45.0,0.25,0.7,264.51617924724576,89.83333333333333,264.51617924724576,0.020285671372093916,0.009460773944951817
cycle,45.0,0.25,0.7,265.19535673552383,90.06666666666666,265.19535673552383,0.020313279978675824,0.00948073990984366
cycle,45.0,0.25,0.7,265.87450092160185,90.3,265.87450092160185,0.020340854768597927,0.009500695652023161
cycle,45.0,0.25,0.7,266.5536118363074,90.53333333333333,266.5536118363074,0.0203683958703873,0.00952064120087004
cycle,45.0,0.25,0.7,267.23268951035755,90.76666666666667,267.23268951035755,0.020395903411753236,0.009540576585601368
cycle,45.0,0.25,0.7,267.9117339743594,91.0,267.9117339743594,0.020423377519594443,0.009560501835273572
cycle,45.0,0.25,0.7,268.59074525881095,91.23333333333333,268.59074525881095,0.020450818320005837,0.00958041697878298
cycle,45.0,0.25,0.7,269.2697233941018,91.46666666666667,269.2697233941018,0.020478225938286188,0.009600322044867937
cycle,45.0,0.25,0.7,269.94866841051356,91.7,269.94866841051356,0.020505600498944787,0.009620217062109249
cycle,45.0,0.25,0.7,270.6275803382208,91.93333333333334,270.6275803382208,0.020532942125708775,0.009640102058931843
cycle,45.0,0.25,0.7,271.30645920729154,92.16666666666667,271.30645920729154,0.02056025094152958,0.009659977063606218
cycle,45.0,0.25,0.7,271.9853050476879,92.4,271.9853050476879,0.020587527068590128,0.009679842104249103
cycle,45.0,0.25,0.7,272.66411788926695,92.63333333333334,272.66411788926695,0.02061477062831152,0.009699697208825464
cycle,45.0,0.25,0.7,273.34289776178093,92.86666666666666,273.34289776178093,0.020641981741359228,0.00971954240514894
cycle,45.0,0.25,0.7,274.0216446948784,93.1,274.0216446948784,0.020669160527650554,0.009739377720883402
cycle,45.0,0.25,0.7,274.7003587181044,93.33333333333333,274.7003587181044,0.020696307106360057,0.009759203183544396
cycle,45.0,0.25,0.7,275.37903986090146,93.56666666666666,275.37903986090146,0.020723421595926883,0.009779018820499585
cycle,45.0,0.25,0.7,276.05768815260996,93.8,276.05768815260996,0.020750504114060764,0.00979882465897064
cycle,45.0,0.25,0.7,276.7363036224688,94.03333333333333,276.7363036224688,0.02077755477774834,0.009818620726034122
cycle,45.0,0.25,0.7,277.41488629961617,94.26666666666667,277.41488629961617,0.020804573703259388,0.009838407048622377
cycle,45.0,0.25,0.7,278.09343621308983,94.5,278.09343621308983,0.0208315610061528,0.009858183653525088
cycle,45.0,0.25,0.7,278.77195339182805,94.73333333333333,278.77195339182805,0.020858516801283034,0.009877950567390159
cycle,45.0,0.25,0.7,279.45043786467,94.96666666666667,279.45043786467,0.020885441202806,0.009897707816724721
cycle,45.0,0.25,0.7,280.1288896603563,95.2,280.1288896603563,0.0209123343241846,0.009917455427896238
cycle,45.0,0.25,0.7,280.80730880752986,95.43333333333334,280.80730880752986,0.020939196278195404,0.00993719342713395
cycle,45.0,0.25,0.7,281.48569533473614,95.66666666666667,281.48569533473614,0.020966027176933855,0.009956921840529542
cycle,45.0,0.25,0.7,282.1640492704239,95.9,282.1640492704239,0.020992827131820047,0.009976640694038252
cycle,45.0,0.25,0.7,282.8423706429458,96.13333333333334,282.8423706429458,0.021019596253604833,0.009996350013480093
cycle,45.0,0.25,0.7,283.52065948055883,96.36666666666666,283.52065948055883,0.021046334652375154,0.010016049824540851
cycle,45.0,0.25,0.7,284.19891581142497,96.6,284.19891581142497,0.021073042437559697,0.010035740152772865
cycle,45.0,0.25,0.7,284.87713966361173,96.83333333333333,284.87713966361173,0.02109971971793423,0.010055421023596245
cycle,45.0,0.25,0.7,285.5553310650927,97.06666666666666,285.5553310650927,0.021126366601627478,0.010075092462300095
cycle,45.0,0.25,0.7,286.2334900437479,97.3,286.2334900437479,0.021152983196125907,0.010094754494042957
cycle,45.0,0.25,0.7,286.91161662736477,97.53333333333333,286.91161662736477,0.021179569608279825,0.010114407143854365
cycle,45.0,0.25,0.7,287.5897108436383,97.76666666666667,287.5897108436383,0.02120612594430804,0.0101340504366354
cycle,45.0,0.25,0.7,288.2677727201716,98.0,288.2677727201716,0.0212326523098032,0.010153684397159912
cycle,45.0,0.25,0.7,288.9458022844767,98.23333333333333,288.9458022844767,0.021259148809737338,0.010173309050075185
cycle,45.0,0.25,0.7,289.62379956397484,98.46666666666667,289.62379956397484,0.02128561554846642,0.010192924419903382
cycle,45.0,0.25,0.7,290.301764585997,98.7,290.301764585997,0.02131205262973579,0.010212530531041986
cycle,45.0,0.25,0.7,290.9796973777844,98.93333333333334,290.9796973777844,0.02133846015668539,0.010232127407764913
cycle,45.0,0.25,0.7,291.6575979664893,99.16666666666667,291.6575979664893,0.021364838231853867,0.01025171507422351
cycle,45.0,0.25,0.7,292.33546637917505,99.4,292.33546637917505,0.02139118695718456,0.010271293554447447
cycle,45.0,0.25,0.7,293.0133026428169,99.63333333333334,293.0133026428169,0.021417506434029288,0.010290862872345374
cycle,45.0,0.25,0.7,293.6911067843024,99.86666666666666,293.6911067843024,0.02144379676315422,0.010310423051706152
cycle,45.0,0.25,0.7,294.368878830432,100.1,294.368878830432,0.021470058044743556,0.010329974116199514
cycle,45.0,0.25,0.7,295.04661880791934,100.33333333333333,295.04661880791934,0.02149629037840517,0.010349516089377064
cycle,45.0,0.25,0.7,295.7243267433919,100.56666666666666,295.7243267433919,0.02152249386317462,0.010369048994673058
cycle,45.0,0.25,0.7,296.4020026633914,100.8,296.4020026633914,0.021548668597519915,0.010388572855405398
cycle,45.0,0.25,0.7,297.0796465943743,101.03333333333333,297.0796465943743,0.02157481467934652,0.01040808769477608
cycle,45.0,0.25,0.7,297.7572585627124,101.26666666666667,297.7572585627124,0.0216009322060009,0.010427593535872748
cycle,45.0,0.25,0.7,298.43483859469313,101.5,298.43483859469313,0.02162702127427607,0.01044709040166869
cycle,45.0,0.25,0.7,299.11238671651995,101.73333333333333,299.11238671651995,0.021653081980415156,0.01046657831502451
cycle,45.0,0.25,0.7,299.78990295431316,101.96666666666667,299.78990295431316,0.021679114420116385,0.010486057298688234
cycle,45.0,0.25,0.7,300.46738733411,102.2,300.46738733411,0.021705118688536973,0.01050552737529642
cycle,45.0,0.25,0.7,301.1448398818653,102.43333333333334,301.1448398818653,0.021731094880297452,0.01052498856737516
cycle,45.0,0.25,0.7,301.82226062345194,102.66666666666667,301.82226062345194,0.02175704308948645,0.010544440897340301
cycle,45.0,0.25,0.7,302.49964958466114,102.9,302.49964958466114,0.021782963409664013,0.010563884387499
cycle,45.0,0.25,0.7,303.17700679120315,103.13333333333334,303.17700679120315,0.0218088559338665,0.010583319060049834
cycle,45.0,0.25,0.7,303.8543322687074,103.36666666666666,303.8543322687074,0.021834720754610237,0.010602744937083908
cycle,45.0,0.25,0.7,304.53162604272325,103.6,304.53162604272325,0.021860557963895966,0.010622162040585525
cycle,45.0,0.25,0.7,305.2088881387201,103.83333333333333,305.2088881387201,0.021886367653212613,0.010641570392433075
cycle,45.0,0.25,0.7,305.88611858208816,104.06666666666666,305.88611858208816,0.021912149913540957,0.010660970014399473
cycle,45.0,0.25,0.7,306.5633173981386,104.3,306.5633173981386,0.021937904835358624,0.010680360928153276
cycle,45.0,0.25,0.7,307.2404846121042,104.53333333333333,307.2404846121042,0.02196363250864275,0.010699743155259234
cycle,45.0,0.25,0.7,307.9176202491395,104.76666666666667,307.9176202491395,0.021989333022874757,0.010719116717178956
cycle,45.0,0.25,0.7,308.5947243343214,105.0,308.5947243343214,0.022015006467043685,0.010738481635271802
cycle,45.0,0.25,0.7,309.27179689264983,105.23333333333333,309.27179689264983,0.022040652929650295,0.010757837930795322
cycle,45.0,0.25,0.7,309.9488379490475,105.46666666666667,309.9488379490475,0.022066272498710626,0.010777185624906482
cycle,45.0,0.25,0.7,310.62584752836096,105.7,310.62584752836096,0.022091865261759658,0.010796524738661772
cycle,45.0,0.25,0.7,311.30282565536066,105.93333333333334,311.30282565536066,0.022117431305855417,0.010815855293018317
cycle,45.0,0.25,0.7,311.97977235474144,106.16666666666667,311.97977235474144,0.022142970717581978,0.01083517730883421
cycle,45.0,0.25,0.7,312.6566876511229,106.4,312.6566876511229,0.022168483583053677,0.010854490806869843
cycle,45.0,0.25,0.7,313.33357156905,106.63333333333334,313.33357156905,0.022193969987918227,0.010873795807787578
cycle,45.0,0.25,0.7,314.01042413299297,106.86666666666666,314.01042413299297,0.022219430017360597,0.01089309233215352
cycle,45.0,0.25,0.7,314.6872453673483,107.1,314.6872453673483,0.022244863756106348,0.010912380400437183
cycle,45.0,0.25,0.7,315.3640352964387,107.33333333333333,315.3640352964387,0.02227027128842507,0.010931660033013157
cycle,45.0,0.25,0.7,316.0407939445137,107.56666666666666,316.0407939445137,0.02229565269813394,0.010950931250160667
cycle,45.0,0.25,0.7,316.7175213357499,107.8,316.7175213357499,0.022321008068601045,0.01097019407206512
cycle,45.0,0.25,0.7,317.39421749425145,108.03333333333333,317.39421749425145,0.022346337482748835,0.010989448518818334
cycle,45.0,0.25,0.7,318.07088244405037,108.26666666666667,318.07088244405037,0.022371641023057443,0.011008694610419312
cycle,45.0,0.25,0.7,318.74751620910695,108.5,318.74751620910695,0.022396918771567575,0.011027932366774684
cycle,45.0,0.25,0.7,319.4241188133101,108.73333333333333,319.4241188133101,0.022422170809884734,0.01104716180769949
cycle,45.0,0.25,0.7,320.1006902804778,108.96666666666667,320.1006902804778,0.022447397219181653,0.011066382952917841
cycle,45.0,0.25,0.7,320.77723063435735,109.2,320.77723063435735,0.022472598080201522,0.011085595822063365
cycle,45.0,0.25,0.7,321.45373989862577,109.43333333333334,321.45373989862577,0.02249777347326165,0.011104800434679873
cycle,45.0,0.25,0.7,322.1302180968902,109.66666666666667,322.1302180968902,0.022522923478256462,0.011123996810222248
cycle,45.0,0.25,0.7,322.8066652526883,109.9,322.8066652526883,0.022548048174660162,0.011143184968056441
cycle,45.0,0.25,0.7,323.48308138948835,110.13333333333334,323.48308138948835,0.02257314764153051,0.0111623649274607
cycle,45.0,0.25,0.7,324.15946653069005,110.36666666666666,324.15946653069005,0.02259822195751149,0.011181536707625672
cycle,45.0,0.25,0.7,324.83582069962443,110.6,324.83582069962443,0.022623271200836292,0.01120070032765541
cycle,45.0,0.25,0.7,325.5121439195545,110.83333333333333,325.5121439195545,0.02264829544933067,0.01121985580656737
cycle,45.0,0.25,0.7,326.18843621367535,111.06666666666666,326.18843621367535,0.022673294780415243,0.011239003163293848
cycle,45.0,0.25,0.7,326.86469760511477,111.3,326.86469760511477,0.022698269271109517,0.011258142416681438
cycle,45.0,0.25,0.7,327.54092811693334,111.53333333333333,327.54092811693334,0.022723218998033645,0.011277273585492686
cycle,45.0,0.25,0.7,328.21712777212485,111.76666666666667,328.21712777212485,0.0227481440374121,0.011296396688405985
cycle,45.0,0.25,0.7,328.89329659361675,112.0,328.89329659361675,0.02277304446507633,0.011315511744016127
cycle,45.0,0.25,0.7,329.5694346042704,112.23333333333333,329.5694346042704,0.022797920356467438,0.011334618770835303
cycle,45.0,0.25,0.7,330.24554182688127,112.46666666666667,330.24554182688127,0.022822771786639162,0.011353717787293216
cycle,45.0,0.25,0.7,330.9216182841795,112.7,330.9216182841795,0.022847598830260774,0.011372808811737634
cycle,45.0,0.25,0.7,331.5976639988301,112.93333333333334,331.5976639988301,0.022872401561619515,0.011391891862435388
cycle,45.0,0.25,0.7,332.2736789934333,113.16666666666667,332.2736789934333,0.02289718005462349,0.011410966957572266
cycle,45.0,0.25,0.7,332.94966329052477,113.4,332.94966329052477,0.022921934382804543,0.011430034115254117
cycle,45.0,0.25,0.7,333.6256169125761,113.63333333333334,333.6256169125761,0.022946664619320822,0.011449093353506745
cycle,45.0,0.25,0.7,334.30153988199515,113.86666666666666,334.30153988199515,0.022971370836959215,0.011468144690276905
cycle,45.0,0.25,0.7,334.9774322211261,114.1,334.9774322211261,0.02299605310813846,0.01148718814343297
cycle,45.0,0.25,0.7,335.65329395225,114.33333333333333,335.65329395225,0.02302071150491114,0.01150622373076482
cycle,45.0,0.25,0.7,336.32912509758506,114.56666666666666,336.32912509758506,0.023045346098967023,0.011525251469984621
cycle,45.0,0.25,0.7,337.00492567928677,114.8,337.00492567928677,0.02306995696163494,0.01154427137872771
cycle,45.0,0.25,0.7,337.6806957194485,115.03333333333333,337.6806957194485,0.02309454416388579,0.011563283474552488
cycle,45.0,0.25,0.7,338.35643524010163,115.26666666666667,338.35643524010163,0.023119107776334746,0.011582287774941302
cycle,45.0,0.25,0.7,339.03214426321574,115.5,339.03214426321574,0.023143647869243944,0.011601284297300674
cycle,45.0,0.25,0.7,339.70782281069916,115.73333333333333,339.70782281069916,0.023168164512525125,0.011620273058962183
cycle,45.0,0.25,0.7,340.38347090439913,115.96666666666667,340.38347090439913,0.02319265777574142,0.011639254077182248
cycle,45.0,0.25,0.7,341.0590885661021,116.2,341.0590885661021,0.023217127728110576,0.011658227369143348
cycle,45.0,0.25,0.7,341.734675817534,116.43333333333334,341.734675817534,0.02324157443850705,0.01167719295195424
cycle,45.0,0.25,0.7,342.4102326803607,116.66666666666667,342.4102326803607,0.023265997975464026,0.011696150842650077
cycle,45.0,0.25,0.7,343.08575917618805,116.9,343.08575917618805,0.023290398407176505,0.011715101058193289
cycle,45.0,0.25,0.7,343.76125532656226,117.13333333333334,343.76125532656226,0.023314775801502985,0.01173404361547381
cycle,45.0,0.25,0.7,344.4367211529704,117.36666666666666,344.4367211529704,0.02333913022596823,0.011752978531309966
cycle,45.0,0.25,0.7,345.1121566768403,117.6,345.1121566768403,0.023363461747765157,0.011771905822448026
cycle,45.0,0.25,0.7,345.78756191954113,117.83333333333333,345.78756191954113,0.023387770433757837,0.011790825505563762
cycle,45.0,0.25,0.7,346.4629369023836,118.06666666666666,346.4629369023836,0.023412056350482713,0.011809737597261893
cycle,45.0,0.25,0.7,347.13828164662016,118.3,347.13828164662016,0.02343631956415193,0.011828642114077081
cycle,45.0,0.25,0.7,347.8135961734454,118.53333333333333,347.8135961734454,0.023460560140654563,0.0118475390724746
cycle,45.0,0.25,0.7,348.4888805039962,118.76666666666667,348.4888805039962,0.023484778145559826,0.01186642848884989
cycle,45.0,0.25,0.7,349.1641346593521,119.0,349.1641346593521,0.023508973644118192,0.01188531037952989
cycle,45.0,0.25,0.7,349.83935866053554,119.23333333333333,349.83935866053554,0.023533146701264496,0.011904184760772929
cycle,45.0,0.25,0.7,350.5145525285121,119.46666666666667,350.5145525285121,0.02355729738161949,0.011923051648769278
cycle,45.0,0.25,0.7,351.18971628419087,119.7,351.18971628419087,0.02358142574949229,0.011941911059641819
cycle,45.0,0.25,0.7,351.8648499484245,119.93333333333334,351.8648499484245,0.023605531868882146,0.01196076300944593
cycle,45.0,0.25,0.7,352.53995354200964,120.16666666666667,352.53995354200964,0.023629615803480886,0.011979607514170487
cycle,45.0,0.25,0.7,353.21502708568727,120.4,353.21502708568727,0.023653677616674806,0.011998444589737756
cycle,45.0,0.25,0.7,353.8900706001428,120.63333333333334,353.8900706001428,0.02367771737154689,0.012017274252004273
cycle,45.0,0.25,0.7,354.5650841060063,120.86666666666666,354.5650841060063,0.023701735130878365,0.012036096516760741
cycle,45.0,0.25,0.7,355.24006762385295,121.1,355.24006762385295,0.02372573095715158,0.012054911399733026
cycle,45.0,0.25,0.7,355.9150211742031,121.33333333333333,355.9150211742031,0.023749704912550906,0.012073718916581822
cycle,45.0,0.25,0.7,356.5899447775227,121.56666666666666,356.5899447775227,0.023773657058965947,0.012092519082903763
cycle,45.0,0.25,0.7,357.2648384542234,121.8,357.2648384542234,0.02379758745799232,0.012111311914231315
cycle,45.0,0.25,0.7,357.9397022246629,122.03333333333333,357.9397022246629,0.02382149617093432,0.012130097426033437
cycle,45.0,0.25,0.7,358.614536109145,122.26666666666667,358.614536109145,0.02384538325880703,0.012148875633715805
cycle,45.0,0.25,0.7,359.28934012792024,122.5,359.28934012792024,0.023869248782337316,0.01216764655262137
cycle,45.0,0.25,0.7,359.96411430118576,122.73333333333333,359.96411430118576,0.02389309280196683,0.01218641019803035
cycle,45.0,0.25,0.7,360.63885864908576,122.96666666666667,360.63885864908576,0.02391691537785301,0.012205166585161242
cycle,45.0,0.25,0.7,361.31357319171167,123.2,361.31357319171167,0.023940716569871623,0.012223915729170365
cycle,45.0,0.25,0.7,361.9882579491023,123.43333333333334,361.9882579491023,0.023964496437617888,0.012242657645153199
cycle,45.0,0.25,0.7,362.6629129412444,123.66666666666667,362.6629129412444,0.023988255040409245,0.01226139234814383
cycle,45.0,0.25,0.7,363.33753818807236,123.9,363.33753818807236,0.024011992437286245,0.012280119853115945
cycle,45.0,0.25,0.7,364.0121337094691,124.13333333333334,364.0121337094691,0.02403570868701499,0.012298840174982839
cycle,45.0,0.25,0.7,364.6866995252657,124.36666666666666,364.6866995252657,0.02405940384808858,0.012317553328597963
cycle,45.0,0.25,0.7,365.361235655242,124.6,365.361235655242,0.024083077978729106,0.01233625932875515
cycle,45.0,0.25,0.7,366.0357421191268,124.83333333333333,366.0357421191268,0.024106731136889437,0.012354958190189058
cycle,45.0,0.25,0.7,366.7102189365978,125.06666666666666,366.7102189365978,0.024130363380254538,0.012373649927575614
cycle,45.0,0.25,0.7,367.38466612728234,125.3,367.38466612728234,0.024153974766243924,0.012392334555532014
cycle,45.0,0.25,0.7,368.0590837107571,125.53333333333333,368.0590837107571,0.024177565352012542,0.012411012088617501
cycle,45.0,0.25,0.7,368.73347170654864,125.76666666666667,368.73347170654864,0.024201135194453105,0.012429682541333253
cycle,45.0,0.25,0.7,369.4078301341336,126.0,369.4078301341336,0.024224684350197756,0.01244834592812305
cycle,45.0,0.25,0.7,370.08215901293875,126.23333333333333,370.08215901293875,0.02424821287561929,0.012467002263373828
cycle,45.0,0.25,0.7,370.75645836234145,126.46666666666667,370.75645836234145,0.024271720826833154,0.012485651561415123
cycle,45.0,0.25,0.7,371.4307282016697,126.7,371.4307282016697,0.024295208259699108,0.01250429383652052
cycle,45.0,0.25,0.7,372.10496855020233,126.93333333333334,372.10496855020233,0.024318675229822784,0.012522929102906977
cycle,45.0,0.25,0.7,372.7791794271694,127.16666666666667,372.7791794271694,0.024342121792557347,0.012541557374736056
cycle,45.0,0.25,0.7,373.45336085175234,127.4,373.45336085175234,0.024365548003004722,0.012560178666113586
cycle,45.0,0.25,0.7,374.12751284308393,127.63333333333334,374.12751284308393,0.02438895391601803,0.012578792991089993
cycle,45.0,0.25,0.7,374.80163542024894,127.86666666666666,374.80163542024894,0.02441233958620237,0.012597400363661193
cycle,45.0,0.25,0.7,375.47572860228405,128.1,375.47572860228405,0.024435705067916702,0.012616000797768256
cycle,45.0,0.25,0.7,376.1497924081781,128.33333333333334,376.1497924081781,0.024459050415275407,0.012634594307298297
cycle,45.0,0.25,0.7,376.8238268568723,128.56666666666666,376.8238268568723,0.024482375682149837,0.012653180906084138
cycle,45.0,0.25,0.7,377.49783196726054,128.8,377.49783196726054,0.02450568092216987,0.012671760607905314
cycle,45.0,0.25,0.7,378.17180775818946,129.03333333333333,378.17180775818946,0.024528966188725243,0.012690333426487732
cycle,45.0,0.25,0.7,378.84575424845883,129.26666666666668,378.84575424845883,0.024552231534967217,0.012708899375504457
cycle,45.0,0.25,0.7,379.5196714568215,129.5,379.5196714568215,0.024575477013810132,0.012727458468575814
cycle,45.0,0.25,0.7,380.19355940198386,129.73333333333332,380.19355940198386,0.024598702677932738,0.012746010719269618
cycle,45.0,0.25,0.7,380.8674181026058,129.96666666666667,380.8674181026058,0.02462190857977975,0.012764556141101613
cycle,45.0,0.25,0.7,381.5412475773012,130.2,381.5412475773012,0.02464509477156318,0.012783094747535806
cycle,45.0,0.25,0.7,382.2150478446378,130.43333333333334,382.2150478446378,0.024668261305264116,0.012801626551984469
cycle,45.0,0.25,0.7,382.88881892313776,130.66666666666666,382.88881892313776,0.024691408232633605,0.012820151567808802
cycle,45.0,0.25,0.7,383.56256083127744,130.9,383.56256083127744,0.024714535605194654,0.012838669808318937
cycle,45.0,0.25,0.7,384.236273587488,131.13333333333333,384.236273587488,0.024737643474243343,0.012857181286774377
cycle,45.0,0.25,0.7,384.90995721015526,131.36666666666667,384.90995721015526,0.02476073189085004,0.012875686016384225
cycle,45.0,0.25,0.7,385.5836117176202,131.6,385.5836117176202,0.02478380090586141,0.012894184010307397
cycle,45.0,0.25,0.7,386.2572371281789,131.83333333333334,386.2572371281789,0.024806850569901173,0.012912675281653185
cycle,45.0,0.25,0.7,386.9308334600828,132.06666666666666,386.9308334600828,0.024829880933371573,0.012931159843481144
cycle,45.0,0.25,0.7,387.604400731539,132.3,387.604400731539,0.024852892046455022,0.012949637708801642
cycle,45.0,0.25,0.7,388.2779389607103,132.53333333333333,388.2779389607103,0.02487588395911544,0.012968108890575869
cycle,45.0,0.25,0.7,388.9514481657155,132.76666666666668,388.9514481657155,0.02489885672109904,0.012986573401716606
cycle,45.0,0.25,0.7,389.6249283646295,133.0,389.6249283646295,0.024921810381936416,0.013005031255087895
cycle,45.0,0.25,0.7,390.2983795754836,133.23333333333332,390.2983795754836,0.024944744990943346,0.013023482463505598
cycle,45.0,0.25,0.7,390.97180181626544,133.46666666666667,390.97180181626544,0.02496766059722222,0.013041927039737944
cycle,45.0,0.25,0.7,391.6451951049196,133.7,391.6451951049196,0.02499055724966337,0.013060364996505092
cycle,45.0,0.25,0.7,392.3185594593473,133.93333333333334,392.3185594593473,0.025013434996946304,0.013078796346480015
cycle,45.0,0.25,0.7,392.9918948974069,134.16666666666666,392.9918948974069,0.025036293887541028,0.013097221102288614
cycle,45.0,0.25,0.7,393.665201436914,134.4,393.665201436914,0.02505913396970949,0.013115639276509716
cycle,45.0,0.25,0.7,394.3384790956417,134.63333333333333,394.3384790956417,0.025081955291506364,0.01313405088167563
cycle,45.0,0.25,0.7,395.01172789132045,134.86666666666667,395.01172789132045,0.025104757900780705,0.013152455930272255
cycle,45.0,0.25,0.7,395.6849478416387,135.1,395.6849478416387,0.02512754184517707,0.01317085443473942
cycle,45.0,0.25,0.7,396.35813896424276,135.33333333333334,396.35813896424276,0.02515030717213662,0.0131892464074711
cycle,45.0,0.25,0.7,397.03130127673705,135.56666666666666,397.03130127673705,0.02517305392889868,0.013207631860815416
cycle,45.0,0.25,0.7,397.70443479668427,135.8,397.70443479668427,0.02519578216250129,0.013226010807075306
cycle,45.0,0.25,0.7,398.3775395416056,136.03333333333333,398.3775395416056,0.025218491919783204,0.01324438325850874
cycle,45.0,0.25,0.7,399.05061552898076,136.26666666666668,399.05061552898076,0.025241183247384447,0.013262749227328507
cycle,45.0,0.25,0.7,399.72366277624843,136.5,399.72366277624843,0.02526385619174809,0.013281108725702873
cycle,45.0,0.25,0.7,400.3966813008062,136.73333333333332,400.3966813008062,0.025286510799120587,0.013299461765755582
cycle,45.0,0.25,0.7,401.0696711200108,136.96666666666667,401.0696711200108,0.025309147115553876,0.01331780835956653
cycle,45.0,0.25,0.7,401.74263225117824,137.2,401.74263225117824,0.025331765186905608,0.01333614851917131
cycle,45.0,0.25,0.7,402.41556471158395,137.43333333333334,402.41556471158395,0.025354365058841255,0.013354482256561995
cycle,45.0,0.25,0.7,403.0884685184632,137.66666666666666,403.0884685184632,0.02537694677683433,0.01337280958368725
cycle,45.0,0.25,0.7,403.7613436890108,137.9,403.7613436890108,0.025399510386168278,0.013391130512452443
cycle,45.0,0.25,0.7,404.4341902403818,138.13333333333333,404.4341902403818,0.025422055931936915,0.01340944505471997
cycle,45.0,0.25,0.7,405.1070081896911,138.36666666666667,405.1070081896911,0.0254445834590461,0.013427753222309269
cycle,45.0,0.25,0.7,405.7797975540141,138.6,405.7797975540141,0.025467093012214503,0.013446055026997583
cycle,45.0,0.25,0.7,406.45255835038665,138.83333333333334,406.45255835038665,0.02548958463597495,0.013464350480519527
cycle,45.0,0.25,0.7,407.1252905958051,139.06666666666666,407.1252905958051,0.025512058374675184,0.013482639594567858
cycle,45.0,0.25,0.7,407.79799430722665,139.3,407.79799430722665,0.025534514272479103,0.013500922380793257
cycle,45.0,0.25,0.7,408.4706695015694,139.53333333333333,408.4706695015694,0.02555695237336797,0.013519198850804881
cycle,45.0,0.25,0.7,409.14331619571243,139.76666666666668,409.14331619571243,0.025579372721141302,0.013537469016170367
cycle,45.0,0.25,0.7,409.8159344064963,140.0,409.8159344064963,0.02560177535941799,0.013555732888416272
cycle,45.0,0.25,0.7,410.4885241507228,140.23333333333332,410.4885241507228,0.02562416033163717,0.013573990479027964
cycle,45.0,0.25,0.7,411.1610854451553,140.46666666666667,411.1610854451553,0.025646527681059683,0.013592241799450289
cycle,45.0,0.25,0.7,411.833618306519,140.7,411.833618306519,0.025668877450768512,0.013610486861087234
cycle,45.0,0.25,0.7,412.5061227515007,140.93333333333334,412.5061227515007,0.025691209683670224,0.013628725675302489
cycle,45.0,0.25,0.7,413.17859879674944,141.16666666666666,413.17859879674944,0.025713524422496192,0.013646958253419883
cycle,45.0,0.25,0.7,413.8510464588763,141.4,413.8510464588763,0.02573582170980271,0.013665184606722947
cycle,45.0,0.25,0.7,414.5234657544547,141.63333333333333,414.5234657544547,0.025758101587973092,0.013683404746455685
cycle,45.0,0.25,0.7,415.1958567000206,141.86666666666667,415.1958567000206,0.025780364099218023,0.013701618683822359
cycle,45.0,0.25,0.7,415.8682193120725,142.1,415.8682193120725,0.025802609285576317,0.013719826429988147
cycle,45.0,0.25,0.7,416.5405536070716,142.33333333333334,416.5405536070716,0.025824837188916816,0.01373802799607915
cycle,45.0,0.25,0.7,417.2128596014421,142.56666666666666,417.2128596014421,0.025847047850938165,0.013756223393182165
cycle,45.0,0.25,0.7,417.8851373115712,142.8,417.8851373115712,0.025869241313171032,0.0137744126323458
cycle,45.0,0.25,0.7,418.55738675380934,143.03333333333333,418.55738675380934,0.025891417616977885,0.013792595724579582
cycle,45.0,0.25,0.7,419.2296079444703,143.26666666666668,419.2296079444703,0.025913576803554772,0.013810772680855288
cycle,45.0,0.25,0.7,419.9018008998312,143.5,419.9018008998312,0.02593571891393187,0.013828943512106062
cycle,45.0,0.25,0.7,420.573965636133,143.73333333333332,420.573965636133,0.025957843988974605,0.013847108229227412
cycle,45.0,0.25,0.7,421.24610216958024,143.96666666666667,421.24610216958024,0.025979952069384638,0.013865266843077095
cycle,45.0,0.25,0.7,421.9182105163415,144.2,421.9182105163415,0.026002043195700097,0.013883419364475236
cycle,45.0,0.25,0.7,422.5902906925494,144.43333333333334,422.5902906925494,0.026024117408297798,0.013901565804204652
cycle,45.0,0.25,0.7,423.26234271430064,144.66666666666666,423.26234271430064,0.026046174747392792,0.01391970617301097
cycle,45.0,0.25,0.7,423.9343665976564,144.9,423.9343665976564,0.02606821525304015,0.013937840481602848
cycle,45.0,0.25,0.7,424.6063623586421,145.13333333333333,424.6063623586421,0.026090238965135515,0.013955968740652192
cycle,45.0,0.25,0.7,425.2783300132481,145.36666666666667,425.2783300132481,0.02611224592341621,0.013974090960794383
cycle,45.0,0.25,0.7,425.95026957742914,145.6,425.95026957742914,0.02613423616746169,0.013992207152628167
cycle,45.0,0.25,0.7,426.6221810671051,145.83333333333334,426.6221810671051,0.02615620973669497,0.014010317326716315
cycle,45.0,0.25,0.7,427.2940644981607,146.06666666666666,427.2940644981607,0.026178166670383085,0.014028421493585186
cycle,45.0,0.25,0.7,427.96591988644593,146.3,427.96591988644593,0.026200107007638085,0.01404651966372572
cycle,45.0,0.25,0.7,428.63774724777596,146.53333333333333,428.63774724777596,0.026222030787417805,0.01406461184759289
cycle,45.0,0.25,0.7,429.30954659793144,146.76666666666668,429.30954659793144,0.026243938048527093,0.014082698055606246
cycle,45.0,0.25,0.7,429.98131795265857,147.0,429.98131795265857,0.026265828829618143,0.014100778298149819
cycle,45.0,0.25,0.7,430.65306132766915,147.23333333333332,430.65306132766915,0.026287703169191712,0.014118852585572883
cycle,45.0,0.25,0.7,431.3247767386408,147.46666666666667,431.3247767386408,0.026309561105597568,0.0141369209281893
cycle,45.0,0.25,0.7,431.9964642012172,147.7,431.9964642012172,0.02633140267703593,0.014154983336278404
cycle,45.0,0.25,0.7,432.6681237310079,147.93333333333334,432.6681237310079,0.026353227921557476,0.014173039820084776
cycle,45.0,0.25,0.7,433.3397553435887,148.16666666666666,433.3397553435887,0.026375036877064995,0.014191090389818695
cycle,45.0,0.25,0.7,434.0113590545019,148.4,434.0113590545019,0.026396829581313508,0.014209135055655797
cycle,45.0,0.25,0.7,434.68293487925604,148.63333333333333,434.68293487925604,0.026418606071911488,0.014227173827738082
cycle,45.0,0.25,0.7,435.3544828333263,148.86666666666667,435.3544828333263,0.026440366386321634,0.014245206716173131
cycle,45.0,0.25,0.7,436.02600293215454,149.1,436.02600293215454,0.02646211056186143,0.014263233731034997
cycle,45.0,0.25,0.7,436.6974951911495,149.33333333333334,436.6974951911495,0.026483838635704138,0.014281254882364092
cycle,45.0,0.25,0.7,437.3689596256869,149.56666666666666,437.3689596256869,0.02650555064487936,0.0142992701801673
cycle,45.0,0.25,0.7,438.04039625110937,149.8,438.04039625110937,0.02652724662627426,0.014317279634418312
cycle,45.0,0.25,0.7,438.71180508272687,150.03333333333333,438.71180508272687,0.02654892661663366,0.01433528325505773
cycle,45.0,0.25,0.7,439.3831861358167,150.26666666666668,439.3831861358167,0.02657059065256162,0.01435328105199285
cycle,45.0,0.25,0.7,440.0545394256235,150.5,440.0545394256235,0.026592238770521415,0.014371273035098664
cycle,45.0,0.25,0.7,440.72586496735954,150.73333333333332,440.72586496735954,0.026613871006836765,0.014389259214217076
cycle,45.0,0.25,0.7,441.3971627762048,150.96666666666667,441.3971627762048,0.026635487397692503,0.014407239599157906
cycle,45.0,0.25,0.7,442.068432867307,151.2,442.068432867307,0.02665708797913524,0.014425214199698222
cycle,45.0,0.25,0.7,442.73967525578183,151.43333333333334,442.73967525578183,0.026678672787074253,0.01444318302558334
cycle,45.0,0.25,0.7,443.410889956713,151.66666666666666,443.410889956713,0.026700241857281815,0.014461146086526266
cycle,45.0,0.25,0.7,444.08207698515236,151.9,444.08207698515236,0.02672179522539453,0.014479103392208148
cycle,45.0,0.25,0.7,444.75323635612006,152.13333333333333,444.75323635612006,0.026743332926913665,0.01449705495227871
cycle,45.0,0.25,0.7,445.4243680846046,152.36666666666667,445.4243680846046,0.026764854997205823,0.014515000776355813
cycle,45.0,0.25,0.7,446.09547218556315,152.6,446.09547218556315,0.02678636147150404,0.014532940874026123
cycle,45.0,0.25,0.7,446.7665486739213,152.83333333333334,446.7665486739213,0.026807852384907904,0.014550875254844886
cycle,45.0,0.25,0.7,447.4375975645735,153.06666666666666,447.4375975645735,0.026829327772384892,0.014568803928336371
cycle,45.0,0.25,0.7,448.108618872383,153.3,448.108618872383,0.026850787668770693,0.014586726903993985
cycle,45.0,0.25,0.7,448.77961261218206,153.53333333333333,448.77961261218206,0.02687223210876999,0.014604644191279936
cycle,45.0,0.25,0.7,449.450578798772,153.76666666666668,449.450578798772,0.026893661126957014,0.014622555799626347
cycle,45.0,0.25,0.7,450.1215174469234,154.0,450.1215174469234,0.026915074757776658,0.014640461738434363
cycle,45.0,0.25,0.7,450.79242857137604,154.23333333333332,450.79242857137604,0.026936473035544473,0.014658362017075044
cycle,45.0,0.25,0.7,451.4633121868392,154.46666666666667,451.4633121868392,0.02695785599444811,0.014676256644888919
cycle,45.0,0.25,0.7,452.1341683079916,154.7,452.1341683079916,0.026979223668547436,0.014694145631186872
cycle,45.0,0.25,0.7,452.8049969494818,154.93333333333334,452.8049969494818,0.027000576091775308,0.014712028985249592
cycle,45.0,0.25,0.7,453.4757981259279,155.16666666666666,453.4757981259279,0.027021913297938682,0.014729906716328012
cycle,45.0,0.25,0.7,454.1465718519179,155.4,454.1465718519179,0.027043235320718284,0.01474777883364331
cycle,45.0,0.25,0.7,454.8173181420098,155.63333333333333,454.8173181420098,0.027064542193670604,0.014765645346387357
cycle,45.0,0.25,0.7,455.4880370107318,155.86666666666667,455.4880370107318,0.027085833950227234,0.01478350626372249
cycle,45.0,0.25,0.7,456.158728472582,156.1,456.158728472582,0.027107110623696418,0.014801361594781959
cycle,45.0,0.25,0.7,456.8293925420291,156.33333333333334,456.8293925420291,0.027128372247263277,0.014819211348669814
cycle,45.0,0.25,0.7,457.50002923351195,156.56666666666666,457.50002923351195,0.027149618853990698,0.01483705553446113
cycle,45.0,0.25,0.7,458.17063856144006,156.8,458.17063856144006,0.02717085047681944,0.014854894161202226
cycle,45.0,0.25,0.7,458.84122054019343,157.03333333333333,458.84122054019343,0.0271920671485697,0.014872727237910666
cycle,45.0,0.25,0.7,459.5117751841229,157.26666666666668,459.5117751841229,0.027213268901940646,0.014890554773575704
cycle,45.0,0.25,0.7,460.18230250755005,157.5,460.18230250755005,0.027234455769512,0.014908376777157728
cycle,45.0,0.25,0.7,460.85280252476736,157.73333333333332,460.85280252476736,0.027255627783743908,0.014926193257589149
cycle,45.0,0.25,0.7,461.5232752500384,157.96666666666667,461.5232752500384,0.027276784976978052,0.014944004223774177
cycle,45.0,0.25,0.7,462.1937206975979,158.2,462.1937206975979,0.027297927381437992,0.014961809684588934
cycle,45.0,0.25,0.7,462.8641388816517,158.43333333333334,462.8641388816517,0.027319055029229933,0.014979609648881675
cycle,45.0,0.25,0.7,463.534529816377,158.66666666666666,463.534529816377,0.027340167952343064,0.014997404125473013
cycle,45.0,0.25,0.7,464.20489351592255,158.9,464.20489351592255,0.027361266182650668,0.015015193123155579
cycle,45.0,0.25,0.7,464.87522999440847,159.13333333333333,464.87522999440847,0.027382349751910007,0.015032976650694918
cycle,45.0,0.25,0.7,465.54553926592666,159.36666666666667,465.54553926592666,0.027403418691763548,0.015050754716828929
cycle,45.0,0.25,0.7,466.21582134454064,159.6,466.21582134454064,0.027424473033739183,0.015068527330268311
cycle,45.0,0.25,0.7,466.88607624428585,159.83333333333334,466.88607624428585,0.027445512809250894,0.015086294499696562
cycle,45.0,0.25,0.7,467.55630397916957,160.06666666666666,467.55630397916957,0.02746653804959942,0.015104056233770313
cycle,45.0,0.25,0.7,468.2265045631712,160.3,468.2265045631712,0.027487548785972704,0.015121812541119217
cycle,45.0,0.25,0.7,468.8966780102422,160.53333333333333,468.8966780102422,0.027508545049446553,0.01513956343034617
cycle,45.0,0.25,0.7,469.5668243343064,160.76666666666668,469.5668243343064,0.0275295268709852,0.015157308910027423
cycle,45.0,0.25,0.7,470.23694354925965,161.0,470.23694354925965,0.02755049428144163,0.015175048988712803
cycle,45.0,0.25,0.7,470.90703566897054,161.23333333333332,470.90703566897054,0.027571447311558694,0.015192783674925603
cycle,45.0,0.25,0.7,471.57710070728,161.46666666666667,471.57710070728,0.027592385991968893,0.015210512977162916
cycle,45.0,0.25,0.7,472.2471386780016,161.7,472.2471386780016,0.027613310353195808,0.015228236903895742
cycle,45.0,0.25,0.7,472.9171495949216,161.93333333333334,472.9171495949216,0.027634220425653777,0.015245955463568772
cycle,45.0,0.25,0.7,473.5871334717992,162.16666666666666,473.5871334717992,0.027655116239649002,0.01526366866460116
cycle,45.0,0.25,0.7,474.2570903223662,162.4,474.2570903223662,0.027675997825380105,0.015281376515385858
cycle,45.0,0.25,0.7,474.9270201603277,162.63333333333333,474.9270201603277,0.027696865212938127,0.015299079024290618
cycle,45.0,0.25,0.7,475.59692299936165,162.86666666666667,475.59692299936165,0.02771771843230797,0.0153167761996571
cycle,45.0,0.25,0.7,476.26679885311927,163.1,476.26679885311927,0.027738557513367734,0.015334468049801764
cycle,45.0,0.25,0.7,476.93664773522505,163.33333333333334,476.93664773522505,0.027759382485890494,0.015352154583015754
cycle,45.0,0.25,0.7,477.6064696592768,163.56666666666666,477.6064696592768,0.02778019337954385,0.015369835807565013
cycle,45.0,0.25,0.7,478.2762646388458,163.8,478.2762646388458,0.027800990223891042,0.015387511731690284
cycle,45.0,0.25,0.7,478.94603268747693,164.03333333333333,478.94603268747693,0.027821773048391063,0.015405182363607217
cycle,45.0,0.25,0.7,479.6157738186885,164.26666666666668,479.6157738186885,0.02784254188239954,0.015422847711506704
cycle,45.0,0.25,0.7,480.2854880459728,164.5,480.2854880459728,0.027863296755168965,0.01544050778355488
cycle,45.0,0.25,0.7,480.9551753827957,164.73333333333332,480.9551753827957,0.02788403769584924,0.01545816258789301
cycle,45.0,0.25,0.7,481.62483584259707,164.96666666666667,481.62483584259707,0.027904764733488463,0.015475812132638156
cycle,45.0,0.25,0.7,482.29446943879077,165.2,482.29446943879077,0.027925477897033035,0.015493456425882624
cycle,45.0,0.25,0.7,482.96407618476474,165.43333333333334,482.96407618476474,0.027946177215328216,0.015511095475694514
cycle,45.0,0.25,0.7,483.63365609388103,165.66666666666666,483.63365609388103,0.027966862717119234,0.015528729290117615
cycle,45.0,0.25,0.7,484.30320917947597,165.9,484.30320917947597,0.02798753443105062,0.015546357877171624
cycle,45.0,0.25,0.7,484.97273545486024,166.13333333333333,484.97273545486024,0.028008192385667763,0.015563981244852254
cycle,45.0,0.25,0.7,485.6422349333189,166.36666666666667,485.6422349333189,0.028028836609416907,0.01558159940113124
cycle,45.0,0.25,0.7,486.3117076281115,166.6,486.3117076281115,0.02804946713064571,0.01559921235395656
cycle,45.0,0.25,0.7,486.9811535524723,166.83333333333334,486.9811535524723,0.028070083977603688,0.015616820111252427
cycle,45.0,0.25,0.7,487.65057271961007,167.06666666666666,487.65057271961007,0.028090687178442875,0.015634422680919524
cycle,45.0,0.25,0.7,488.3199651427085,167.3,488.3199651427085,0.02811127676121783,0.015652020070835104
cycle,45.0,0.25,0.7,488.9893308349261,167.53333333333333,488.9893308349261,0.028131852753886744,0.015669612288852774
cycle,45.0,0.25,0.7,489.65866980939614,167.76666666666668,489.65866980939614,0.02815241518431144,0.01568719934280316
cycle,45.0,0.25,0.7,490.3279820792272,168.0,490.3279820792272,0.028172964080258045,0.01570478124049357
cycle,45.0,0.25,0.7,490.9972676575027,168.23333333333332,490.9972676575027,0.02819349946939742,0.015722357989708002
cycle,45.0,0.25,0.7,491.6665265572813,168.46666666666667,491.6665265572813,0.0282140213793054,0.015739929598207802
cycle,45.0,0.25,0.7,492.3357587915971,168.7,492.3357587915971,0.028234529837463662,0.015757496073731336
cycle,45.0,0.25,0.7,493.00496437345925,168.93333333333334,493.00496437345925,0.02825502487125997,0.01577505742399421
cycle,45.0,0.25,0.7,493.6741433158526,169.16666666666666,493.6741433158526,0.02827550650798838,0.015792613656689047
cycle,45.0,0.25,0.7,494.3432956317373,169.4,494.3432956317373,0.02829597477485013,0.01581016477948627
cycle,45.0,0.25,0.7,495.0124213340493,169.63333333333333,495.0124213340493,0.02831642969895387,0.015827710800033645
cycle,45.0,0.25,0.7,495.6815204357,169.86666666666667,495.6815204357,0.02833687130731599,0.015845251725956522
cycle,45.0,0.25,0.7,496.3505929495767,170.1,496.3505929495767,0.028357299626861177,0.015862787564857928
cycle,45.0,0.25,0.7,497.0196388885425,170.33333333333334,497.0196388885425,0.028377714684423072,0.0158803183243188
cycle,45.0,0.25,0.7,497.68865826543635,170.56666666666666,497.68865826543635,0.028398116506744175,0.015897844011897977
cycle,45.0,0.25,0.7,498.3576510930733,170.8,498.3576510930733,0.028418505120476834,0.0159153646351321
cycle,45.0,0.25,0.7,499.02661738424433,171.03333333333333,499.02661738424433,0.028438880552183354,0.01593288020153616
cycle,45.0,0.25,0.7,499.69555715171674,171.26666666666668,499.69555715171674,0.02845924282833645,0.015950390718602936
cycle,45.0,0.25,0.7,500.3644704082339,171.5,500.3644704082339,0.028479591975319685,0.0159678961938039
cycle,45.0,0.25,0.7,501.0333571665155,171.73333333333332,501.0333571665155,0.028499928019428022,0.015985396634588755
cycle,45.0,0.25,0.7,501.70221743925765,171.96666666666667,501.70221743925765,0.028520250986868168,0.016002892048385453
cycle,45.0,0.25,0.7,502.37105123913295,172.2,502.37105123913295,0.028540560903758783,0.016020382442600734
cycle,45.0,0.25,0.7,503.03985857879053,172.43333333333334,503.03985857879053,0.028560857796131267,0.0160378678246198
cycle,45.0,0.25,0.7,503.708639470856,172.66666666666666,503.708639470856,0.028581141689929757,0.016055348201806874
cycle,45.0,0.25,0.7,504.3773939279318,172.9,504.3773939279318,0.028601412611012123,0.016072823581504636
cycle,45.0,0.25,0.7,505.04612196259706,173.13333333333333,505.04612196259706,0.028621670585149528,0.016090293971034897
cycle,45.0,0.25,0.7,505.71482358740775,173.36666666666667,505.71482358740775,0.02864191563802765,0.016107759377698372
cycle,45.0,0.25,0.7,506.38349881489677,173.6,506.38349881489677,0.028662147795246673,0.016125219808774904
cycle,45.0,0.25,0.7,507.0521476575739,173.83333333333334,507.0521476575739,0.028682367082321747,0.016142675271523688
cycle,45.0,0.25,0.7,507.72077012792624,174.06666666666666,507.72077012792624,0.028702573524683306,0.01616012577318271
cycle,45.0,0.25,0.7,508.3893662384177,174.3,508.3893662384177,0.02872276714767774,0.016177571320969863
cycle,45.0,0.25,0.7,509.0579360014897,174.53333333333333,509.0579360014897,0.02874294797656729,0.01619501192208206
cycle,45.0,0.25,0.7,509.72647942956064,174.76666666666668,509.72647942956064,0.028763116036530922,0.016212447583696
cycle,45.0,0.25,0.7,510.3949965350265,175.0,510.3949965350265,0.028783271352664674,0.016229878312967738
cycle,45.0,0.25,0.7,511.06348733026056,175.23333333333332,511.06348733026056,0.02880341394998176,0.016247304117033456
cycle,45.0,0.25,0.7,511.73195182761367,175.46666666666667,511.73195182761367,0.028823543853412903,0.016264725003008573
cycle,45.0,0.25,0.7,512.4003900394142,175.7,512.4003900394142,0.028843661087807115,0.016282140977988746
cycle,45.0,0.25,0.7,513.0688019779682,175.93333333333334,513.0688019779682,0.02886376567793203,0.016299552049049426
cycle,45.0,0.25,0.7,513.7371876555593,176.16666666666666,513.7371876555593,0.028883857648473676,0.016316958223246192
cycle,45.0,0.25,0.7,514.405547084449,176.4,514.405547084449,0.028903937024037707,0.01633435950761475
cycle,45.0,0.25,0.7,515.0738802768769,176.63333333333333,515.0738802768769,0.028924003829148948,0.01635175590917093
cycle,45.0,0.25,0.7,515.7421872450601,176.86666666666667,515.7421872450601,0.02894405808825251,0.01636914743491069
cycle,45.0,0.25,0.7,516.4104680011939,177.1,516.4104680011939,0.028964099825713685,0.01638653409181079
cycle,45.0,0.25,0.7,517.0787225574516,177.33333333333334,517.0787225574516,0.028984129065818487,0.01640391588682788
cycle,45.0,0.25,0.7,517.7469509259847,177.56666666666666,517.7469509259847,0.029004145832773665,0.016421292826899636
cycle,45.0,0.25,0.7,518.415153118923,177.8,518.415153118923,0.029024150150707917,0.01643866491894408
cycle,45.0,0.25,0.7,519.0833291483742,178.03333333333333,519.0833291483742,0.02904414204367123,0.016456032169859913
cycle,45.0,0.25,0.7,519.7514790264247,178.26666666666668,519.7514790264247,0.029064121535635756,0.016473394586526746
cycle,45.0,0.25,0.7,520.4196027651392,178.5,520.4196027651392,0.029084088650496387,0.016490752175804868
cycle,45.0,0.25,0.7,521.0877003765607,178.73333333333332,521.0877003765607,0.029104043412070624,0.016508104944535473
cycle,45.0,0.25,0.7,521.7557718727111,178.96666666666667,521.7557718727111,0.029123985844099032,0.016525452899540993
cycle,45.0,0.25,0.7,522.4238172655905,179.2,522.4238172655905,0.029143915970246015,0.016542796047624764
cycle,45.0,0.25,0.7,523.091836567178,179.43333333333334,523.091836567178,0.029163833814099482,0.016560134395571247
cycle,45.0,0.25,0.7,523.7598297894313,179.66666666666666,523.7598297894313,0.029183739399171738,0.01657746795014614
cycle,45.0,0.25,0.7,524.4277969442867,179.9,524.4277969442867,0.029203632748899477,0.016594796718096716
cycle,45.0,0.25,0.7,525.0957380436598,180.13333333333333,525.0957380436598,0.02922351388664457,0.016612120706151257
cycle,45.0,0.25,0.7,525.7636530994448,180.36666666666667,525.7636530994448,0.029243382835693943,0.016629439921019618
cycle,45.0,0.25,0.7,526.4315421235151,180.6,526.4315421235151,0.029263239619259807,0.016646754369393335
cycle,45.0,0.25,0.7,527.099405127723,180.83333333333334,527.099405127723,0.029283084260480763,0.016664064057945516
cycle,45.0,0.25,0.7,527.7672421239001,181.06666666666666,527.7672421239001,0.029302916782421362,0.016681368993330836
cycle,45.0,0.25,0.7,528.4350531238571,181.3,528.4350531238571,0.029322737208072547,0.016698669182185766
cycle,45.0,0.25,0.7,529.102838139384,181.53333333333333,529.102838139384,0.02934254556035243,0.016715964631128677
cycle,45.0,0.25,0.7,529.77059718225,181.76666666666668,529.77059718225,0.02936234186210629,0.016733255346759845
cycle,45.0,0.25,0.7,530.4383302642037,182.0,530.4383302642037,0.0293821261361068,0.01675054133566145
cycle,45.0,0.25,0.7,531.1060373969735,182.23333333333332,531.1060373969735,0.029401898405054472,0.016767822604397686
cycle,45.0,0.25,0.7,531.773718592267,182.46666666666667,531.773718592267,0.0294216586915782,0.016785099159515204
cycle,45.0,0.25,0.7,532.4413738617712,182.7,532.4413738617712,0.029441407018235166,0.016802371007542338
cycle,45.0,0.25,0.7,533.1090032171531,182.93333333333334,533.1090032171531,0.029461143407511492,0.016819638154990102
cycle,45.0,0.25,0.7,533.7766066700594,183.16666666666666,533.7766066700594,0.02948086788182236,0.016836900608351635
cycle,45.0,0.25,0.7,534.4441842321163,183.4,534.4441842321163,0.029500580463512338,0.016854158374102535
cycle,45.0,0.25,0.7,535.11173591493,183.63333333333333,535.11173591493,0.029520281174855834,0.01687141145870108
cycle,45.0,0.25,0.7,535.7792617300865,183.86666666666667,535.7792617300865,0.029539970038057195,0.016888659868587674
cycle,45.0,0.25,0.7,536.4467616891519,184.1,536.4467616891519,0.029559647075251383,0.016905903610185735
cycle,45.0,0.25,0.7,537.1142358036722,184.33333333333334,537.1142358036722,0.029579312308503747,0.01692314268990114
cycle,45.0,0.25,0.7,537.7816840851733,184.56666666666666,537.7816840851733,0.02959896575981069,0.016940377114122662
cycle,45.0,0.25,0.7,538.4491065451616,184.8,538.4491065451616,0.02961860745110012,0.016957606889221766
cycle,45.0,0.25,0.7,539.1165031951234,185.03333333333333,539.1165031951234,0.029638237404231216,0.016974832021553032
cycle,45.0,0.25,0.7,539.7838740465254,185.26666666666668,539.7838740465254,0.0296578556409951,0.016992052517453615
cycle,45.0,0.25,0.7,540.4512191108145,185.5,540.4512191108145,0.02967746218311529,0.017009268383244236
cycle,45.0,0.25,0.7,541.118538399418,185.73333333333332,541.118538399418,0.029697057052247566,0.017026479625228186
cycle,45.0,0.25,0.7,541.7858319237437,185.96666666666667,541.7858319237437,0.029716640269980554,0.017043686249692325
cycle,45.0,0.25,0.7,542.4530996951798,186.2,542.4530996951798,0.029736211857835815,0.017060888262906304
cycle,45.0,0.25,0.7,543.1203417250953,186.43333333333334,543.1203417250953,0.02975577183726852,0.017078085671123677
cycle,45.0,0.25,0.7,543.7875580248394,186.66666666666666,543.7875580248394,0.029775320229667224,0.01709527848058079
cycle,45.0,0.25,0.7,544.4547486057422,186.9,544.4547486057422,0.02979485705635465,0.017112466697497664
cycle,45.0,0.25,0.7,545.1219134791145,187.13333333333333,545.1219134791145,0.029814382338587464,0.017129650328077783
cycle,45.0,0.25,0.7,545.7890526562478,187.36666666666667,545.7890526562478,0.029833896097556933,0.01714682937850831
cycle,45.0,0.25,0.7,546.4561661484146,187.6,546.4561661484146,0.029853398354389382,0.017164003854959864
cycle,45.0,0.25,0.7,547.123253966868,187.83333333333334,547.123253966868,0.029872889130145852,0.017181173763586743
cycle,45.0,0.25,0.7,547.7903161228423,188.06666666666666,547.7903161228423,0.02989236844582277,0.01719833911052704
cycle,45.0,0.25,0.7,548.457352627553,188.3,548.457352627553,0.029911836322352392,0.017215499901902742
cycle,45.0,0.25,0.7,549.1243634921959,188.53333333333333,549.1243634921959,0.029931292780602692,0.017232656143819525
cycle,45.0,0.25,0.7,549.7913487279488,188.76666666666668,549.7913487279488,0.029950737841377806,0.017249807842367182
cycle,45.0,0.25,0.7,550.4583083459702,189.0,550.4583083459702,0.029970171525418476,0.017266955003619522
cycle,45.0,0.25,0.7,551.1252423573999,189.23333333333332,551.1252423573999,0.029989593853402163,0.017284097633634254
cycle,45.0,0.25,0.7,551.7921507733589,189.46666666666667,551.7921507733589,0.030009004845943044,0.017301235738453213
cycle,45.0,0.25,0.7,552.4590336049498,189.7,552.4590336049498,0.03002840452359279,0.017318369324102467
cycle,45.0,0.25,0.7,553.1258908632565,189.93333333333334,553.1258908632565,0.030047792906840676,0.01733549839659254
cycle,45.0,0.25,0.7,553.792722559344,190.16666666666666,553.792722559344,0.030067170016113476,0.017352622961917974
cycle,45.0,0.25,0.7,554.4595287042595,190.4,554.4595287042595,0.030086535871776454,0.01736974302605776
cycle,45.0,0.25,0.7,555.126309309031,190.63333333333333,555.126309309031,0.030105890494132814,0.017386858594975463
cycle,45.0,0.25,0.7,555.7930643846686,190.86666666666667,555.7930643846686,0.030125233903424475,0.01740396967461877
cycle,45.0,0.25,0.7,556.459793942164,191.1,556.459793942164,0.030144566119832183,0.017421076270920377
cycle,45.0,0.25,0.7,557.1264979924905,191.33333333333334,557.1264979924905,0.030163887163475844,0.01743817838979722
cycle,45.0,0.25,0.7,557.7931765466033,191.56666666666666,557.7931765466033,0.030183197054414745,0.017455276037151135
cycle,45.0,0.25,0.7,558.4598296154392,191.8,558.4598296154392,0.03020249581264778,0.017472369218868522
cycle,45.0,0.25,0.7,559.1264572099171,192.03333333333333,559.1264572099171,0.03022178345811355,0.017489457940820685
cycle,45.0,0.25,0.7,559.7930593409379,192.26666666666668,559.7930593409379,0.030241060010691045,0.017506542208863607
cycle,45.0,0.25,0.7,560.4596360193842,192.5,560.4596360193842,0.030260325490199524,0.017523622028838393
cycle,45.0,0.25,0.7,561.1261872561209,192.73333333333332,561.1261872561209,0.030279579916398736,0.01754069740657105
cycle,45.0,0.25,0.7,561.7927130619948,192.96666666666667,561.7927130619948,0.030298823308989586,0.01755776834787237
cycle,45.0,0.25,0.7,562.459213447835,193.2,562.459213447835,0.03031805568761392,0.01757483485853839
cycle,45.0,0.25,0.7,563.1256884244527,193.43333333333334,563.1256884244527,0.03033727707185485,0.01759189694435026
cycle,45.0,0.25,0.7,563.7921380026414,193.66666666666666,563.7921380026414,0.030356487481237537,0.01760895461107448
cycle,45.0,0.25,0.7,564.4585621931768,193.9,564.4585621931768,0.03037568693522863,0.017626007864462445
cycle,45.0,0.25,0.7,565.124961006817,194.13333333333333,565.124961006817,0.030394875453236825,0.017643056710251015
cycle,45.0,0.25,0.7,565.7913344543025,194.36666666666667,565.7913344543025,0.030414053054613643,0.0176601011541625
cycle,45.0,0.25,0.7,566.4576825463564,194.6,566.4576825463564,0.03043321975865254,0.017677141201904445
cycle,45.0,0.25,0.7,567.124005293684,194.83333333333334,567.124005293684,0.030452375584590352,0.017694176859169963
cycle,45.0,0.25,0.7,567.7903027069734,195.06666666666666,567.7903027069734,0.030471520551606845,0.017711208131637624
cycle,45.0,0.25,0.7,568.4565747968951,195.3,568.4565747968951,0.030490654678824836,0.017728235024971672
cycle,45.0,0.25,0.7,569.1228215741024,195.53333333333333,569.1228215741024,0.03050977798531085,0.017745257544821702
cycle,45.0,0.25,0.7,569.7890430492314,195.76666666666668,569.7890430492314,0.030528890490075344,0.017762275696823426
cycle,45.0,0.25,0.7,570.4552392329006,196.0,570.4552392329006,0.030547992212072606,0.017779289486597794
cycle,45.0,0.25,0.7,571.1214101357115,196.23333333333332,571.1214101357115,0.03056708317020107,0.017796298919751874
cycle,45.0,0.25,0.7,571.7875557682485,196.46666666666667,571.7875557682485,0.030586163383303777,0.017813304001878527
cycle,45.0,0.25,0.7,572.4536761410789,196.7,572.4536761410789,0.030605232870168586,0.017830304738556402
cycle,45.0,0.25,0.7,573.1197712647528,196.93333333333334,573.1197712647528,0.030624291649527957,0.017847301135350158
cycle,45.0,0.25,0.7,573.7858411498033,197.16666666666666,573.7858411498033,0.030643339740059616,0.017864293197810466
cycle,45.0,0.25,0.7,574.4518858067469,197.4,574.4518858067469,0.030662377160387,0.017881280931473897
cycle,45.0,0.25,0.7,575.1179052460826,197.63333333333333,575.1179052460826,0.030681403929078588,0.017898264341863257
cycle,45.0,0.25,0.7,575.7838994782929,197.86666666666667,575.7838994782929,0.030700420064649014,0.017915243434487693
cycle,45.0,0.25,0.7,576.4498685138435,198.1,576.4498685138435,0.030719425585558957,0.017932218214842033
cycle,45.0,0.25,0.7,577.1158123631832,198.33333333333334,577.1158123631832,0.030738420510215247,0.01794918868840778
cycle,45.0,0.25,0.7,577.7817310367442,198.56666666666666,577.7817310367442,0.030757404856971204,0.017966154860652783
cycle,45.0,0.25,0.7,578.4476245449418,198.8,578.4476245449418,0.030776378644126967,0.01798311673703079
cycle,45.0,0.25,0.7,579.1134928981751,199.03333333333333,579.1134928981751,0.030795341889929495,0.01800007432298245
cycle,45.0,0.25,0.7,579.779336106826,199.26666666666668,579.779336106826,0.03081429461257279,0.018017027623934645
cycle,45.0,0.25,0.7,580.4451541812605,199.5,580.4451541812605,0.030833236830198563,0.01803397664530071
cycle,45.0,0.25,0.7,581.1109471318276,199.73333333333332,581.1109471318276,0.030852168560895565,0.018050921392480546
cycle,45.0,0.25,0.7,581.7767149688602,199.96666666666667,581.7767149688602,0.030871089822700704,0.018067861870860846
cycle,45.0,0.25,0.7,582.4424577026747,200.2,582.4424577026747,0.030890000633598813,0.018084798085814757
cycle,45.0,0.25,0.7,583.1081753435711,200.43333333333334,583.1081753435711,0.030908901011522882,0.018101730042702213
cycle,45.0,0.25,0.7,583.7738679018332,200.66666666666666,583.7738679018332,0.030927790974354163,0.018118657746869826
cycle,45.0,0.25,0.7,584.4395353877284,200.9,584.4395353877284,0.030946670539922727,0.018135581203651108
cycle,45.0,0.25,0.7,585.1051778115078,201.13333333333333,585.1051778115078,0.030965539726007463,0.018152500418366246
cycle,45.0,0.25,0.7,585.7707951834068,201.36666666666667,585.7707951834068,0.03098439855033619,0.018169415396322663
cycle,45.0,0.25,0.7,586.4363875136441,201.6,586.4363875136441,0.03100324703058599,0.018186326142814235
cycle,45.0,0.25,0.7,587.1019548124227,201.83333333333334,587.1019548124227,0.03102208518438332,0.018203232663122182
cycle,45.0,0.25,0.7,587.7674970899295,202.06666666666666,587.7674970899295,0.03104091302930445,0.018220134962514623
cycle,45.0,0.25,0.7,588.4330143563352,202.3,588.4330143563352,0.031059730582875367,0.01823703304624691
cycle,45.0,0.25,0.7,589.0985066217949,202.53333333333333,589.0985066217949,0.031078537862571975,0.018253926919561403
cycle,45.0,0.25,0.7,589.7639738964474,202.76666666666668,589.7639738964474,0.03109733488582067,0.018270816587687477
cycle,45.0,0.25,0.7,590.429416190416,203.0,590.429416190416,0.03111612166999822,0.01828770205584207
cycle,45.0,0.25,0.7,591.0948335138079,203.23333333333332,591.0948335138079,0.031134898232431985,0.01830458332922924
cycle,45.0,0.25,0.7,591.7602258767147,203.46666666666667,591.7602258767147,0.031153664590400032,0.01832146041304017
cycle,45.0,0.25,0.7,592.4255932892123,203.7,592.4255932892123,0.03117242076113169,0.018338333312453714
cycle,45.0,0.25,0.7,593.0909357613608,203.93333333333334,593.0909357613608,0.031191166761807443,0.018355202032635964
cycle,45.0,0.25,0.7,593.7562533032047,204.16666666666666,593.7562533032047,0.031209902609559137,0.018372066578740354
cycle,45.0,0.25,0.7,594.4215459247729,204.4,594.4215459247729,0.03122862832147033,0.018388926955908103
cycle,45.0,0.25,0.7,595.0868136360788,204.63333333333333,595.0868136360788,0.031247343914576065,0.018405783169267775
cycle,45.0,0.25,0.7,595.75205644712,204.86666666666667,595.75205644712,0.03126604940586397,0.018422635223935613
cycle,45.0,0.25,0.7,596.4172743678791,205.1,596.4172743678791,0.03128474481227328,0.01843948312501531
cycle,45.0,0.25,0.7,597.082467408323,205.33333333333334,597.082467408323,0.03130343015069581,0.01845632687759835
cycle,45.0,0.25,0.7,597.7476355784032,205.56666666666666,597.7476355784032,0.0313221054379762,0.018473166486764114
cycle,45.0,0.25,0.7,598.4127788880559,205.8,598.4127788880559,0.031340770690911346,0.01849000195757944
cycle,45.0,0.25,0.7,599.0778973472019,206.03333333333333,599.0778973472019,0.031359425926251405,0.018506833295099057
cycle,45.0,0.25,0.7,599.7429909657469,206.26666666666668,599.7429909657469,0.03137807116069968,0.018523660504365713
cycle,45.0,0.25,0.7,600.4080597535814,206.5,600.4080597535814,0.031396706410912634,0.01854048359040983
cycle,45.0,0.25,0.7,601.0731037205804,206.73333333333332,601.0731037205804,0.03141533169350019,0.018557302558249833
cycle,45.0,0.25,0.7,601.7381228766042,206.96666666666667,601.7381228766042,0.031433947025026,0.018574117412892277
cycle,45.0,0.25,0.7,602.4031172314976,207.2,602.4031172314976,0.03145255242200773,0.0185909281593315
cycle,45.0,0.25,0.7,603.0680867950907,207.43333333333334,603.0680867950907,0.03147114790091665,0.01860773480255007
cycle,45.0,0.25,0.7,603.7330315771983,207.66666666666666,603.7330315771983,0.03148973347817874,0.018624537347518566
cycle,45.0,0.25,0.7,604.3979515876204,207.9,604.3979515876204,0.031508309170174,0.01864133579919569
cycle,45.0,0.25,0.7,605.0628468361418,208.13333333333333,605.0628468361418,0.03152687499323725,0.018658130162528486
cycle,45.0,0.25,0.7,605.7277173325328,208.36666666666667,605.7277173325328,0.031545430963657806,0.018674920442452003
cycle,45.0,0.25,0.7,606.3925630865485,208.6,606.3925630865485,0.031563977097679996,0.01869170664388986
cycle,45.0,0.25,0.7,607.0573841079295,208.83333333333334,607.0573841079295,0.03158251341150342,0.018708488771753684
cycle,45.0,0.25,0.7,607.7221804064012,209.06666666666666,607.7221804064012,0.031601039921282714,0.018725266830943554
cycle,45.0,0.25,0.7,608.3869519916747,209.3,608.3869519916747,0.0316195566431281,0.018742040826348005
cycle,45.0,0.25,0.7,609.0516988734461,209.53333333333333,609.0516988734461,0.03163806359310517,0.018758810762844025
cycle,45.0,0.25,0.7,609.7164210613969,209.76666666666668,609.7164210613969,0.031656560787235666,0.018775576645297054
cycle,45.0,0.25,0.7,610.3811185651941,210.0,610.3811185651941,0.03167504824149703,0.018792338478560877
cycle,45.0,0.25,0.7,611.04579139449,210.23333333333332,611.04579139449,0.031693525971822845,0.018809096267478065
cycle,45.0,0.25,0.7,611.7104395589225,210.46666666666667,611.7104395589225,0.03171199399410307,0.018825850016879753
cycle,45.0,0.25,0.7,612.3750630681149,210.7,612.3750630681149,0.031730452324184144,0.01884259973158553
cycle,45.0,0.25,0.7,613.0396619316758,210.93333333333334,613.0396619316758,0.03174890097786909,0.018859345416403772
cycle,45.0,0.25,0.7,613.7042361591998,211.16666666666666,613.7042361591998,0.03176733997091763,0.018876087076131642
cycle,45.0,0.25,0.7,614.3687857602669,211.4,614.3687857602669,0.03178576931904664,0.01889282471555498
cycle,45.0,0.25,0.7,615.0333107444426,211.63333333333333,615.0333107444426,0.03180418903792992,0.018909558339448407
cycle,45.0,0.25,0.7,615.6978111212784,211.86666666666667,615.6978111212784,0.03182259914319874,0.01892628795257545
cycle,45.0,0.25,0.7,616.3622869003113,212.1,616.3622869003113,0.03184099965044174,0.018943013559688415
cycle,45.0,0.25,0.7,617.0267380910642,212.33333333333334,617.0267380910642,0.03185939057520515,0.018959735165528513
cycle,45.0,0.25,0.7,617.6911647030457,212.56666666666666,617.6911647030457,0.031877771932993015,0.018976452774825958
cycle,45.0,0.25,0.7,618.3555667457503,212.8,618.3555667457503,0.03189614373926741,0.018993166392299865
cycle,45.0,0.25,0.7,619.0199442286581,213.03333333333333,619.0199442286581,0.03191450600944823,0.019009876022658467
cycle,45.0,0.25,0.7,619.6842971612357,213.26666666666668,619.6842971612357,0.03193285875891394,0.01902658167059912
cycle,45.0,0.25,0.7,620.348625552935,213.5,620.348625552935,0.03195120200300128,0.01904328334080807
cycle,45.0,0.25,0.7,621.0129294131943,213.73333333333332,621.0129294131943,0.03196953575700556,0.019059981037960805
cycle,45.0,0.25,0.7,621.6772087514379,213.96666666666667,621.6772087514379,0.031987860036180926,0.019076674766722035
cycle,45.0,0.25,0.7,622.3414635770758,214.2,622.3414635770758,0.03200617485574009,0.019093364531745594
cycle,45.0,0.25,0.7,623.0056938995046,214.43333333333334,623.0056938995046,0.032024480230855246,0.019110050337674545
cycle,45.0,0.25,0.7,623.6698997281067,214.66666666666666,623.6698997281067,0.03204277617665752,0.019126732189141404
cycle,45.0,0.25,0.7,624.3340810722506,214.9,624.3340810722506,0.0320610627082375,0.0191434100907677
cycle,45.0,0.25,0.7,624.9982379412912,215.13333333333333,624.9982379412912,0.03207933984064515,0.019160084047164627
cycle,45.0,0.25,0.7,625.6623703445698,215.36666666666667,625.6623703445698,0.03209760758889013,0.01917675406293262
cycle,45.0,0.25,0.7,626.3264782914135,215.6,626.3264782914135,0.032115865967942026,0.019193420142661566
cycle,45.0,0.25,0.7,626.9905617911361,215.83333333333334,626.9905617911361,0.032134114992730334,0.019210082290930797
cycle,45.0,0.25,0.7,627.6546208530375,216.06666666666666,627.6546208530375,0.03215235467814459,0.019226740512309215
cycle,45.0,0.25,0.7,628.3186554864042,216.3,628.3186554864042,0.03217058503903458,0.019243394811355063
cycle,45.0,0.25,0.7,628.9826657005088,216.53333333333333,628.9826657005088,0.032188806090210687,0.01926004519261637
cycle,45.0,0.25,0.7,629.6466515046109,216.76666666666668,629.6466515046109,0.03220701784644353,0.01927669166063073
cycle,45.0,0.25,0.7,630.3106129079559,217.0,630.3106129079559,0.032225220322464776,0.019293334219925296
cycle,45.0,0.25,0.7,630.9745499197762,217.23333333333332,630.9745499197762,0.03224341353296667,0.0193099728750169
cycle,45.0,0.25,0.7,631.6384625492906,217.46666666666667,631.6384625492906,0.0322615974926026,0.019326607630412163
cycle,45.0,0.25,0.7,632.3023508057045,217.7,632.3023508057045,0.0322797722159871,0.019343238490607484
cycle,45.0,0.25,0.7,632.9662146982098,217.93333333333334,632.9662146982098,0.032297937717695846,0.019359865460088832
cycle,45.0,0.25,0.7,633.6300542359853,218.16666666666666,633.6300542359853,0.032316094012266205,0.019376488543332182
cycle,45.0,0.25,0.7,634.2938694281964,218.4,634.2938694281964,0.032334241114196804,0.019393107744803295
cycle,45.0,0.25,0.7,634.9576602839951,218.63333333333333,634.9576602839951,0.0323523790379483,0.01940972306895783
cycle,45.0,0.25,0.7,635.6214268125202,218.86666666666667,635.6214268125202,0.032370507797942816,0.01942633452024134
cycle,45.0,0.25,0.7,636.2851690228974,219.1,636.2851690228974,0.03238862740856496,0.01944294210308939
cycle,45.0,0.25,0.7,636.9488869242393,219.33333333333334,636.9488869242393,0.03240673788416104,0.019459545821927327
cycle,45.0,0.25,0.7,637.6125805256451,219.56666666666666,637.6125805256451,0.03242483923903994,0.01947614568117073
cycle,45.0,0.25,0.7,638.2762498362009,219.8,638.2762498362009,0.032442931487472904,0.01949274168522519
cycle,45.0,0.25,0.7,638.93989486498,220.03333333333333,638.93989486498,0.03246101464369344,0.019509333838486298
cycle,45.0,0.25,0.7,639.6035156210426,220.26666666666668,639.6035156210426,0.0324790887218982,0.01952592214533988
cycle,45.0,0.25,0.7,640.2671121134355,220.5,640.2671121134355,0.0324971537362464,0.01954250661016177
cycle,45.0,0.25,0.7,640.930684351193,220.73333333333332,640.930684351193,0.03251520970086019,0.01955908723731814
cycle,45.0,0.25,0.7,641.5942323433363,220.96666666666667,641.5942323433363,0.03253325662982509,0.019575664031165174
cycle,45.0,0.25,0.7,642.2577560988736,221.2,642.2577560988736,0.032551294537189523,0.019592236996049506
cycle,45.0,0.25,0.7,642.9212556268004,221.43333333333334,642.9212556268004,0.0325693234369655,0.019608806136307888
cycle,45.0,0.25,0.7,643.5847309360992,221.66666666666666,643.5847309360992,0.032587343343128516,0.019625371456267526
cycle,45.0,0.25,0.7,644.2481820357395,221.9,644.2481820357395,0.03260535426961764,0.019641932960245967
cycle,45.0,0.25,0.7,644.9116089346786,222.13333333333333,644.9116089346786,0.032623356230335854,0.019658490652550764
cycle,45.0,0.25,0.7,645.5750116418606,222.36666666666667,645.5750116418606,0.03264134923914974,0.01967504453748048
cycle,45.0,0.25,0.7,646.238390166217,222.6,646.238390166217,0.03265933330989035,0.019691594619323682
cycle,45.0,0.25,0.7,646.9017445166666,222.83333333333334,646.9017445166666,0.03267730845635253,0.019708140902359617
cycle,45.0,0.25,0.7,647.5650747021155,223.06666666666666,647.5650747021155,0.032695274692295495,0.019724683390857756
cycle,45.0,0.25,0.7,648.2283807314573,223.3,648.2283807314573,0.03271323203144316,0.01974122208907847
cycle,45.0,0.25,0.7,648.8916626135729,223.53333333333333,648.8916626135729,0.03273118048748369,0.01975775700127247
cycle,45.0,0.25,0.7,649.5549203573307,223.76666666666668,649.5549203573307,0.03274912007407005,0.01977428813168114
cycle,45.0,0.25,0.7,650.2181539715867,224.0,650.2181539715867,0.03276705080482001,0.019790815484536428
cycle,45.0,0.25,0.7,650.8813634651842,224.23333333333332,650.8813634651842,0.03278497269331626,0.019807339064060847
cycle,45.0,0.25,0.7,651.5445488469541,224.46666666666667,651.5445488469541,0.032802885753106525,0.019823858874467915
cycle,45.0,0.25,0.7,652.2077101257148,224.7,652.2077101257148,0.03282078999770399,0.0198403749199616
cycle,45.0,0.25,0.7,652.8708473102724,224.93333333333334,652.8708473102724,0.03283868544058677,0.01985688720473655
cycle,45.0,0.25,0.7,653.5339604094207,225.16666666666666,653.5339604094207,0.032856572095198655,0.019873395732978527
cycle,45.0,0.25,0.7,654.197049431941,225.4,654.197049431941,0.032874449974948816,0.019889900508863745
cycle,45.0,0.25,0.7,654.8601143866023,225.63333333333333,654.8601143866023,0.03289231909321244,0.019906401536559426
cycle,45.0,0.25,0.7,655.5231552821614,225.86666666666667,655.5231552821614,0.0329101794633303,0.01992289882022369
cycle,45.0,0.25,0.7,656.1861721273629,226.1,656.1861721273629,0.03292803109860898,0.019939392364005437
cycle,45.0,0.25,0.7,656.849164930939,226.33333333333334,656.849164930939,0.03294587401232141,0.01995588217204447
cycle,45.0,0.25,0.7,657.51213370161,226.56666666666666,657.51213370161,0.032963708217706666,0.019972368248471817
cycle,45.0,0.25,0.7,658.1750784480837,226.8,658.1750784480837,0.03298153372796975,0.01998885059740918
cycle,45.0,0.25,0.7,658.8379991790559,227.03333333333333,658.8379991790559,0.03299935055628267,0.02000532922296938
cycle,45.0,0.25,0.7,659.5008959032104,227.26666666666668,659.5008959032104,0.03301715871578348,0.02002180412925625
cycle,45.0,0.25,0.7,660.1637686292189,227.5,660.1637686292189,0.033034958219577026,0.02003827532036495
cycle,45.0,0.25,0.7,660.826617365741,227.73333333333332,660.826617365741,0.0330527490807353,0.02005474280038122
cycle,45.0,0.25,0.7,661.4894421214242,227.96666666666667,661.4894421214242,0.033070531312296536,0.02007120657338246
cycle,45.0,0.25,0.7,662.1522429049043,228.2,662.1522429049043,0.033088304927266554,0.020087666643436863
cycle,45.0,0.25,0.7,662.8150197248048,228.43333333333334,662.8150197248048,0.03310606993861809,0.02010412301460407
cycle,45.0,0.25,0.7,663.4777725897375,228.66666666666666,663.4777725897375,0.03312382635929101,0.020120575690934617
cycle,45.0,0.25,0.7,664.1405015083023,228.9,664.1405015083023,0.03314157420219277,0.020137024676470716
cycle,45.0,0.25,0.7,664.8032064890873,229.13333333333333,664.8032064890873,0.03315931348019807,0.020153469975245364
cycle,45.0,0.25,0.7,665.4658875406685,229.36666666666667,665.4658875406685,0.03317704420614942,0.02016991159128312
cycle,45.0,0.25,0.7,666.1285446716104,229.6,666.1285446716104,0.0331947663928569,0.02018634952859999
cycle,45.0,0.25,0.7,666.7911778904654,229.83333333333334,666.7911778904654,0.0332124800530984,0.020202783791202994
cycle,45.0,0.25,0.7,667.4537872057743,230.06666666666666,667.4537872057743,0.033230185199620066,0.020219214383090822
cycle,45.0,0.25,0.7,668.1163726260664,230.3,668.1163726260664,0.03324788184513561,0.020235641308253505
cycle,45.0,0.25,0.7,668.7789341598591,230.53333333333333,668.7789341598591,0.033265570002327105,0.020252064570672412
cycle,45.0,0.25,0.7,669.441471815658,230.76666666666668,669.441471815658,0.033283249683845106,0.020268484174320367
cycle,45.0,0.25,0.7,670.1039856019573,231.0,670.1039856019573,0.033300920902308295,0.020284900123161864
cycle,45.0,0.25,0.7,670.7664755272395,231.23333333333332,670.7664755272395,0.033318583670303825,0.02030131242115274
cycle,45.0,0.25,0.7,671.4289415999755,231.46666666666667,671.4289415999755,0.03333623800038765,0.02031772107224039
cycle,45.0,0.25,0.7,672.0913838286247,231.7,672.0913838286247,0.033353883905084425,0.02033412608036389
cycle,45.0,0.25,0.7,672.7538022216348,231.93333333333334,672.7538022216348,0.03337152139688748,0.02035052744945376
cycle,45.0,0.25,0.7,673.4161967874423,232.16666666666666,673.4161967874423,0.03338915048825908,0.020366925183432194
cycle,45.0,0.25,0.7,674.0785675344722,232.4,674.0785675344722,0.033406771191630824,0.020383319286213286
cycle,45.0,0.25,0.7,674.7409144711377,232.63333333333333,674.7409144711377,0.03342438351940291,0.020399709761702245
cycle,45.0,0.25,0.7,675.4032376058409,232.86666666666667,675.4032376058409,0.033441987483945446,0.02041609661379662
cycle,45.0,0.25,0.7,676.0655369469724,233.1,676.0655369469724,0.033459583097597445,0.020432479846385188
cycle,45.0,0.25,0.7,676.7278125029117,233.33333333333334,676.7278125029117,0.03347717037266751,0.020448859463348734
cycle,45.0,0.25,0.7,677.3900642820264,233.56666666666666,677.3900642820264,0.033494749321433925,0.020465235468559828
cycle,45.0,0.25,0.7,678.0522922926734,233.8,678.0522922926734,0.033512319956144565,0.0204816078658826
cycle,45.0,0.25,0.7,678.714496543198,234.03333333333333,678.714496543198,0.03352988228901699,0.02049797665917341
cycle,45.0,0.25,0.7,679.3766770419343,234.26666666666668,679.3766770419343,0.03354743633223889,0.02051434185228007
cycle,45.0,0.25,0.7,680.0388337972051,234.5,680.0388337972051,0.03356498209796788,0.02053070344904251
cycle,45.0,0.25,0.7,680.7009668173222,234.73333333333332,680.7009668173222,0.03358251959833147,0.02054706145329266
cycle,45.0,0.25,0.7,681.363076110586,234.96666666666667,681.363076110586,0.033600048845427555,0.020563415868854018
cycle,45.0,0.25,0.7,682.025161685286,235.2,682.025161685286,0.03361756985132447,0.020579766699542312
cycle,45.0,0.25,0.7,682.6872235497003,235.43333333333334,682.6872235497003,0.033635082628060586,0.020596113949165273
cycle,45.0,0.25,0.7,683.3492617120962,235.66666666666666,683.3492617120962,0.03365258718764508,0.02061245762152253
cycle,45.0,0.25,0.7,684.0112761807299,235.9,684.0112761807299,0.033670083542057805,0.02062879772040571
cycle,45.0,0.25,0.7,684.6732669638461,236.13333333333333,684.6732669638461,0.033687571703248875,0.020645134249598684
cycle,45.0,0.25,0.7,685.3352340696791,236.36666666666667,685.3352340696791,0.03370505168313975,0.020661467212877205
cycle,45.0,0.25,0.7,685.997177506452,236.6,685.997177506452,0.03372252349362259,0.020677796614009147
cycle,45.0,0.25,0.7,686.6590972823766,236.83333333333334,686.6590972823766,0.033739987146560346,0.020694122456754727
cycle,45.0,0.25,0.7,687.3209934056542,237.06666666666666,687.3209934056542,0.03375744265378744,0.020710444744866052
cycle,45.0,0.25,0.7,687.9828658844751,237.3,687.9828658844751,0.03377489002710943,0.020726763482087573
cycle,45.0,0.25,0.7,688.6447147270187,237.53333333333333,688.6447147270187,0.03379232927830278,0.020743078672155857
cycle,45.0,0.25,0.7,689.3065399414534,237.76666666666668,689.3065399414534,0.033809760419115986,0.020759390318799698
cycle,45.0,0.25,0.7,689.9683415359368,238.0,689.9683415359368,0.03382718346126867,0.02077569842574034
cycle,45.0,0.25,0.7,690.6301195186159,238.23333333333332,690.6301195186159,0.03384459841645204,0.020792002996690928
cycle,45.0,0.25,0.7,691.2918738976266,238.46666666666667,691.2918738976266,0.03386200529632921,0.02080830403535716
cycle,45.0,0.25,0.7,691.9536046810945,238.7,691.9536046810945,0.03387940411253487,0.020824601545437083
cycle,45.0,0.25,0.7,692.6153118771339,238.93333333333334,692.6153118771339,0.03389679487667574,0.020840895530620962
cycle,45.0,0.25,0.7,693.2769954938487,239.16666666666666,693.2769954938487,0.03391417760033044,0.02085718599459152
cycle,45.0,0.25,0.7,693.9386555393323,239.4,693.9386555393323,0.03393155229504963,0.02087347294102393
cycle,45.0,0.25,0.7,694.6002920216671,239.63333333333333,694.6002920216671,0.03394891897235652,0.020889756373585477
cycle,45.0,0.25,0.7,695.2619049489249,239.86666666666667,695.2619049489249,0.033966277643745935,0.020906036295936126
cycle,45.0,0.25,0.7,695.9234943291672,240.1,695.9234943291672,0.03398362832068569,0.020922312711728397
cycle,45.0,0.25,0.7,696.5850601704445,240.33333333333334,696.5850601704445,0.03400097101461552,0.020938585624607153
cycle,45.0,0.25,0.7,697.246602480797,240.56666666666666,697.246602480797,0.034018305736948196,0.020954855038209597
cycle,45.0,0.25,0.7,697.9081212682544,240.8,697.9081212682544,0.034035632499068824,0.020971120956165934
cycle,45.0,0.25,0.7,698.5696165408357,241.03333333333333,698.5696165408357,0.03405295131233532,0.02098738338209838
cycle,45.0,0.25,0.7,699.2310883065496,241.26666666666668,699.2310883065496,0.034070262188078404,0.02100364231962204
cycle,45.0,0.25,0.7,699.8925365733942,241.5,699.8925365733942,0.034087565137601694,0.021019897772344698
cycle,45.0,0.25,0.7,700.5539613493572,241.73333333333332,700.5539613493572,0.03410486017218184,0.021036149743866472
cycle,45.0,0.25,0.7,701.215362642416,241.96666666666667,701.215362642416,0.03412214730306873,0.021052398237780268
cycle,45.0,0.25,0.7,701.8767404605375,242.2,701.8767404605375,0.03413942654148516,0.02106864325767177
cycle,45.0,0.25,0.7,702.5380948116781,242.43333333333334,702.5380948116781,0.03415669789862741,0.02108488480711912
cycle,45.0,0.25,0.7,703.1994257037841,242.66666666666666,703.1994257037841,0.034173961385665086,0.021101122889693236
cycle,45.0,0.25,0.7,703.8607331447913,242.9,703.8607331447913,0.03419121701374117,0.021117357508958046
cycle,45.0,0.25,0.7,704.5220171426254,243.13333333333333,704.5220171426254,0.034208464793972215,0.021133588668469705
cycle,45.0,0.25,0.7,705.1832777052017,243.36666666666667,705.1832777052017,0.03422570473744857,0.021149816371777708
cycle,45.0,0.25,0.7,705.8445148404253,243.6,705.8445148404253,0.03424293685523394,0.021166040622423887
cycle,45.0,0.25,0.7,706.5057285561909,243.83333333333334,706.5057285561909,0.034260161158366276,0.021182261423943194
cycle,45.0,0.25,0.7,707.1669188603832,244.06666666666666,707.1669188603832,0.03427737765785699,0.02119847877986325
cycle,45.0,0.25,0.7,707.8280857608769,244.3,707.8280857608769,0.03429458636469185,0.021214692693704573
cycle,45.0,0.25,0.7,708.489229265536,244.53333333333333,708.489229265536,0.03431178728983042,0.021230903168980575
cycle,45.0,0.25,0.7,709.1503493822148,244.76666666666668,709.1503493822148,0.034328980444206625,0.021247110209197784
cycle,45.0,0.25,0.7,709.8114461187574,245.0,709.8114461187574,0.034346165838728404,0.02126331381785518
cycle,45.0,0.25,0.7,710.4725194829978,245.23333333333332,710.4725194829978,0.034363343484278275,0.021279513998445077
cycle,45.0,0.25,0.7,711.1335694827599,245.46666666666667,711.1335694827599,0.034380513391712775,0.02129571075445269
cycle,45.0,0.25,0.7,711.7945961258575,245.7,711.7945961258575,0.03439767557186346,0.021311904089356015
cycle,45.0,0.25,0.7,712.4555994200947,245.93333333333334,712.4555994200947,0.034414830035536026,0.021328094006626386
cycle,45.0,0.25,0.7,713.1165793732652,246.16666666666666,713.1165793732652,0.034431976793511065,0.02134428050972803
cycle,45.0,0.25,0.7,713.7775359931529,246.4,713.7775359931529,0.034449115856543866,0.021360463602117963
cycle,45.0,0.25,0.7,714.4384692875319,246.63333333333333,714.4384692875319,0.03446624723536429,0.021376643287246644
cycle,45.0,0.25,0.7,715.099379264166,246.86666666666667,715.099379264166,0.03448337094067755,0.02139281956855743
cycle,45.0,0.25,0.7,715.7602659308096,247.1,715.7602659308096,0.034500486983163436,0.021408992449486908
cycle,45.0,0.25,0.7,716.4211292952068,247.33333333333334,716.4211292952068,0.034517595373477206,0.021425161933464665
cycle,45.0,0.25,0.7,717.0819693650919,247.56666666666666,717.0819693650919,0.03453469612224891,0.02144132802391341
cycle,45.0,0.25,0.7,717.7427861481896,247.8,717.7427861481896,0.03455178924008406,0.021457490724249406
cycle,45.0,0.25,0.7,718.4035796522145,248.03333333333333,718.4035796522145,0.034568874737563426,0.021473650037881487
cycle,45.0,0.25,0.7,719.0643498848717,248.26666666666668,719.0643498848717,0.034585952625243,0.02148980596821226
cycle,45.0,0.25,0.7,719.7250968538563,248.5,719.7250968538563,0.03460302291365469,0.021505958518637347
cycle,45.0,0.25,0.7,720.3858205668537,248.73333333333332,720.3858205668537,0.03462008561330543,0.021522107692545367
cycle,45.0,0.25,0.7,721.0465210315396,248.96666666666667,721.0465210315396,0.03463714073467816,0.021538253493318726
cycle,45.0,0.25,0.7,721.70719825558,249.2,721.70719825558,0.03465418828823141,0.021554395924332836
cycle,45.0,0.25,0.7,722.3678522466312,249.43333333333334,722.3678522466312,0.03467122828439961,0.021570534988956225
cycle,45.0,0.25,0.7,723.0284830123398,249.66666666666666,723.0284830123398,0.03468826073359277,0.021586670690551202
cycle,45.0,0.25,0.7,723.689090560343,249.9,723.689090560343,0.034705285646197126,0.021602803032473084
cycle,45.0,0.25,0.7,724.3496748982678,250.13333333333333,724.3496748982678,0.03472230303257495,0.021618932018070747
cycle,45.0,0.25,0.7,725.0102360337324,250.36666666666667,725.0102360337324,0.034739312903064534,0.021635057650686185
cycle,45.0,0.25,0.7,725.6707739743448,250.6,725.6707739743448,0.03475631526798029,0.021651179933655285
cycle,45.0,0.25,0.7,726.3312887277036,250.83333333333334,726.3312887277036,0.03477331013761287,0.02166729887030694
cycle,45.0,0.25,0.7,726.9917803013981,251.06666666666666,726.9917803013981,0.03479029752222962,0.02168341446396349
cycle,45.0,0.25,0.7,727.6522487030078,251.3,727.6522487030078,0.03480727743207379,0.021699526717941175
cycle,45.0,0.25,0.7,728.3126939401028,251.53333333333333,728.3126939401028,0.03482424987736554,0.021715635635549124
cycle,45.0,0.25,0.7,728.9731160202438,251.76666666666668,728.9731160202438,0.03484121486830127,0.021731741220090472
cycle,45.0,0.25,0.7,729.6335149509819,252.0,729.6335149509819,0.03485817241505429,0.021747843474861583
cycle,45.0,0.25,0.7,730.293890739859,252.23333333333332,730.293890739859,0.03487512252777447,0.021763942403152603
cycle,45.0,0.25,0.7,730.9542433944073,252.46666666666667,730.9542433944073,0.0348920652165885,0.021780038008246905
cycle,45.0,0.25,0.7,731.6145729221499,252.7,731.6145729221499,0.03490900049159995,0.021796130293421756
cycle,45.0,0.25,0.7,732.2748793306005,252.93333333333334,732.2748793306005,0.034925928362889436,0.021812219261947763
cycle,45.0,0.25,0.7,732.9351626272631,253.16666666666666,732.9351626272631,0.03494284884051435,0.021828304917089425
cycle,45.0,0.25,0.7,733.5954228196329,253.4,733.5954228196329,0.03495976193450934,0.021844387262104803
cycle,45.0,0.25,0.7,734.2556599151952,253.63333333333333,734.2556599151952,0.03497666765488616,0.021860466300245296
cycle,45.0,0.25,0.7,734.9158739214266,253.86666666666667,734.9158739214266,0.03499356601163395,0.02187654203475642
cycle,45.0,0.25,0.7,735.5760648457941,254.1,735.5760648457941,0.03501045701471883,0.021892614468877136
cycle,45.0,0.25,0.7,736.2362326957556,254.33333333333334,736.2362326957556,0.03502734067408453,0.021908683605840196
cycle,45.0,0.25,0.7,736.8963774787596,254.56666666666666,736.8963774787596,0.03504421699965232,0.021924749448872016
cycle,45.0,0.25,0.7,737.5564992022456,254.8,737.5564992022456,0.03506108600132074,0.0219408120011928
cycle,45.0,0.25,0.7,738.2165978736439,255.03333333333333,738.2165978736439,0.035077947688966105,0.02195687126601642
cycle,45.0,0.25,0.7,738.8766735003754,255.26666666666668,738.8766735003754,0.03509480207244231,0.021972927246550644
cycle,45.0,0.25,0.7,739.5367260898521,255.5,739.5367260898521,0.03511164916158105,0.021988979945997134
cycle,45.0,0.25,0.7,740.1967556494768,255.73333333333332,740.1967556494768,0.035128488966191695,0.02200502936755122
cycle,45.0,0.25,0.7,740.8567621866432,255.96666666666667,740.8567621866432,0.035145321496061754,0.02202107551440191
cycle,45.0,0.25,0.7,741.5167457087359,256.2,741.5167457087359,0.0351621467609563,0.022037118389732324
cycle,45.0,0.25,0.7,742.1767062231304,256.43333333333334,742.1767062231304,0.03517896477061888,0.022053157996719475
cycle,45.0,0.25,0.7,742.8366437371933,256.6666666666667,742.8366437371933,0.0351957755347706,0.02206919433853405
cycle,45.0,0.25,0.7,743.496558258282,256.9,743.496558258282,0.03521257906311126,0.022085227418340736
cycle,45.0,0.25,0.7,744.156449793745,257.1333333333333,744.156449793745,0.03522937536531856,0.022101257239298233
cycle,45.0,0.25,0.7,744.8163183509217,257.3666666666667,744.8163183509217,0.035246164451048556,0.022117283804558907
cycle,45.0,0.25,0.7,745.4761639371428,257.6,745.4761639371428,0.03526294632993565,0.022133307117269574
cycle,45.0,0.25,0.7,746.1359865597298,257.8333333333333,746.1359865597298,0.0352797210115926,0.02214932718057039
cycle,45.0,0.25,0.7,746.7957862259952,258.06666666666666,746.7957862259952,0.03529648850561096,0.022165343997596065
cycle,45.0,0.25,0.7,747.455562943243,258.3,747.455562943243,0.035313248821560395,0.02218135757147499
cycle,45.0,0.25,0.7,748.1153167187679,258.53333333333336,748.1153167187679,0.03533000196898972,0.022197367905329668
cycle,45.0,0.25,0.7,748.7750475598558,258.76666666666665,748.7750475598558,0.035346747957425984,0.022213375002276714
cycle,45.0,0.25,0.7,749.434755473784,259.0,749.434755473784,0.035363486796375354,0.02222937886542664
cycle,45.0,0.25,0.7,750.0944404678207,259.23333333333335,750.0944404678207,0.03538021849532247,0.022245379497884077
cycle,45.0,0.25,0.7,750.7541025492255,259.46666666666664,750.7541025492255,0.0353969430637312,0.022261376902747987
cycle,45.0,0.25,0.7,751.413741725249,259.7,751.413741725249,0.03541366051104422,0.02227737108311101
cycle,45.0,0.25,0.7,752.0733580031331,259.93333333333334,752.0733580031331,0.03543037084668321,0.02229336204206034
cycle,45.0,0.25,0.7,752.732951390111,260.1666666666667,752.732951390111,0.0354470740800491,0.022309349782676957
cycle,45.0,0.25,0.7,753.3925218934071,260.4,753.3925218934071,0.03546377022052172,0.022325334308036293
cycle,45.0,0.25,0.7,754.0520695202371,260.6333333333333,754.0520695202371,0.03548045927746046,0.02234131562120789
cycle,45.0,0.25,0.7,754.711594277808,260.8666666666667,754.711594277808,0.035497141260203646,0.02235729372525519
cycle,45.0,0.25,0.7,755.3710961733182,261.1,755.3710961733182,0.03551381617806926,0.022373268623236076
cycle,45.0,0.25,0.7,756.0305752139573,261.3333333333333,756.0305752139573,0.035530484040354526,0.022389240318202885
cycle,45.0,0.25,0.7,756.6900314069063,261.56666666666666,756.6900314069063,0.035547144856336144,0.022405208813201738
cycle,45.0,0.25,0.7,757.3494647593376,261.8,757.3494647593376,0.03556379863527037,0.022421174111273312
cycle,45.0,0.25,0.7,758.008875278415,262.03333333333336,758.008875278415,0.03558044538639327,0.022437136215452402
cycle,45.0,0.25,0.7,758.6682629712936,262.26666666666665,758.6682629712936,0.035597085118920235,0.02245309512876814
cycle,45.0,0.25,0.7,759.3276278451202,262.5,759.3276278451202,0.03561371784204659,0.022469050854244
cycle,45.0,0.25,0.7,759.9869699070329,262.73333333333335,759.9869699070329,0.03563034356494765,0.022485003394897785
cycle,45.0,0.25,0.7,760.646289164161,262.96666666666664,760.646289164161,0.035646962296778106,0.022500952753741643
cycle,45.0,0.25,0.7,761.3055856236256,263.2,761.3055856236256,0.03566357404667286,0.022516898933781837
cycle,45.0,0.25,0.7,761.9648592925392,263.43333333333334,761.9648592925392,0.035680178823746966,0.0225328419380193
cycle,45.0,0.25,0.7,762.624110178006,263.6666666666667,762.624110178006,0.03569677663709525,0.0225487817694493
cycle,45.0,0.25,0.7,763.2833382871215,263.9,763.2833382871215,0.03571336749579257,0.022564718431061226
cycle,45.0,0.25,0.7,763.9425436269727,264.1333333333333,763.9425436269727,0.035729951408894345,0.022580651925839357
cycle,45.0,0.25,0.7,764.6017262046383,264.3666666666667,764.6017262046383,0.03574652838543568,0.022596582256761866
cycle,45.0,0.25,0.7,765.2608860271888,264.6,765.2608860271888,0.035763098434432594,0.02261250942680182
cycle,45.0,0.25,0.7,765.920023101686,264.8333333333333,765.920023101686,0.03577966156488088,0.02262843343892651
cycle,45.0,0.25,0.7,766.5791374351833,265.06666666666666,766.5791374351833,0.035796217785757145,0.02264435429609768
cycle,45.0,0.25,0.7,767.2382290347259,265.3,767.2382290347259,0.035812767106018106,0.02266027200127163
cycle,45.0,0.25,0.7,767.8972979073508,265.53333333333336,767.8972979073508,0.035829309534601395,0.022676186557399225
cycle,45.0,0.25,0.7,768.5563440600864,265.76666666666665,768.5563440600864,0.03584584508042499,0.022692097967425884
cycle,45.0,0.25,0.7,769.2153674999529,266.0,769.2153674999529,0.03586237375238743,0.022708006234291256
cycle,45.0,0.25,0.7,769.8743682339622,266.23333333333335,769.8743682339622,0.035878895559368296,0.022723911360929883
cycle,45.0,0.25,0.7,770.5333462691179,266.46666666666664,770.5333462691179,0.0358954105102276,0.022739813350270643
cycle,45.0,0.25,0.7,771.1923016124156,266.7,771.1923016124156,0.03591191861380638,0.0227557122052372
cycle,45.0,0.25,0.7,771.8512342708423,266.93333333333334,771.8512342708423,0.035928419878926476,0.02277160792874766
cycle,45.0,0.25,0.7,772.5101442513769,267.1666666666667,772.5101442513769,0.03594491431439062,0.02278750052371481
cycle,45.0,0.25,0.7,773.1690315609902,267.4,773.1690315609902,0.03596140192898256,0.022803389993045986
cycle,45.0,0.25,0.7,773.8278962066448,267.6333333333333,773.8278962066448,0.03597788273146718,0.022819276339643313
cycle,45.0,0.25,0.7,774.4867381952951,267.8666666666667,774.4867381952951,0.03599435673059048,0.02283515956640325
cycle,45.0,0.25,0.7,775.1455575338872,268.1,775.1455575338872,0.03601082393507948,0.022851039676217377
cycle,45.0,0.25,0.7,775.8043542293593,268.3333333333333,775.8043542293593,0.03602728435364266,0.022866916671971493
cycle,45.0,0.25,0.7,776.4631282886414,268.56666666666666,776.4631282886414,0.036043737994969405,0.022882790556546517
cycle,45.0,0.25,0.7,777.1218797186554,268.8,777.1218797186554,0.03606018486773088,0.022898661332817816
cycle,45.0,0.25,0.7,777.780608526315,269.03333333333336,777.780608526315,0.036076624980579286,0.022914529003655426
cycle,45.0,0.25,0.7,778.439314718526,269.26666666666665,778.439314718526,0.0360930583421486,0.0229303935719245
cycle,45.0,0.25,0.7,779.0979983021862,269.5,779.0979983021862,0.03610948496105393,0.02294625504048442
cycle,45.0,0.25,0.7,779.756659284185,269.73333333333335,779.756659284185,0.03612590484589229,0.02296211341218979
cycle,45.0,0.25,0.7,780.4152976714043,269.96666666666664,780.4152976714043,0.03614231800524215,0.02297796868988977
cycle,45.0,0.25,0.7,781.0739134707178,270.2,781.0739134707178,0.03615872444766355,0.022993820876428428
cycle,45.0,0.25,0.7,781.732506688991,270.43333333333334,781.732506688991,0.03617512418169855,0.023009669974644376
cycle,45.0,0.25,0.7,782.3910773330815,270.6666666666667,782.3910773330815,0.03619151721587066,0.02302551598737146
cycle,45.0,0.25,0.7,783.0496254098392,270.9,783.0496254098392,0.03620790355868553,0.02304135891743808
cycle,45.0,0.25,0.7,783.708150926106,271.1333333333333,783.708150926106,0.03622428321863047,0.02305719876766754
cycle,45.0,0.25,0.7,784.3666538887156,271.3666666666667,784.3666538887156,0.03624065620417494,0.02307303554087803
cycle,45.0,0.25,0.7,785.0251343044941,271.6,785.0251343044941,0.036257022523770055,0.023088869239882626
cycle,45.0,0.25,0.7,785.6835921802596,271.8333333333333,785.6835921802596,0.03627338218584941,0.02310469986748942
cycle,45.0,0.25,0.7,786.3420275228223,272.06666666666666,786.3420275228223,0.03628973519882839,0.02312052742650117
cycle,45.0,0.25,0.7,787.0004403389845,272.3,787.0004403389845,0.03630608157110471,0.023136351919715747
cycle,45.0,0.25,0.7,787.6588306355409,272.53333333333336,787.6588306355409,0.03632242131105812,0.02315217334992581
cycle,45.0,0.25,0.7,788.3171984192782,272.76666666666665,788.3171984192782,0.03633875442705092,0.023167991719919012
cycle,45.0,0.25,0.7,788.9755436969753,273.0,788.9755436969753,0.03635508092742756,0.023183807032478243
cycle,45.0,0.25,0.7,789.6338664754034,273.23333333333335,789.6338664754034,0.03637140082051471,0.023199619290380835
cycle,45.0,0.25,0.7,790.2921667613257,273.46666666666664,790.2921667613257,0.03638771411462183,0.02321542849639957
cycle,45.0,0.25,0.7,790.950444561498,273.7,790.950444561498,0.036404020818040395,0.023231234653302013
cycle,45.0,0.25,0.7,791.608699882668,273.93333333333334,791.608699882668,0.0364203209390449,0.023247037763850842
cycle,45.0,0.25,0.7,792.266932731576,274.1666666666667,792.266932731576,0.03643661448589197,0.02326283783080363
cycle,45.0,0.25,0.7,792.9251431149544,274.4,792.9251431149544,0.03645290146682112,0.023278634856913172
cycle,45.0,0.25,0.7,793.5833310395278,274.6333333333333,793.5833310395278,0.03646918189005455,0.023294428844927162
cycle,45.0,0.25,0.7,794.2414965120133,274.8666666666667,794.2414965120133,0.03648545576379714,0.023310219797588516
cycle,45.0,0.25,0.7,794.8996395391204,275.1,794.8996395391204,0.03650172309623634,0.023326007717635044
cycle,45.0,0.25,0.7,795.5577601275506,275.3333333333333,795.5577601275506,0.03651798389554284,0.023341792607799894
cycle,45.0,0.25,0.7,796.2158582839983,275.56666666666666,796.2158582839983,0.036534238169870004,0.023357574470810993
cycle,45.0,0.25,0.7,796.8739340151498,275.8,796.8739340151498,0.03655048592735399,0.02337335330939172
cycle,45.0,0.25,0.7,797.5319873276841,276.03333333333336,797.5319873276841,0.0365667271761142,0.023389129126260344
cycle,45.0,0.25,0.7,798.1900182282724,276.26666666666665,798.1900182282724,0.03658296192425292,0.023404901924130472
cycle,45.0,0.25,0.7,798.8480267235785,276.5,798.8480267235785,0.03659919017985558,0.023420671705710827
cycle,45.0,0.25,0.7,799.5060128202587,276.73333333333335,799.5060128202587,0.03661541195099072,0.023436438473705024
cycle,45.0,0.25,0.7,800.1639765249614,276.96666666666664,800.1639765249614,0.03663162724571001,0.023452202230812347
cycle,45.0,0.25,0.7,800.8219178443278,277.2,800.8219178443278,0.03664783607204847,0.023467962979726975
cycle,45.0,0.25,0.7,801.4798367849916,277.43333333333334,801.4798367849916,0.03666403843802435,0.023483720723138313
cycle,45.0,0.25,0.7,802.1377333535787,277.6666666666667,802.1377333535787,0.03668023435163914,0.02349947546373099
cycle,45.0,0.25,0.7,802.795607556708,277.9,802.795607556708,0.03669642382087779,0.023515227204184974
cycle,45.0,0.25,0.7,803.4534594009905,278.1333333333333,803.4534594009905,0.036712606853708696,0.02353097594717546
cycle,45.0,0.25,0.7,804.1112888930298,278.3666666666667,804.1112888930298,0.036728783458083725,0.023546721695372752
cycle,45.0,0.25,0.7,804.7690960394224,278.6,804.7690960394224,0.036744953641938194,0.02356246445144261
cycle,45.0,0.25,0.7,805.4268808467571,278.8333333333333,805.4268808467571,0.0367611174131911,0.023578204218045906
cycle,45.0,0.25,0.7,806.0846433216152,279.06666666666666,806.0846433216152,0.03677727477974502,0.02359394099783907
cycle,45.0,0.25,0.7,806.7423834705709,279.3,806.7423834705709,0.036793425749486075,0.023609674793473534
cycle,45.0,0.25,0.7,807.4001013001908,279.53333333333336,807.4001013001908,0.036809570330284425,0.023625405607596406
cycle,45.0,0.25,0.7,808.0577968170343,279.76666666666665,808.0577968170343,0.03682570852999345,0.023641133442849682
cycle,45.0,0.25,0.7,808.7154700276533,280.0,808.7154700276533,0.036841840356450994,0.02365685830187103
cycle,45.0,0.25,0.7,809.3731209385925,280.23333333333335,809.3731209385925,0.03685796581747813,0.023672580187293457
cycle,45.0,0.25,0.7,810.0307495563891,280.46666666666664,810.0307495563891,0.0368740849208804,0.023688299101745303
cycle,45.0,0.25,0.7,810.6883558875733,280.7,810.6883558875733,0.03689019767444679,0.023704015047850135
cycle,45.0,0.25,0.7,811.3459399386677,280.93333333333334,811.3459399386677,0.036906304085950636,0.023719728028227083
cycle,45.0,0.25,0.7,812.0035017161878,281.1666666666667,812.0035017161878,0.03692240416314918,0.02373543804549072
cycle,45.0,0.25,0.7,812.6610412266417,281.4,812.6610412266417,0.036938497913783674,0.02375114510225096
cycle,45.0,0.25,0.7,813.3185584765305,281.6333333333333,813.3185584765305,0.036954585345579716,0.02376684920111316
cycle,45.0,0.25,0.7,813.9760534723478,281.8666666666667,813.9760534723478,0.036970666466246915,0.023782550344678022
cycle,45.0,0.25,0.7,814.6335262205802,282.1,814.6335262205802,0.03698674128347912,0.02379824853554191
cycle,45.0,0.25,0.7,815.2909767277068,282.3333333333333,815.2909767277068,0.037002809804954406,0.02381394377629642
cycle,45.0,0.25,0.7,815.9484050002,282.56666666666666,815.9484050002,0.037018872038335315,0.023829636069528926
cycle,45.0,0.25,0.7,816.6058110445244,282.8,816.6058110445244,0.03703492799126873,0.023845325417821917
cycle,45.0,0.25,0.7,817.263194867138,283.03333333333336,817.263194867138,0.037050977671385654,0.023861011823753775
cycle,45.0,0.25,0.7,817.9205564744915,283.26666666666665,817.9205564744915,0.037067021086302,0.023876695289897998
cycle,45.0,0.25,0.7,818.5778958730282,283.5,818.5778958730282,0.037083058243617684,0.023892375818823974
cycle,45.0,0.25,0.7,819.2352130691845,283.73333333333335,819.2352130691845,0.03709908915091764,0.02390805341309643
cycle,45.0,0.25,0.7,819.8925080693897,283.96666666666664,819.8925080693897,0.03711511381577093,0.02392372807527554
cycle,45.0,0.25,0.7,820.549780880066,284.2,820.549780880066,0.03713113224573161,0.023939399807917372
cycle,45.0,0.25,0.7,821.2070315076285,284.43333333333334,821.2070315076285,0.03714714444833822,0.023955068613573216
cycle,45.0,0.25,0.7,821.8642599584851,284.6666666666667,821.8642599584851,0.037163150431113956,0.023970734494790258
cycle,45.0,0.25,0.7,822.5214662390371,284.9,822.5214662390371,0.037179150201566924,0.023986397454110908
cycle,45.0,0.25,0.7,823.1786503556781,285.1333333333333,823.1786503556781,0.03719514376719002,0.02400205749407358
cycle,45.0,0.25,0.7,823.8358123147952,285.3666666666667,823.8358123147952,0.03721113113546093,0.024017714617212027
cycle,45.0,0.25,0.7,824.4929521227684,285.6,824.4929521227684,0.037227112313842126,0.024033368826055668
cycle,45.0,0.25,0.7,825.1500697859705,285.8333333333333,825.1500697859705,0.0372430873097811,0.024049020123129594
cycle,45.0,0.25,0.7,825.8071653107675,286.06666666666666,825.8071653107675,0.037259056130710344,0.02406466851095468
cycle,45.0,0.25,0.7,826.4642387035183,286.3,826.4642387035183,0.037275018784047376,0.024080313992047242
cycle,45.0,0.25,0.7,827.121289970575,286.53333333333336,827.121289970575,0.03729097527719483,0.024095956568919386
cycle,45.0,0.25,0.7,827.7783191182828,286.76666666666665,827.7783191182828,0.03730692561754012,0.02411159624407888
cycle,45.0,0.25,0.7,828.4353261529797,287.0,828.4353261529797,0.03732286981245614,0.02412723302002917
cycle,45.0,0.25,0.7,829.0923110809969,287.23333333333335,829.0923110809969,0.037338807869300994,0.024142866899269477
cycle,45.0,0.25,0.7,829.7492739086589,287.46666666666664,829.7492739086589,0.03735473979541759,0.024158497884294694
cycle,45.0,0.25,0.7,830.4062146422831,287.7,830.4062146422831,0.03737066559813451,0.024174125977595273
cycle,45.0,0.25,0.7,831.0631332881801,287.93333333333334,831.0631332881801,0.03738658528476557,0.02418975118165778
cycle,45.0,0.25,0.7,831.7200298526536,288.1666666666667,831.7200298526536,0.03740249886260982,0.024205373498964122
cycle,45.0,0.25,0.7,832.3769043420006,288.4,832.3769043420006,0.03741840633895177,0.024220992931992202
cycle,45.0,0.25,0.7,833.0337567625108,288.6333333333333,833.0337567625108,0.03743430772106138,0.02423660948321571
cycle,45.0,0.25,0.7,833.6905871204679,288.8666666666667,833.6905871204679,0.03745020301619395,0.024252223155104002
cycle,45.0,0.25,0.7,834.347395422148,289.1,834.347395422148,0.037466092231590475,0.02426783395012222
cycle,45.0,0.25,0.7,835.0041816738208,289.3333333333333,835.0041816738208,0.037481975374477394,0.024283441870731504
cycle,45.0,0.25,0.7,835.6609458817492,289.56666666666666,835.6609458817492,0.037497852452066716,0.024299046919388445
cycle,45.0,0.25,0.7,836.3176880521892,289.8,836.3176880521892,0.03751372347155635,0.02431464909854586
cycle,45.0,0.25,0.7,836.9744081913901,290.03333333333336,836.9744081913901,0.037529588440129324,0.024330248410652233
cycle,45.0,0.25,0.7,837.6311063055946,290.26666666666665,837.6311063055946,0.03754544736495502,0.02434584485815172
cycle,45.0,0.25,0.7,838.2877824010384,290.5,838.2877824010384,0.03756130025318816,0.024361438443484484
cycle,45.0,0.25,0.7,838.9444364839508,290.73333333333335,838.9444364839508,0.037577147111969356,0.024377029169086684
cycle,45.0,0.25,0.7,839.601068560554,290.96666666666664,839.601068560554,0.03759298794842503,0.024392617037390152
cycle,45.0,0.25,0.7,840.2576786370639,291.2,840.2576786370639,0.037608822769667705,0.024408202050822725
cycle,45.0,0.25,0.7,840.9142667196895,291.43333333333334,840.9142667196895,0.037624651582795376,0.02442378421180802
cycle,45.0,0.25,0.7,841.5708328146333,291.6666666666667,841.5708328146333,0.03764047439489249,0.024439363522765656
cycle,45.0,0.25,0.7,842.2273769280908,291.9,842.2273769280908,0.03765629121302905,0.024454939986111146
cycle,45.0,0.25,0.7,842.8838990662515,292.1333333333333,842.8838990662515,0.0376721020442613,0.024470513604255895
cycle,45.0,0.25,0.7,843.5403992352975,292.3666666666667,843.5403992352975,0.03768790689563162,0.024486084379607198
cycle,45.0,0.25,0.7,844.1968774414048,292.6,844.1968774414048,0.03770370577416826,0.02450165231456858
cycle,45.0,0.25,0.7,844.8533336907427,292.8333333333333,844.8533336907427,0.037719498686885955,0.024517217411539227
cycle,45.0,0.25,0.7,845.5097679894739,293.06666666666666,845.5097679894739,0.03773528564078532,0.02453277967291423
cycle,45.0,0.25,0.7,846.1661803437543,293.3,846.1661803437543,0.037751066642853215,0.024548339101085004
cycle,45.0,0.25,0.7,846.8225707597335,293.53333333333336,846.8225707597335,0.03776684170006295,0.024563895698438643
cycle,45.0,0.25,0.7,847.4789392435546,293.76666666666665,847.4789392435546,0.03778261081937406,0.02457944946735835
cycle,45.0,0.25,0.7,848.1352858013539,294.0,848.1352858013539,0.03779837400773223,0.024595000410223444
cycle,45.0,0.25,0.7,848.7916104392614,294.23333333333335,848.7916104392614,0.037814131272069784,0.024610548529409026
cycle,45.0,0.25,0.7,849.4479131634004,294.46666666666664,849.4479131634004,0.03782988261930531,0.02462609382728642
cycle,45.0,0.25,0.7,850.1041939798878,294.7,850.1041939798878,0.03784562805634395,0.024641636306222847
cycle,45.0,0.25,0.7,850.760452894834,294.93333333333334,850.760452894834,0.03786136759007708,0.024657175968581746
cycle,45.0,0.25,0.7,851.4166899143429,295.1666666666667,851.4166899143429,0.03787710122738286,0.024672712816722453
cycle,45.0,0.25,0.7,852.072905044512,295.4,852.072905044512,0.037892828975125914,0.024688246853000306
cycle,45.0,0.25,0.7,852.7290982914324,295.6333333333333,852.7290982914324,0.03790855084015754,0.02470377807976709
cycle,45.0,0.25,0.7,853.3852696611884,295.8666666666667,853.3852696611884,0.0379242668293156,0.024719306499370264
cycle,45.0,0.25,0.7,854.0414191598584,296.1,854.0414191598584,0.037939976949424525,0.024734832114153504
cycle,45.0,0.25,0.7,854.6975467935139,296.3333333333333,854.6975467935139,0.03795568120729553,0.02475035492645683
cycle,45.0,0.25,0.7,855.3536525682202,296.56666666666666,855.3536525682202,0.03797137960972674,0.024765874938615928
cycle,45.0,0.25,0.7,856.0097364900364,296.8,856.0097364900364,0.03798707216350272,0.024781392152963044
cycle,45.0,0.25,0.7,856.6657985650148,297.03333333333336,856.6657985650148,0.03800275887539528,0.024796906571826205
cycle,45.0,0.25,0.7,857.3218387992017,297.26666666666665,857.3218387992017,0.03801843975216257,0.024812418197529995
cycle,45.0,0.25,0.7,857.9778571986369,297.5,857.9778571986369,0.03803411480055008,0.02482792703239467
cycle,45.0,0.25,0.7,858.6338537693539,297.73333333333335,858.6338537693539,0.03804978402728998,0.024843433078736932
cycle,45.0,0.25,0.7,859.2898285173796,297.96666666666664,859.2898285173796,0.03806544743910145,0.024858936338869597
cycle,45.0,0.25,0.7,859.945781448735,298.2,859.945781448735,0.03808110504269069,0.02487443681510182
cycle,45.0,0.25,0.7,860.6017125694345,298.43333333333334,860.6017125694345,0.03809675684475089,0.02488993450973853
cycle,45.0,0.25,0.7,861.2576218854864,298.6666666666667,861.2576218854864,0.03811240285196238,0.024905429425081338
cycle,45.0,0.25,0.7,861.9135094028925,298.9,861.9135094028925,0.03812804307099238,0.024920921563427845
cycle,45.0,0.25,0.7,862.5693751276484,299.1333333333333,862.5693751276484,0.038143677508495566,0.02493641092707166
cycle,45.0,0.25,0.7,863.2252190657435,299.3666666666667,863.2252190657435,0.038159306171113405,0.024951897518303068
cycle,45.0,0.25,0.7,863.881041223161,299.6,863.881041223161,0.03817492906547504,0.024967381339408123
cycle,45.0,0.25,0.7,864.5368416058776,299.8333333333333,864.5368416058776,0.038190546198196285,0.024982862392669558
cycle,45.0,0.25,0.7,865.192620219864,300.06666666666666,865.192620219864,0.03820615757588075,0.024998340680366105
cycle,45.0,0.25,0.7,865.8483770710847,300.3,865.8483770710847,0.03822176320511905,0.02501381620477261
cycle,45.0,0.25,0.7,866.5041121654978,300.53333333333336,866.5041121654978,0.03823736309248915,0.0250292889681607
cycle,45.0,0.25,0.7,867.1598255090553,300.76666666666665,867.1598255090553,0.038252957244556574,0.025044758972797787
cycle,45.0,0.25,0.7,867.8155171077032,301.0,867.8155171077032,0.038268545667873965,0.025060226220947834
cycle,45.0,0.25,0.7,868.471186967381,301.23333333333335,868.471186967381,0.03828412836898176,0.025075690714870924
cycle,45.0,0.25,0.7,869.1268350940222,301.46666666666664,869.1268350940222,0.03829970535440763,0.025091152456823695
cycle,45.0,0.25,0.7,869.7824614935544,301.7,869.7824614935544,0.038315276630666806,0.025106611449058902
cycle,45.0,0.25,0.7,870.4380661718985,301.93333333333334,870.4380661718985,0.03833084220426208,0.025122067693825745
cycle,45.0,0.25,0.7,871.0936491349698,302.1666666666667,871.0936491349698,0.03834640208168372,0.02513752119336954
cycle,45.0,0.25,0.7,871.7492103886773,302.4,871.7492103886773,0.03836195626940986,0.025152971949932268
cycle,45.0,0.25,0.7,872.4047499389237,302.6333333333333,872.4047499389237,0.038377504773906,0.025168419965752142
cycle,45.0,0.25,0.7,873.060267791606,302.8666666666667,873.060267791606,0.03839304760162543,0.025183865243063597
cycle,45.0,0.25,0.7,873.7157639526147,303.1,873.7157639526147,0.03840858475900921,0.025199307784097513
cycle,45.0,0.25,0.7,874.3712384278346,303.3333333333333,874.3712384278346,0.03842411625248621,0.025214747591081332
cycle,45.0,0.25,0.7,875.0266912231441,303.56666666666666,875.0266912231441,0.038439642088472614,0.02523018466623861
cycle,45.0,0.25,0.7,875.6821223444158,303.8,875.6821223444158,0.03845516227337309,0.025245619011789455
cycle,45.0,0.25,0.7,876.3375317975161,304.03333333333336,876.3375317975161,0.03847067681357963,0.02526105062995032
cycle,45.0,0.25,0.7,876.9929195883057,304.26666666666665,876.9929195883057,0.03848618571547224,0.025276479522934214
cycle,45.0,0.25,0.7,877.6482857226388,304.5,877.6482857226388,0.03850168898541906,0.025291905692950367
cycle,45.0,0.25,0.7,878.3036302063639,304.73333333333335,878.3036302063639,0.03851718662977577,0.02530732914220446
cycle,45.0,0.25,0.7,878.9589530453235,304.96666666666664,878.9589530453235,0.0385326786548863,0.025322749872898842
cycle,45.0,0.25,0.7,879.614254245354,305.2,879.614254245354,0.038548165067082474,0.025338167887232088
cycle,45.0,0.25,0.7,880.269533812286,305.43333333333334,880.269533812286,0.03856364587268424,0.02535358318739933
cycle,45.0,0.25,0.7,880.924791751944,305.6666666666667,880.924791751944,0.038579121077999545,0.02536899577559204
cycle,45.0,0.25,0.7,881.5800280701465,305.9,881.5800280701465,0.03859459068932436,0.025384405653998243
cycle,45.0,0.25,0.7,882.2352427727061,306.1333333333333,882.2352427727061,0.03861005471294299,0.025399812824802637
cycle,45.0,0.25,0.7,882.8904358654297,306.3666666666667,882.8904358654297,0.03862551315512763,0.025415217290186032
cycle,45.0,0.25,0.7,883.545607354118,306.6,883.545607354118,0.038640966022138845,0.02543061905232602
cycle,45.0,0.25,0.7,884.2007572445659,306.8333333333333,884.2007572445659,0.0386564133202254,0.02544601811339664
cycle,45.0,0.25,0.7,884.8558855425624,307.06666666666666,884.8558855425624,0.038671855055624316,0.025461414475568378
cycle,45.0,0.25,0.7,885.5109922538905,307.3,885.5109922538905,0.03868729123456094,0.025476808141008278
cycle,45.0,0.25,0.7,886.1660773843277,307.53333333333336,886.1660773843277,0.038702721863248635,0.025492199111880054
cycle,45.0,0.25,0.7,886.821140939645,307.76666666666665,886.821140939645,0.038718146947889664,0.025507587390343645
cycle,45.0,0.25,0.7,887.4761829256082,308.0,887.4761829256082,0.038733566494674077,0.02552297297855588
cycle,45.0,0.25,0.7,888.1312033479769,308.23333333333335,888.1312033479769,0.038748980509780706,0.025538355878670038
cycle,45.0,0.25,0.7,888.786202212505,308.46666666666664,888.786202212505,0.03876438899937673,0.025553736092835733
cycle,45.0,0.25,0.7,889.4411795249405,308.7,889.4411795249405,0.03877979196961778,0.025569113623199358
cycle,45.0,0.25,0.7,890.0961352910255,308.93333333333334,890.0961352910255,0.03879518942664795,0.025584488471904088
cycle,45.0,0.25,0.7,890.7510695164965,309.1666666666667,890.7510695164965,0.03881058137659987,0.02559986064108921
cycle,45.0,0.25,0.7,891.4059822070841,309.4,891.4059822070841,0.03882596782559489,0.02561523013289102
cycle,45.0,0.25,0.7,892.0608733685132,309.6333333333333,892.0608733685132,0.03884134877974266,0.025630596949442253
cycle,45.0,0.25,0.7,892.7157430065027,309.8666666666667,892.7157430065027,0.03885672424514175,0.025645961092872205
cycle,45.0,0.25,0.7,893.3705911267662,310.1,893.3705911267662,0.03887209422787907,0.025661322565306843
cycle,45.0,0.25,0.7,894.0254177350109,310.3333333333333,894.0254177350109,0.038887458734030544,0.025676681368868914
cycle,45.0,0.25,0.7,894.6802228369389,310.56666666666666,894.6802228369389,0.038902817769660425,0.0256920375056775
cycle,45.0,0.25,0.7,895.3350064382462,310.8,895.3350064382462,0.038918171340822094,0.025707390977848577
cycle,45.0,0.25,0.7,895.9897685446231,311.03333333333336,895.9897685446231,0.038933519453557386,0.025722741787494785
cycle,45.0,0.25,0.7,896.6445091617543,311.26666666666665,896.6445091617543,0.03894886211389703,0.025738089936725106
cycle,45.0,0.25,0.7,897.2992282953188,311.5,897.2992282953188,0.03896419932786066,0.025753435427645632
cycle,45.0,0.25,0.7,897.95392595099,311.73333333333335,897.95392595099,0.0389795311014568,0.025768778262358794
cycle,45.0,0.25,0.7,898.6086021344353,311.96666666666664,898.6086021344353,0.03899485744068254,0.02578411844296391
cycle,45.0,0.25,0.7,899.2632568513167,312.2,899.2632568513167,0.039010178351524316,0.02579945597155686
cycle,45.0,0.25,0.7,899.9178901072905,312.43333333333334,899.9178901072905,0.039025493839957126,0.025814790850230196
cycle,45.0,0.25,0.7,900.5725019080074,312.6666666666667,900.5725019080074,0.0390408039119452,0.025830123081073464
cycle,45.0,0.25,0.7,901.2270922591123,312.9,901.2270922591123,0.03905610857344166,0.025845452666172553
cycle,45.0,0.25,0.7,901.8816611662445,313.1333333333333,901.8816611662445,0.03907140783038865,0.02586077960761024
cycle,45.0,0.25,0.7,902.536208635038,313.3666666666667,902.536208635038,0.039086701688717196,0.025876103907466086
cycle,45.0,0.25,0.7,903.1907346711206,313.6,903.1907346711206,0.0391019901543479,0.025891425567816317
cycle,45.0,0.25,0.7,903.845239280115,313.8333333333333,903.845239280115,0.03911727323318992,0.025906744590733943
cycle,45.0,0.25,0.7,904.4997224676383,314.06666666666666,904.4997224676383,0.039132550931141874,0.025922060978288752
cycle,45.0,0.25,0.7,905.1541842393017,314.3,905.1541842393017,0.039147823254091496,0.02593737473254709
cycle,45.0,0.25,0.7,905.808624600711,314.53333333333336,905.808624600711,0.03916309020791564,0.02595268585557242
cycle,45.0,0.25,0.7,906.4630435574666,314.76666666666665,906.4630435574666,0.039178351798480504,0.02596799434942465
cycle,45.0,0.25,0.7,907.117441115163,315.0,907.117441115163,0.03919360803164129,0.025983300216160687
cycle,45.0,0.25,0.7,907.7718172793896,315.23333333333335,907.7718172793896,0.03920885891324277,0.025998603457834002
cycle,45.0,0.25,0.7,908.4261720557298,315.46666666666664,908.4261720557298,0.039224104449118946,0.026013904076495287
cycle,45.0,0.25,0.7,909.0805054497619,315.7,909.0805054497619,0.03923934464509293,0.02602920207419157
cycle,45.0,0.25,0.7,909.7348174670584,315.93333333333334,909.7348174670584,0.03925457950697753,0.026044497452966997
cycle,45.0,0.25,0.7,910.3891081131865,316.1666666666667,910.3891081131865,0.039269809040574644,0.026059790214862377
cycle,45.0,0.25,0.7,911.0433773937077,316.4,911.0433773937077,0.03928503325167587,0.026075080361915304
cycle,45.0,0.25,0.7,911.6976253141783,316.6333333333333,911.6976253141783,0.03930025214606203,0.026090367896160482
cycle,45.0,0.25,0.7,912.3518518801487,316.8666666666667,912.3518518801487,0.039315465729503396,0.026105652819629177
cycle,45.0,0.25,0.7,913.0060570971643,317.1,913.0060570971643,0.039330674007759914,0.026120935134349654
cycle,45.0,0.25,0.7,913.6602409707649,317.3333333333333,913.6602409707649,0.039345876986580985,0.02613621484234685
cycle,45.0,0.25,0.7,914.3144035064846,317.56666666666666,914.3144035064846,0.039361074671705354,0.026151491945642924
cycle,45.0,0.25,0.7,914.9685447098525,317.8,914.9685447098525,0.03937626706886177,0.026166766446256484
cycle,45.0,0.25,0.7,915.6226645863919,318.03333333333336,915.6226645863919,0.039391454183768215,0.02618203834620325
cycle,45.0,0.25,0.7,916.2767631416209,318.26666666666665,916.2767631416209,0.039406636022132346,0.02619730764749595
cycle,45.0,0.25,0.7,916.9308403810521,318.5,916.9308403810521,0.03942181258965172,0.026212574352143858
cycle,45.0,0.25,0.7,917.5848963101929,318.73333333333335,917.5848963101929,0.03943698389201322,0.026227838462153485
cycle,45.0,0.25,0.7,918.238930934545,318.96666666666664,918.238930934545,0.039452149934893654,0.026243099979527895
cycle,45.0,0.25,0.7,918.8929442596049,319.2,918.8929442596049,0.0394673107239597,0.026258358906267598
cycle,45.0,0.25,0.7,919.5469362908638,319.43333333333334,919.5469362908638,0.03948246626486751,0.02627361524436933
cycle,45.0,0.25,0.7,920.2009070338073,319.6666666666667,920.2009070338073,0.039497616563263116,0.026288868995827497
cycle,45.0,0.25,0.7,920.8548564939159,319.9,920.8548564939159,0.039512761624782344,0.026304120162632727
cycle,45.0,0.25,0.7,921.5087846766647,320.1333333333333,921.5087846766647,0.03952790145505103,0.02631936874677321
cycle,45.0,0.25,0.7,922.1626915875235,320.3666666666667,922.1626915875235,0.03954303605968468,0.026334614750233576
cycle,45.0,0.25,0.7,922.8165772319566,320.6,922.8165772319566,0.039558165444288695,0.0263498581749958
cycle,45.0,0.25,0.7,923.470441615423,320.8333333333333,923.470441615423,0.039573289614458496,0.02636509902303863
cycle,45.0,0.25,0.7,924.1242847433768,321.06666666666666,924.1242847433768,0.0395884085757795,0.026380337296337708
cycle,45.0,0.25,0.7,924.7781066212664,321.3,924.7781066212664,0.0396035223338268,0.026395572996866012
cycle,45.0,0.25,0.7,925.4319072545348,321.53333333333336,925.4319072545348,0.03961863089416573,0.026410806126592967
cycle,45.0,0.25,0.7,926.0856866486204,321.76666666666665,926.0856866486204,0.039633734262351616,0.026426036687485444
cycle,45.0,0.25,0.7,926.7394448089555,322.0,926.7394448089555,0.039648832443929694,0.026441264681507093
cycle,45.0,0.25,0.7,927.3931817409676,322.23333333333335,927.3931817409676,0.03966392544443542,0.02645649011061868
cycle,45.0,0.25,0.7,928.0468974500791,322.46666666666664,928.0468974500791,0.03967901326939427,0.02647171297677775
cycle,45.0,0.25,0.7,928.7005919417068,322.7,928.7005919417068,0.039694095924321826,0.026486933281939296
cycle,45.0,0.25,0.7,929.3542652212624,322.93333333333334,929.3542652212624,0.0397091734147238,0.026502151028054755
cycle,45.0,0.25,0.7,930.0079172941524,323.1666666666667,930.0079172941524,0.03972424574609612,0.026517366217073235
cycle,45.0,0.25,0.7,930.6615481657782,323.4,930.6615481657782,0.03973931292392496,0.02653257885094029
cycle,45.0,0.25,0.7,931.3151578415358,323.6333333333333,931.3151578415358,0.0397543749536865,0.026547788931599037
cycle,45.0,0.25,0.7,931.9687463268161,323.8666666666667,931.9687463268161,0.03976943184084725,0.02656299646098914
cycle,45.0,0.25,0.7,932.6223136270048,324.1,932.6223136270048,0.039784483590864284,0.026578201441047833
cycle,45.0,0.25,0.7,933.2758597474825,324.3333333333333,933.2758597474825,0.039799530209184364,0.0265934038737089
cycle,45.0,0.25,0.7,933.9293846936245,324.56666666666666,933.9293846936245,0.03981457170124514,0.026608603760903682
cycle,45.0,0.25,0.7,934.582888470801,324.8,934.582888470801,0.039829608072474154,0.026623801104560307
cycle,45.0,0.25,0.7,935.2363710843771,325.03333333333336,935.2363710843771,0.039844639328289744,0.0266389959066039
cycle,45.0,0.25,0.7,935.8898325397126,325.26666666666665,935.8898325397126,0.03985966547410025,0.026654188168957038
cycle,45.0,0.25,0.7,936.5432728421625,325.5,936.5432728421625,0.03987468651530457,0.02666937789353907
cycle,45.0,0.25,0.7,937.1966919970763,325.73333333333335,937.1966919970763,0.039889702457292175,0.026684565082266576
cycle,45.0,0.25,0.7,937.8500900097986,325.96666666666664,937.8500900097986,0.03990471330544265,0.026699749737053247
cycle,45.0,0.25,0.7,938.5034668856688,326.2,938.5034668856688,0.03991971906512637,0.026714931859809887
cycle,45.0,0.25,0.7,939.1568226300213,326.43333333333334,939.1568226300213,0.03993471974170415,0.026730111452444416
cycle,45.0,0.25,0.7,939.8101572481854,326.6666666666667,939.8101572481854,0.03994971534052727,0.026745288516861865
cycle,45.0,0.25,0.7,940.4634707454852,326.9,940.4634707454852,0.039964705866937456,0.02676046305496449
cycle,45.0,0.25,0.7,941.1167631272399,327.1333333333333,941.1167631272399,0.03997969132626722,0.026775635068651438
cycle,45.0,0.25,0.7,941.7700343987634,327.3666666666667,941.7700343987634,0.03999467172383964,0.026790804559819414
cycle,45.0,0.25,0.7,942.4232845653648,327.6,942.4232845653648,0.040009647064968235,0.026805971530361794
cycle,45.0,0.25,0.7,943.0765136323481,327.8333333333333,943.0765136323481,0.04002461735495744,0.02682113598216962
cycle,45.0,0.25,0.7,943.7297216050122,328.06666666666666,943.7297216050122,0.04003958259910201,0.026836297917130714
cycle,45.0,0.25,0.7,944.3829084886509,328.3,944.3829084886509,0.04005454280268772,0.026851457337130125
cycle,45.0,0.25,0.7,945.036074288553,328.53333333333336,945.036074288553,0.04006949797099091,0.026866614244050457
cycle,45.0,0.25,0.7,945.6892190100025,328.76666666666665,945.6892190100025,0.04008444810927858,0.026881768639770875
cycle,45.0,0.25,0.7,946.3423426582782,329.0,946.3423426582782,0.040099393222808755,0.026896920526168322
cycle,45.0,0.25,0.7,946.9954452386539,329.23333333333335,946.9954452386539,0.0401143333168299,0.02691206990511652
cycle,45.0,0.25,0.7,947.6485267563986,329.46666666666664,947.6485267563986,0.040129268396581486,0.02692721677848675
cycle,45.0,0.25,0.7,948.301587216776,329.7,948.301587216776,0.04014419846729378,0.026942361148147187
cycle,45.0,0.25,0.7,948.9546266250452,329.93333333333334,948.9546266250452,0.040159123534187824,0.026957503015963336
cycle,45.0,0.25,0.7,949.6076449864601,330.1666666666667,949.6076449864601,0.040174043602475784,0.02697264238379793
cycle,45.0,0.25,0.7,950.2606423062697,330.4,950.2606423062697,0.04018895867736039,0.026987779253511146
cycle,45.0,0.25,0.7,950.9136185897181,330.6333333333333,950.9136185897181,0.04020386876403548,0.027002913626959946
cycle,45.0,0.25,0.7,951.5665738420444,330.8666666666667,951.5665738420444,0.040218773867685687,0.027018045505999067
cycle,45.0,0.25,0.7,952.2195080684828,331.1,952.2195080684828,0.04023367399348676,0.027033174892479916
cycle,45.0,0.25,0.7,952.8724212742626,331.3333333333333,952.8724212742626,0.04024856914660546,0.027048301788251683
cycle,45.0,0.25,0.7,953.5253134646082,331.56666666666666,953.5253134646082,0.040263459332199436,0.027063426195160445
cycle,45.0,0.25,0.7,954.1781846447391,331.8,954.1781846447391,0.040278344555417234,0.02707854811504984
cycle,45.0,0.25,0.7,954.8310348198697,332.03333333333336,954.8310348198697,0.04029322482139874,0.027093667549760503
cycle,45.0,0.25,0.7,955.48386399521,332.26666666666665,955.48386399521,0.04030810013527486,0.027108784501130523
cycle,45.0,0.25,0.7,956.1366721759645,332.5,956.1366721759645,0.040322970502167266,0.02712389897099521
cycle,45.0,0.25,0.7,956.7894593673333,332.73333333333335,956.7894593673333,0.0403378359271892,0.027139010961187093
cycle,45.0,0.25,0.7,957.4422255745114,332.96666666666664,957.4422255745114,0.0403526964154447,0.02715412047353627
cycle,45.0,0.25,0.7,958.0949708026892,333.2,958.0949708026892,0.040367551972029236,0.02716922750986983
cycle,45.0,0.25,0.7,958.7476950570518,333.43333333333334,958.7476950570518,0.04038240260202908,0.02718433207201232
cycle,45.0,0.25,0.7,959.40039834278,333.6666666666667,959.40039834278,0.04039724831052216,0.027199434161785496
cycle,45.0,0.25,0.7,960.0530806650494,333.9,960.0530806650494,0.04041208910257732,0.027214533781008687
cycle,45.0,0.25,0.7,960.7057420290308,334.1333333333333,960.7057420290308,0.04042692498325462,0.027229630931498217
cycle,45.0,0.25,0.7,961.3583824398905,334.3666666666667,961.3583824398905,0.040441755957605685,0.027244725615067966
cycle,45.0,0.25,0.7,962.0110019027896,334.6,962.0110019027896,0.04045658203067304,0.027259817833529043
cycle,45.0,0.25,0.7,962.6636004228847,334.8333333333333,962.6636004228847,0.040471403207490875,0.02727490758868989
cycle,45.0,0.25,0.7,963.3161780053273,335.06666666666666,963.3161780053273,0.0404862194930844,0.027289994882356505
cycle,45.0,0.25,0.7,963.9687346552645,335.3,963.9687346552645,0.04050103089247048,0.027305079716332004
cycle,45.0,0.25,0.7,964.6212703778383,335.53333333333336,964.6212703778383,0.040515837410656896,0.027320162092416944
cycle,45.0,0.25,0.7,965.2737851781861,335.76666666666665,965.2737851781861,0.040530639052643425,0.027335242012409222
cycle,45.0,0.25,0.7,965.9262790614406,336.0,965.9262790614406,0.04054543582342074,0.02735031947810418
cycle,45.0,0.25,0.7,966.5787520327295,336.23333333333335,966.5787520327295,0.04056022772797119,0.02736539449129438
cycle,45.0,0.25,0.7,967.231204097176,336.46666666666664,967.231204097176,0.04057501477126857,0.027380467053770063
cycle,45.0,0.25,0.7,967.8836352598985,336.7,967.8836352598985,0.040589796958278024,0.027395537167318462
cycle,45.0,0.25,0.7,968.5360455260105,336.93333333333334,968.5360455260105,0.04060457429395625,0.027410604833724594
cycle,45.0,0.25,0.7,969.1884349006211,337.1666666666667,969.1884349006211,0.04061934678325163,0.02742567005477059
cycle,45.0,0.25,0.7,969.8408033888345,337.4,969.8408033888345,0.04063411443110376,0.027440732832236137
cycle,45.0,0.25,0.7,970.4931509957502,337.6333333333333,970.4931509957502,0.04064887724244415,0.027455793167898257
cycle,45.0,0.25,0.7,971.1454777264629,337.8666666666667,971.1454777264629,0.040663635222195516,0.02747085106353153
cycle,45.0,0.25,0.7,971.7977835860629,338.1,971.7977835860629,0.04067838837527238,0.027485906520907655
cycle,45.0,0.25,0.7,972.4500685796356,338.3333333333333,972.4500685796356,0.040693136706580924,0.0275009595417961
cycle,45.0,0.25,0.7,973.1023327122617,338.56666666666666,973.1023327122617,0.0407078802210189,0.027516010127963675
cycle,45.0,0.25,0.7,973.7545759890174,338.8,973.7545759890174,0.04072261892347562,0.027531058281174414
cycle,45.0,0.25,0.7,974.4067984149742,339.03333333333336,974.4067984149742,0.04073735281883217,0.02754610400319002
cycle,45.0,0.25,0.7,975.0589999951987,339.26666666666665,975.0589999951987,0.040752081911961224,0.02756114729576964
cycle,45.0,0.25,0.7,975.7111807347534,339.5,975.7111807347534,0.040766806207727546,0.027576188160669757
cycle,45.0,0.25,0.7,976.3633406386955,339.73333333333335,976.3633406386955,0.04078152571098703,0.027591226599644414
cycle,45.0,0.25,0.7,977.0154797120781,339.96666666666664,977.0154797120781,0.040796240426587915,0.0276062626144451
cycle,45.0,0.25,0.7,977.6675979599494,340.2,977.6675979599494,0.04081095035936977,0.027621296206820745
cycle,45.0,0.25,0.7,978.319695387353,340.43333333333334,978.319695387353,0.04082565551416417,0.027636327378517844
cycle,45.0,0.25,0.7,978.9717719993281,340.6666666666667,978.9717719993281,0.04084035589579438,0.027651356131280114
cycle,45.0,0.25,0.7,979.6238278009091,340.9,979.6238278009091,0.04085505150907587,0.02766638246684916
cycle,45.0,0.25,0.7,980.2758627971259,341.1333333333333,980.2758627971259,0.04086974235881535,0.027681406386963703
cycle,45.0,0.25,0.7,980.9278769930039,341.3666666666667,980.9278769930039,0.04088442844981188,0.027696427893360243
cycle,45.0,0.25,0.7,981.5798703935637,341.6,981.5798703935637,0.04089910978685629,0.027711446987772725
cycle,45.0,0.25,0.7,982.2318430038215,341.8333333333333,982.2318430038215,0.0409137863747312,0.027726463671932433
cycle,45.0,0.25,0.7,982.8837948287888,342.06666666666666,982.8837948287888,0.04092845821821123,0.027741477947568316
cycle,45.0,0.25,0.7,983.5357258734728,342.3,983.5357258734728,0.04094312532206301,0.02775648981640677
cycle,45.0,0.25,0.7,984.1876361428758,342.53333333333336,984.1876361428758,0.04095778769104519,0.027771499280171863
cycle,45.0,0.25,0.7,984.8395256419959,342.76666666666665,984.8395256419959,0.04097244532990807,0.027786506340585104
cycle,45.0,0.25,0.7,985.4913943758265,343.0,985.4913943758265,0.040987098243394415,0.027801510999365342
cycle,45.0,0.25,0.7,986.1432423493566,343.23333333333335,986.1432423493566,0.04100174643623866,0.027816513258229314
cycle,45.0,0.25,0.7,986.7950695675704,343.46666666666664,986.7950695675704,0.041016389913167584,0.027831513118891094
cycle,45.0,0.25,0.7,987.446876035448,343.7,987.446876035448,0.04103102867889963,0.027846510583062423
cycle,45.0,0.25,0.7,988.0986617579646,343.93333333333334,988.0986617579646,0.04104566273814558,0.02786150565245238
cycle,45.0,0.25,0.7,988.7504267400911,344.1666666666667,988.7504267400911,0.041060292095608464,0.02787649832876793
cycle,45.0,0.25,0.7,989.4021709867941,344.4,989.4021709867941,0.04107491675598307,0.027891488613713267
cycle,45.0,0.25,0.7,990.0538945030353,344.6333333333333,990.0538945030353,0.041089536723956654,0.027906476508990363
cycle,45.0,0.25,0.7,990.7055972937723,344.8666666666667,990.7055972937723,0.04110415200420836,0.02792146201629886
cycle,45.0,0.25,0.7,991.3572793639579,345.1,991.3572793639579,0.041118762601409564,0.02793644513733562
cycle,45.0,0.25,0.7,992.0089407185408,345.3333333333333,992.0089407185408,0.04113336852022409,0.02795142587379562
cycle,45.0,0.25,0.7,992.660581362465,345.56666666666666,992.660581362465,0.041147969765307546,0.027966404227370845
cycle,45.0,0.25,0.7,993.3122013006702,345.8,993.3122013006702,0.041162566341308215,0.02798138019975127
cycle,45.0,0.25,0.7,993.9638005380914,346.03333333333336,993.9638005380914,0.041177158252866164,0.02799635379262444
cycle,45.0,0.25,0.7,994.6153790796595,346.26666666666665,994.6153790796595,0.04119174550461424,0.028011325007675336
cycle,45.0,0.25,0.7,995.266936930301,346.5,995.266936930301,0.04120632810117697,0.028026293846586614
cycle,45.0,0.25,0.7,995.9184740949376,346.73333333333335,995.9184740949376,0.04122090604717177,0.028041260311038818
cycle,45.0,0.25,0.7,996.5699905784868,346.96666666666664,996.5699905784868,0.04123547934720806,0.028056224402709606
cycle,45.0,0.25,0.7,997.2214863858619,347.2,997.2214863858619,0.041250048005887496,0.02807118612327475
cycle,45.0,0.25,0.7,997.8729615219715,347.43333333333334,997.8729615219715,0.041264612027804404,0.028086145474407354
cycle,45.0,0.25,0.7,998.52441599172,347.6666666666667,998.52441599172,0.041279171417545224,0.028101102457778193
cycle,45.0,0.25,0.7,999.1758498000073,347.9,999.1758498000073,0.04129372617968896,0.028116057075055823
cycle,45.0,0.25,0.7,999.827262951729,348.1333333333333,999.827262951729,0.04130827631880696,0.028131009327906464
cycle,45.0,0.25,0.7,1000.4786554517764,348.3666666666667,1000.4786554517764,0.0413228218394629,0.028145959217993677
