unit_id,zone,lat,lon,power_kw,feasible_kw,marginal_wear_at_setpoint,stale_telemetry
0,F0305,30.2358,-97.8316,2.6974,17.9823,2.0559773925406065e-06,False
1,F0607,30.4383,-97.7324,9.9113,16.5189,2.0386076346834648e-06,False
2,F0506,30.3051,-97.776,14.3054,16.8299,2.9692220622081178e-06,False
3,F0406,30.281,-97.7701,10.504,17.5067,3.146088952248047e-06,False
4,F0506,30.3435,-97.7674,12.6361,16.8482,2.9468001971574864e-06,False
5,F0506,30.3143,-97.7565,14.653,16.2811,3.1066187421596475e-06,False
6,F0405,30.2566,-97.8419,6.8563,17.1409,1.9662716790658623e-06,False
7,F0606,30.5061,-97.7798,11.4626,17.6348,3.0548388344934856e-06,False
8,F0407,30.2938,-97.711,13.8444,17.3055,2.987445075743422e-06,False
9,F0306,30.2302,-97.7552,7.2076,18.0189,2.962155671291277e-06,False
10,F0306,30.2029,-97.7814,15.0975,16.775,3.0204281757122473e-06,False
11,F0407,30.2506,-97.7032,12.8145,17.086,2.8870769701768698e-06,False
12,F0204,30.1115,-97.8782,0.0,16.6103,,False
13,F0407,30.2446,-97.6849,14.2743,16.7933,2.9818829634759253e-06,False
14,F0405,30.2958,-97.808,8.9546,16.2811,1.9914033362537545e-06,False
15,F0606,30.3755,-97.7769,14.8341,16.4823,3.0331945936244e-06,False
16,F0409,30.2729,-97.6117,9.3168,16.9396,2.3705536362489393e-06,False
17,F0208,30.1678,-97.6422,10.4821,17.4701,2.7078205794739987e-06,False
18,F0208,30.1634,-97.6637,11.6529,16.6469,2.728950394820248e-06,False
19,F0207,30.1768,-97.7267,11.2129,17.2506,2.7747197427132345e-06,False
20,F0508,30.3095,-97.6551,16.0753,16.9213,3.091571107496921e-06,False
21,F0405,30.2563,-97.8401,7.45,16.5555,2.003275849149425e-06,False
22,F0505,30.3026,-97.8052,11.6785,16.6835,2.237924427961086e-06,False
23,F0408,30.2494,-97.6613,6.0121,17.1774,1.9063875297480496e-06,False
24,F0609,30.3624,-97.6085,0.0,16.7933,,False
25,F0307,30.1962,-97.7108,15.6756,16.5006,3.0235423316783195e-06,False
26,F0508,30.3296,-97.6362,15.1963,16.8847,2.959308168655196e-06,False
27,F0307,30.2113,-97.7052,10.6138,17.6897,3.1625107499977774e-06,False
28,F0605,30.4065,-97.8229,0.0,17.7079,,False
29,F0404,30.2809,-97.9104,12.0626,17.2323,3.0086813501147382e-06,False
30,F0507,30.3042,-97.7352,7.9521,17.6714,2.5830566074401697e-06,False
31,F0406,30.2649,-97.7832,12.8282,17.1043,3.0400278705104494e-06,False
32,F0309,30.2094,-97.5768,0.0,17.6531,,False
33,F0409,30.276,-97.6098,12.9663,16.2079,2.380138069772562e-06,False
34,F0407,30.2703,-97.7194,14.2743,16.7933,2.9360659621513094e-06,False
35,F0507,30.3178,-97.7154,12.9956,16.2445,2.5555684584753382e-06,False
36,F0505,30.3169,-97.8275,8.4149,16.8299,2.1423932232150376e-06,False
37,F0609,30.4137,-97.6124,0.0,16.153,,False
38,F0307,30.2151,-97.708,15.9536,16.7933,3.1459186243289194e-06,False
39,F0607,30.3711,-97.7121,8.4058,16.8116,2.020934975997521e-06,False
40,F0405,30.2922,-97.8225,6.9222,17.3055,2.007145690769327e-06,False
41,F0206,30.1497,-97.7467,9.7595,17.7445,2.8494249227651865e-06,False
42,F0508,30.3572,-97.6738,13.3761,16.7201,3.023370890828969e-06,False
43,F0508,30.3598,-97.6473,12.6498,16.8665,3.0077351991096064e-06,False
44,F0508,30.3309,-97.658,11.3437,17.4518,3.072262554825497e-06,False
45,F0608,30.3897,-97.6467,13.8545,16.2994,2.535291157760596e-06,False
46,F0404,30.2835,-97.8728,11.2842,17.3604,3.054408037505966e-06,False
47,F0408,30.2508,-97.639,6.8124,17.0311,1.9911631617775e-06,False
48,F0507,30.305,-97.7392,13.3029,16.6286,2.6357990203641188e-06,False
49,F0306,30.209,-97.7558,15.971,16.8116,3.091649402833376e-06,False
50,F0208,30.1544,-97.6608,10.5918,17.6531,2.7251288048185483e-06,False
51,F0609,30.3719,-97.5838,0.0,16.903,,False
52,F0407,30.286,-97.7073,15.2127,16.903,2.865559974774538e-06,False
53,F0406,30.2749,-97.7438,11.415,17.5616,3.021281347007429e-06,False
54,F0505,30.3233,-97.8493,8.7808,17.5616,2.2401429053696317e-06,False
55,F0407,30.289,-97.7169,14.9987,16.6652,2.879048216118744e-06,False
56,F0507,30.319,-97.7327,12.6361,16.8482,2.5464218917572193e-06,False
57,F0408,30.2545,-97.6375,7.3923,16.4274,1.9122208319768415e-06,False
58,F0407,30.2489,-97.7061,4.5139,18.0555,2.9531451592840446e-06,False
59,F0308,30.2301,-97.6636,9.7595,17.7445,3.00952032278201e-06,False
60,F0407,30.2849,-97.6877,9.7595,17.7445,2.9123055801597703e-06,False
61,F0505,30.3355,-97.8358,11.5632,16.5189,2.219865393392946e-06,False
62,F0305,30.2346,-97.8589,7.5323,16.7384,2.1031509220940936e-06,False
63,F0507,30.3069,-97.7273,14.5706,16.1896,2.5992567446145754e-06,False
64,F0607,30.3651,-97.7136,9.0552,16.464,1.9422160138779778e-06,False
65,F0307,30.1959,-97.7285,14.9164,16.5738,3.147031361048133e-06,False
66,F0507,30.3263,-97.7103,11.0702,17.0311,2.570329911960893e-06,False
67,F0506,30.3045,-97.7567,15.6408,16.464,3.0157607403118202e-06,False
68,F0206,30.1359,-97.7453,12.5401,16.7201,2.857806831991778e-06,False
69,F0309,30.2066,-97.5981,0.0,16.3177,,False
70,F0307,30.2212,-97.7215,12.2419,17.4884,3.127139701309737e-06,False
71,F0305,30.2375,-97.8349,6.0441,17.2689,2.0419931673824443e-06,False
72,F0607,30.3648,-97.6841,7.4253,16.5006,1.983022623279936e-06,False
73,F0306,30.1823,-97.772,14.7682,16.4091,3.0335944927527514e-06,False
74,F0504,30.319,-97.902,0.0,16.7018,,False
75,F0307,30.2008,-97.7331,15.8667,16.7018,3.0062648756055575e-06,False
76,F0505,30.3234,-97.8318,9.2866,16.8847,2.1641775402627257e-06,False
77,F0408,30.2899,-97.6283,7.7628,17.2506,1.959817230805007e-06,False
78,F0604,30.3608,-97.8616,0.0,16.7201,,False
79,F0607,30.413,-97.7153,9.3369,16.9762,1.9558923335308146e-06,False
80,F0408,30.2777,-97.6538,9.0351,16.4274,1.9678842661628257e-06,False
81,F0405,30.2801,-97.8272,9.6699,16.1164,1.9168390343125543e-06,False
82,F0408,30.2789,-97.6418,8.3601,16.7201,1.93183814696737e-06,False
83,F0606,30.4707,-97.7735,14.352,16.8847,2.9505509546074615e-06,False
84,F0605,30.4509,-97.8015,0.0,17.6897,,False
85,F0507,30.3558,-97.7006,12.9242,17.2323,2.6654905370030553e-06,False
86,F0506,30.3571,-97.7682,9.7595,17.7445,2.956046428337849e-06,False
87,F0408,30.2816,-97.6621,7.4335,16.5189,2.0044760434647285e-06,False
88,F0606,30.3964,-97.7641,5.4441,18.147,3.024541559962948e-06,False
89,F0408,30.2562,-97.6355,8.3326,16.6652,1.940372705093823e-06,False
90,F0505,30.3014,-97.8129,8.2869,16.5738,2.1206426213103723e-06,False
91,F0509,30.3371,-97.5817,0.0,17.6531,,False
92,F0508,30.3094,-97.6775,12.37,17.6714,3.002957743234759e-06,False
93,F0508,30.3491,-97.6746,15.6582,16.4823,3.103614920666511e-06,False
94,F0405,30.2907,-97.8135,9.9223,16.5372,1.998712384866175e-06,False
95,F0406,30.2613,-97.748,14.5697,17.1409,3.147631023576005e-06,False
96,F0606,30.4193,-97.7893,14.9493,16.6103,3.0117802288117095e-06,False
97,F0407,30.2996,-97.7118,12.1651,17.3787,2.874625597047771e-06,False
98,F0406,30.2865,-97.79,9.84,17.8909,3.0191392126938013e-06,False
99,F0609,30.4053,-97.5975,0.0,17.6714,,False
100,F0405,30.2732,-97.8096,9.9772,16.6286,1.9694634426638507e-06,False
101,F0204,30.0393,-98.1236,0.0,16.7567,,False
102,F0609,30.4249,-97.5796,0.0,17.0311,,False
103,F0606,30.3771,-97.7705,15.5018,16.3177,3.102302463218288e-06,False
104,F0508,30.336,-97.6625,12.0498,17.214,2.9526022594091543e-06,False
105,F0204,30.168,-97.9474,0.0,16.2079,,False
106,F0408,30.2914,-97.6541,2.6919,17.9458,1.8790634487608803e-06,False
107,F0509,30.3258,-97.6129,0.0,17.0494,,False
108,F0508,30.308,-97.6614,13.4932,16.8665,3.016095942600137e-06,False
109,F0206,30.1216,-97.7401,12.1907,17.4153,2.7777361599855543e-06,False
110,F0405,30.2896,-97.8467,6.0633,17.3238,1.9552084209272495e-06,False
111,F0308,30.2345,-97.6481,13.4639,16.8299,2.9760806699988723e-06,False
112,F0209,30.1732,-97.6065,0.0,16.8847,,False
113,F0405,30.2414,-97.8586,8.4607,16.9213,1.9524138107508406e-06,False
114,F0407,30.284,-97.7145,14.0346,17.5433,2.925545148748656e-06,False
115,F0306,30.2031,-97.771,12.6361,16.8482,3.0305276503209816e-06,False
116,F0307,30.2255,-97.734,11.4507,17.6165,3.0063954379326476e-06,False
117,F0407,30.2981,-97.7225,16.2628,16.2628,2.8864598672625552e-06,False
118,F0405,30.253,-97.8597,5.2959,17.6531,1.965074374588769e-06,False
119,F0306,30.1848,-97.7585,12.2419,17.4884,3.1213902326814003e-06,False
120,F0407,30.281,-97.7083,7.2003,18.0006,2.9563845068072704e-06,False
121,F0406,30.2621,-97.7421,12.6087,16.8116,3.159795099268178e-06,False
122,F0604,30.381,-97.8983,0.0,16.7567,,False
123,F0206,30.1521,-97.7525,16.5006,16.5006,2.8851302878910414e-06,False
124,F0509,30.352,-97.6061,0.0,17.4701,,False
125,F0607,30.4534,-97.7279,9.1759,16.6835,1.958064260565853e-06,False
126,F0507,30.3114,-97.7233,10.4162,17.3604,2.606151953396936e-06,False
127,F0405,30.2641,-97.8559,5.9865,17.1043,1.8887390670681783e-06,False
128,F0406,30.2515,-97.786,15.0646,16.7384,3.0700979007460726e-06,False
129,F0406,30.2706,-97.7791,16.464,16.464,3.0287148225331955e-06,False
130,F0604,30.3744,-97.9227,0.0,16.6469,,False
131,F0206,30.1128,-97.7783,13.6834,17.1043,2.904617508046512e-06,False
132,F0306,30.2206,-97.7751,13.9907,17.4884,3.0236191345305377e-06,False
133,F0307,30.1914,-97.7158,14.2898,16.8116,3.03230592102436e-06,False
134,F0608,30.407,-97.6793,3.6111,18.0555,2.538995882076906e-06,False
135,F0606,30.3602,-97.7544,16.0926,16.9396,3.0888295533520175e-06,False
136,F0207,30.17,-97.7219,10.537,17.5616,2.736556321529651e-06,False
137,F0407,30.2642,-97.7144,12.0754,17.2506,2.924609121663564e-06,False
138,F0306,30.2332,-97.7575,11.201,17.2323,3.0479790356001895e-06,False
139,F0407,30.2452,-97.6889,11.2248,17.2689,2.9798058785974693e-06,False
140,F0405,30.2654,-97.849,8.3235,16.6469,1.9137808770261473e-06,False
141,F0309,30.219,-97.6195,0.0,16.903,,False
142,F0507,30.3053,-97.7036,9.7696,17.7628,2.66793315815011e-06,False
143,F0504,30.3013,-97.8914,0.0,16.9762,,False
144,F0206,30.1478,-97.7905,11.1297,17.1226,2.881408680179855e-06,False
145,F0407,30.2517,-97.7119,13.4493,16.8116,2.891778352638171e-06,False
146,F0407,30.2428,-97.7029,14.041,16.5189,2.885166213064888e-06,False
147,F0404,30.2915,-97.8664,15.5887,16.4091,2.9984099130112365e-06,False
148,F0505,30.3477,-97.8247,9.2866,16.8847,2.230748688680182e-06,False
149,F0406,30.2604,-97.7619,14.3676,16.903,3.06380332756569e-06,False
150,F0208,30.154,-97.6655,11.1772,17.1957,2.711806309300816e-06,False
151,F0306,30.2071,-97.7717,16.6652,16.6652,3.0656507541249154e-06,False
152,F0305,30.1874,-97.8125,4.459,17.836,2.0701847604496007e-06,False
153,F0307,30.2263,-97.6901,15.971,16.8116,3.097828178778622e-06,False
154,F0405,30.249,-97.802,6.849,17.1226,2.0233319923004966e-06,False
155,F0606,30.4359,-97.7898,4.5596,18.2385,2.997495711202445e-06,False
156,F0404,30.2631,-97.8684,12.2675,17.525,2.9837105760367944e-06,False
157,F0406,30.2778,-97.7945,4.5185,18.0738,2.918544540115583e-06,False
158,F0407,30.2809,-97.685,10.3394,17.2323,2.8445357747708373e-06,False
159,F0206,30.108,-97.7784,15.1798,16.8665,2.9323564883820997e-06,False
160,F0507,30.3555,-97.7021,11.973,17.1043,2.6401438033528673e-06,False
161,F0307,30.1891,-97.7074,15.5539,16.3725,3.0411928002544537e-06,False
162,F0208,30.1781,-97.6621,13.3322,16.6652,2.76172706618224e-06,False
163,F0407,30.2626,-97.715,13.6541,17.0677,2.9370831985747953e-06,False
164,F0505,30.3143,-97.8277,9.2363,16.7933,2.1717470417631968e-06,False
165,F0506,30.3453,-97.7545,12.0754,17.2506,3.042058858460778e-06,False
166,F0407,30.2956,-97.7234,15.0646,16.7384,2.9767829548837135e-06,False
167,F0504,30.3189,-97.8977,0.0,16.9579,,False
168,F0305,30.2273,-97.8251,9.4174,17.1226,2.084462701124054e-06,False
169,F0307,30.2204,-97.7078,9.5985,17.4518,2.9696099704397904e-06,False
170,F0207,30.0899,-97.7033,14.2432,16.7567,2.760911978966202e-06,False
171,F0407,30.2552,-97.6915,9.5784,17.4153,2.9757240971074332e-06,False
172,F0605,30.3871,-97.808,0.0,16.9213,,False
173,F0506,30.3301,-97.7994,11.4983,17.6897,3.106269750483825e-06,False
174,F0404,30.2406,-97.8895,12.9928,17.3238,3.052025356706993e-06,False
175,F0608,30.3765,-97.6725,6.1978,17.7079,2.622319751121403e-06,False
176,F0506,30.336,-97.7496,16.1622,17.0128,3.095852664395372e-06,False
177,F0407,30.2633,-97.6918,16.1795,17.0311,2.8736859583477792e-06,False
178,F0306,30.2098,-97.752,16.4091,16.4091,3.0887866458916772e-06,False
179,F0404,30.2784,-97.9636,8.9729,17.9458,2.9711242323241985e-06,False
180,F0605,30.4184,-97.8127,0.0,16.6469,,False
181,F0508,30.33,-97.659,13.5224,16.903,3.0423468308533327e-06,False
182,F0404,30.284,-97.8717,12.9517,17.2689,3.0370342751671008e-06,False
183,F0609,30.3682,-97.5956,0.0,16.8299,,False
184,F0304,30.2116,-97.9439,8.9637,17.9275,2.8861307215174314e-06,False
185,F0408,30.2878,-97.6683,8.2137,16.4274,1.952256900238581e-06,False
186,F0406,30.2853,-97.7772,5.3837,17.9458,3.144247308676124e-06,False
187,F0505,30.3527,-97.8019,6.1081,17.4518,2.2042743908121766e-06,False
188,F0409,30.2402,-97.5664,13.2151,16.5189,2.4918059838563704e-06,False
189,F0408,30.2539,-97.6711,9.9443,16.5738,1.9794589208078453e-06,False
190,F0305,30.2117,-97.8536,7.6722,17.0494,2.027458957311242e-06,False
191,F0207,30.1589,-97.714,14.1188,16.6103,2.7053926751410557e-06,False
192,F0406,30.2852,-97.7802,12.8419,17.1226,3.053842835799904e-06,False
193,F0305,30.2267,-97.8025,9.1156,16.5738,2.0624557175201116e-06,False
194,F0408,30.2845,-97.6215,7.6475,16.9945,1.9641677108174526e-06,False
195,F0305,30.2293,-97.8092,8.4881,16.9762,2.1039221174616355e-06,False
196,F0407,30.2695,-97.735,14.7097,17.3055,2.9499284076451703e-06,False
197,F0506,30.3544,-97.7423,15.832,16.6652,3.0706562868687993e-06,False
198,F0204,30.1077,-97.8976,0.0,17.9823,,False
199,F0406,30.2742,-97.7844,11.2367,17.2872,3.057201801721514e-06,False
200,F0606,30.435,-97.7986,9.6891,17.6165,2.963368863171214e-06,False
201,F0305,30.1954,-97.8466,6.0377,17.2506,2.0176634805524584e-06,False
202,F0608,30.4151,-97.6475,11.5376,16.4823,2.5460914411799986e-06,False
203,F0407,30.2789,-97.7212,13.9944,16.464,2.9529035563852788e-06,False
204,F0406,30.2446,-97.7725,14.3054,16.8299,3.0303113008047985e-06,False
205,F0508,30.3546,-97.6746,15.2621,16.9579,3.0949257134392207e-06,False
206,F0407,30.2734,-97.7323,12.8694,17.1591,2.9896439522495235e-06,False
207,F0307,30.1823,-97.734,7.1344,17.836,2.953001053795367e-06,False
208,F0306,30.2088,-97.7981,12.9242,17.2323,3.0994292924465264e-06,False
209,F0208,30.1384,-97.6387,13.9167,16.3725,2.85217911383255e-06,False
210,F0508,30.3183,-97.6414,11.4983,17.6897,3.030635806232807e-06,False
211,F0307,30.2162,-97.7127,12.101,17.2872,3.1277165611754256e-06,False
212,F0606,30.4157,-97.7779,16.0058,16.8482,3.047407717708946e-06,False
213,F0207,30.1546,-97.6881,12.5538,16.7384,2.7797898947991544e-06,False
214,F0305,30.2199,-97.8411,8.5979,17.1957,2.1306023180996133e-06,False
215,F0408,30.2485,-97.631,3.5196,17.5982,1.940406116333513e-06,False
216,F0308,30.191,-97.6748,11.4745,17.6531,3.051239529960992e-06,False
217,F0406,30.2818,-97.7789,14.8176,16.464,3.015297635950619e-06,False
218,F0305,30.2347,-97.8206,6.6222,16.5555,2.0143708706526475e-06,False
219,F0406,30.2575,-97.7414,15.1469,16.8299,3.092729379740555e-06,False
220,F0508,30.3212,-97.6488,11.5696,17.7994,3.082424961063228e-06,False
221,F0307,30.1957,-97.6993,11.8833,16.9762,3.0245633108973348e-06,False
222,F0609,30.3702,-97.6077,0.0,16.7567,,False
223,F0306,30.2051,-97.7542,15.6929,16.5189,3.13678385297918e-06,False
224,F0504,30.3063,-97.9252,0.0,17.397,,False
225,F0505,30.336,-97.8403,11.0226,16.9579,2.1446435917082322e-06,False
226,F0306,30.1811,-97.7659,12.2291,17.4701,3.053928822873851e-06,False
227,F0306,30.2124,-97.7584,14.492,17.0494,3.0256714235620994e-06,False
228,F0406,30.258,-97.7788,14.2898,16.8116,3.124717560249642e-06,False
229,F0608,30.4158,-97.6663,13.1419,16.4274,2.573946852378164e-06,False
230,F0307,30.1971,-97.697,10.4931,17.4884,3.091569984628399e-06,False
231,F0306,30.2259,-97.7741,10.526,17.5433,3.105656806503721e-06,False
232,F0607,30.4132,-97.7116,8.3509,16.7018,1.9327945944546407e-06,False
233,F0406,30.286,-97.7662,14.6475,17.2323,3.0939938837971134e-06,False
234,F0307,30.1819,-97.7391,10.5589,17.5982,3.1125626813484076e-06,False
235,F0308,30.1901,-97.6392,14.4453,16.9945,3.143187052897294e-06,False
236,F0409,30.27,-97.6029,9.4677,17.214,2.4620899745556426e-06,False
237,F0407,30.295,-97.6931,8.0344,17.8543,2.978950036734338e-06,False
238,F0507,30.3051,-97.7351,11.7809,16.8299,2.5793165759171636e-06,False
239,F0506,30.3018,-97.781,16.2628,16.2628,2.970149028772782e-06,False
240,F0208,30.0985,-97.6704,10.3284,17.214,2.8512218701044187e-06,False
241,F0404,30.2771,-97.8603,16.3177,16.3177,2.9057931331580273e-06,False
242,F0309,30.1997,-97.6167,0.0,17.7079,,False
243,F0505,30.3438,-97.8554,6.9368,17.3421,2.142254639253369e-06,False
244,F0308,30.2142,-97.625,14.4609,17.0128,2.985412063436242e-06,False
245,F0405,30.299,-97.806,8.2046,16.4091,1.9452945833717367e-06,False
246,F0206,30.1672,-97.7674,13.859,17.3238,2.8025031705530254e-06,False
247,F0306,30.1998,-97.7544,8.8357,17.6714,3.0703919850220062e-06,False
248,F0404,30.2458,-97.8799,14.9328,16.5921,2.9982352474708233e-06,False
249,F0306,30.2059,-97.7864,15.0646,16.7384,3.0299649391028245e-06,False
250,F0305,30.2153,-97.829,9.4073,17.1043,2.12416700327042e-06,False
251,F0305,30.219,-97.8256,8.607,17.214,2.1130588453822395e-06,False
252,F0408,30.2858,-97.6302,10.7135,16.4823,1.929982176365149e-06,False
253,F0604,30.3934,-97.8804,0.0,17.214,,False
254,F0306,30.235,-97.759,13.6102,17.0128,3.035286772015152e-06,False
255,F0409,30.2508,-97.6053,11.6913,16.7018,2.429914397984658e-06,False
256,F0609,30.3663,-97.5891,0.0,16.903,,False
257,F0507,30.311,-97.7255,10.5809,17.6348,2.6561298314099557e-06,False
258,F0305,30.2228,-97.8466,6.8124,17.0311,2.029104147885544e-06,False
259,F0506,30.3421,-97.7842,9.7192,17.6714,2.925230513514516e-06,False
260,F0207,30.1278,-97.7236,14.2432,16.7567,2.7939728099576552e-06,False
261,F0404,30.2557,-97.9152,15.5539,16.3725,3.106071999940251e-06,False
262,F0205,30.107,-97.821,11.2367,17.2872,2.5369803449950336e-06,False
263,F0609,30.4393,-97.6141,0.0,16.153,,False
264,F0606,30.3963,-97.7494,12.0114,17.1591,3.0030904924410263e-06,False
265,F0305,30.2306,-97.8124,9.015,16.3908,2.037989001510964e-06,False
266,F0309,30.2094,-97.5941,0.0,16.903,,False
267,F0205,30.1599,-97.8591,11.3199,17.4153,2.507042595465412e-06,False
268,F0405,30.2827,-97.8511,7.6311,16.9579,1.95805796849037e-06,False
269,F0306,30.2274,-97.7493,14.5075,17.0677,3.065908140250376e-06,False
270,F0508,30.3114,-97.654,13.9615,17.4518,3.0648883957838007e-06,False
271,F0408,30.2432,-97.6531,6.8198,17.0494,1.8931715542594495e-06,False
272,F0408,30.2573,-97.6694,2.364,18.0006,1.9534230868091036e-06,False
273,F0508,30.3596,-97.6724,14.7517,16.3908,3.089895894024599e-06,False
274,F0306,30.2038,-97.7427,9.7192,17.6714,3.064371502647489e-06,False
275,F0205,30.0929,-97.84,6.9222,17.3055,2.564321111600727e-06,False
276,F0506,30.3171,-97.7915,13.8151,17.2689,3.109728091782774e-06,False
277,F0306,30.2254,-97.7817,15.0646,16.7384,3.0784023274934235e-06,False
278,F0406,30.2416,-97.7596,14.867,16.5189,3.1676534893254296e-06,False
279,F0204,30.1655,-98.0079,0.0,16.9762,,False
280,F0507,30.3174,-97.709,11.7041,16.7201,2.5430967031187988e-06,False
281,F0204,30.1785,-97.9243,0.0,17.836,,False
282,F0405,30.2967,-97.8104,8.3326,16.6652,1.9591545106120476e-06,False
283,F0306,30.23,-97.7405,15.1633,16.8482,3.0774997522853016e-06,False
284,F0405,30.2992,-97.8233,8.4698,16.9396,1.9695994021800385e-06,False
285,F0407,30.2451,-97.727,14.1343,16.6286,2.9152494990200177e-06,False
286,F0607,30.4009,-97.6852,9.0049,16.3725,2.0341378393793635e-06,False
287,F0205,30.059,-97.831,10.9989,16.9213,2.476304770702078e-06,False
288,F0307,30.2383,-97.7247,16.464,16.464,2.6553875797959424e-06,False
289,F0306,30.2019,-97.763,12.1267,17.3238,3.0429523033463033e-06,False
290,F0406,30.2631,-97.7408,13.6102,17.0128,3.0516294755607147e-06,False
291,F0509,30.3522,-97.6175,0.0,17.3421,,False
292,F0507,30.3212,-97.7395,10.1528,16.9213,2.571731811931515e-06,False
293,F0408,30.2865,-97.6625,9.6699,16.1164,1.9846813529127296e-06,False
294,F0304,30.2128,-97.8651,12.8968,17.1957,3.0567462257265893e-06,False
295,F0504,30.3295,-97.8898,0.0,16.8482,,False
296,F0508,30.3316,-97.6347,15.0207,17.6714,3.09033066601303e-06,False
297,F0505,30.3591,-97.8428,8.0015,17.7811,2.1746690279209706e-06,False
298,F0405,30.2583,-97.8135,6.8856,17.214,1.920565866555431e-06,False
299,F0404,30.2666,-97.866,5.4057,18.0189,3.0617204809577753e-06,False
300,F0306,30.2002,-97.7452,11.4031,17.5433,3.0912166659433803e-06,False
301,F0509,30.321,-97.5591,0.0,16.3542,,False
302,F0505,30.3213,-97.8306,8.6162,17.2323,2.172342522652147e-06,False
303,F0509,30.3257,-97.6162,0.0,16.5555,,False
304,F0207,30.1167,-97.6802,13.2444,16.5555,2.7360753312219687e-06,False
305,F0207,30.0469,-97.6989,11.2486,17.3055,2.7897469174934886e-06,False
306,F0604,30.4037,-97.8652,0.0,17.0677,,False
307,F0506,30.3283,-97.7716,7.1271,17.8177,2.8998445284037123e-06,False
308,F0506,30.34,-97.798,17.0311,17.0311,2.9237644840155195e-06,False
309,F0304,30.2074,-97.9341,14.2121,16.7201,2.946118628102196e-06,False
310,F0606,30.388,-97.7865,16.464,16.464,3.008194329842754e-06,False
311,F0405,30.2625,-97.8181,6.8637,17.1591,2.0188037045418495e-06,False
312,F0607,30.4363,-97.7151,7.5981,16.8847,2.047935568299138e-06,False
313,F0308,30.2108,-97.6306,5.3892,17.9641,2.9393307068077435e-06,False
314,F0506,30.3477,-97.7748,13.5371,16.9213,3.009027372988558e-06,False
315,F0605,30.4567,-97.8554,0.0,17.3787,,False
316,F0305,30.2327,-97.8104,8.607,17.214,2.0636690463116014e-06,False
317,F0406,30.2703,-97.7925,16.4457,16.4457,2.912622311974713e-06,False
318,F0604,30.3909,-97.9895,0.0,17.1226,,False
319,F0207,30.1318,-97.7251,6.2938,17.9823,2.7567241586345454e-06,False
320,F0409,30.2805,-97.5977,14.3831,16.9213,2.4772225196386034e-06,False
321,F0406,30.2412,-97.7813,11.5815,17.8177,3.0729217454392394e-06,False
322,F0208,30.1639,-97.632,14.0566,16.5372,2.7297296921801267e-06,False
323,F0404,30.2869,-97.9285,16.6103,16.6103,3.0018100199130632e-06,False
324,F0606,30.4291,-97.7535,15.8841,16.7201,3.033015990888365e-06,False
325,F0409,30.2464,-97.5886,5.3234,17.7445,2.3851896841306175e-06,False
326,F0407,30.2544,-97.6908,14.2276,16.7384,2.9407913340405678e-06,False
327,F0208,30.1081,-97.6519,14.3054,16.8299,2.865296776686634e-06,False
328,F0406,30.275,-97.7887,15.0646,16.7384,3.1522791794374614e-06,False
329,F0505,30.3175,-97.828,6.2234,17.7811,2.1019192314297974e-06,False
330,F0507,30.3039,-97.6853,14.0566,16.5372,2.573213394737865e-06,False
331,F0506,30.357,-97.7499,8.0097,17.7994,3.082494443643684e-06,False
332,F0405,30.2974,-97.8198,6.1466,17.5616,2.0231737960415882e-06,False
333,F0509,30.3171,-97.4884,0.0,16.775,,False
334,F0204,30.1102,-97.9051,0.0,16.9945,,False
335,F0508,30.3075,-97.674,4.5367,18.147,3.044111014482268e-06,False
336,F0506,30.3174,-97.7465,13.3761,16.7201,3.012052477036867e-06,False
337,F0506,30.3077,-97.7457,13.1712,17.5616,3.112936444445093e-06,False
338,F0407,30.2491,-97.6891,11.2248,17.2689,2.945109939423145e-06,False
339,F0409,30.2637,-97.5405,12.2245,16.2994,2.427507874823857e-06,False
340,F0405,30.2577,-97.8342,6.7832,16.9579,1.9038022173158901e-06,False
341,F0307,30.2013,-97.7049,13.0889,17.4518,3.1004914508758925e-06,False
342,F0307,30.1921,-97.7177,15.7798,16.6103,3.016811414964136e-06,False
343,F0408,30.2586,-97.6701,9.9004,16.5006,1.9658656051019452e-06,False
344,F0305,30.2232,-97.8374,0.9028,18.0555,1.9756183465126722e-06,False
345,F0506,30.3056,-97.7609,8.0674,17.9275,3.0631932011144434e-06,False
346,F0307,30.1954,-97.7334,14.1499,16.6469,3.070098425068913e-06,False
347,F0408,30.2457,-97.6619,8.4332,16.8665,2.012794157506189e-06,False
348,F0605,30.378,-97.8287,0.0,16.903,,False
349,F0406,30.2655,-97.7566,14.4298,16.9762,3.0313952768966552e-06,False
350,F0205,30.1176,-97.8574,14.0566,16.5372,2.510855121861736e-06,False
351,F0607,30.3986,-97.7273,5.2849,17.6165,1.91755955973219e-06,False
352,F0206,30.174,-97.7689,4.5002,18.0006,2.70425322768545e-06,False
353,F0406,30.2588,-97.7467,12.4724,17.8177,3.114924320150392e-06,False
354,F0305,30.1986,-97.8207,4.4544,17.8177,2.00195701201475e-06,False
355,F0306,30.1953,-97.7632,16.0058,16.8482,3.035715047480469e-06,False
356,F0405,30.2796,-97.8112,6.0377,17.2506,1.8969335400514993e-06,False
357,F0407,30.2603,-97.7338,14.041,16.5189,2.8458998096992077e-06,False
358,F0506,30.3078,-97.7715,12.0114,17.1591,3.0003601358290547e-06,False
359,F0205,30.1677,-97.8575,10.2406,17.0677,2.51908744282469e-06,False
360,F0608,30.4159,-97.6305,12.6224,16.8299,2.552681341000138e-06,False
361,F0207,30.1715,-97.7109,11.9858,17.1226,2.744844582909089e-06,False
362,F0304,30.2156,-97.8812,14.8176,16.464,3.0819467120947518e-06,False
363,F0407,30.2426,-97.7071,11.2486,17.3055,2.8669216014420076e-06,False
364,F0407,30.2714,-97.6915,14.3209,16.8482,2.8677622647107142e-06,False
365,F0406,30.2682,-97.7477,13.6688,17.086,3.0190167453558676e-06,False
366,F0406,30.2563,-97.7604,10.4821,17.4701,3.012454414872109e-06,False
367,F0207,30.1452,-97.6932,11.2724,17.3421,2.7719790134437503e-06,False
368,F0504,30.3484,-97.9454,0.0,17.214,,False
369,F0507,30.3052,-97.7146,7.9521,17.6714,2.614809925845601e-06,False
370,F0407,30.2851,-97.7122,14.4609,17.0128,2.9811945604350684e-06,False
371,F0608,30.397,-97.6706,15.5539,16.3725,2.6019172393305614e-06,False
372,F0404,30.2926,-97.9988,13.6249,17.0311,3.076343381078965e-06,False
373,F0607,30.3836,-97.7029,8.4149,16.8299,1.936671639056474e-06,False
374,F0306,30.2329,-97.759,13.6834,17.1043,3.0043940904362693e-06,False
375,F0306,30.2354,-97.7994,15.7103,16.5372,3.0608885073692696e-06,False
376,F0306,30.1868,-97.7705,16.7384,16.7384,2.915328827237461e-06,False
377,F0206,30.1579,-97.7816,15.2621,16.9579,2.8794098962260623e-06,False
378,F0405,30.2883,-97.8426,8.3326,16.6652,1.960058621468419e-06,False
379,F0206,30.1428,-97.7658,12.9791,17.3055,2.785984184030938e-06,False
380,F0605,30.3864,-97.8575,0.0,16.3177,,False
381,F0207,30.1779,-97.7296,12.7184,16.9579,2.7189076201807234e-06,False
382,F0205,30.0536,-97.8405,13.3907,16.7384,2.516180108250919e-06,False
383,F0607,30.3871,-97.6902,7.7628,17.2506,1.974932027675793e-06,False
384,F0206,30.1773,-97.7981,10.5918,17.6531,2.9007075767076913e-06,False
385,F0606,30.373,-97.787,15.8146,16.6469,3.0915466437614672e-06,False
386,F0605,30.3797,-97.8164,0.0,16.6286,,False
387,F0307,30.1807,-97.6918,16.6469,16.6469,3.009863216748025e-06,False
388,F0607,30.4131,-97.6928,8.5247,17.0494,1.92789081229689e-06,False
389,F0609,30.3826,-97.6092,0.0,16.8116,,False
390,F0306,30.1925,-97.748,15.8146,16.6469,3.08085184459217e-06,False
391,F0605,30.3861,-97.809,0.0,17.7262,,False
392,F0408,30.2414,-97.6277,7.4911,16.6469,1.954820814017404e-06,False
393,F0604,30.4114,-97.869,0.0,16.7567,,False
394,F0408,30.2546,-97.6773,7.7381,17.1957,2.014494724732282e-06,False
395,F0505,30.3155,-97.8444,9.518,17.3055,2.1660853245889666e-06,False
396,F0505,30.3186,-97.8265,10.7848,16.5921,2.136568045249952e-06,False
397,F0506,30.3139,-97.791,12.6361,16.8482,2.9525002147030003e-06,False
398,F0507,30.3424,-97.7113,13.5663,16.9579,2.605757687244224e-06,False
399,F0508,30.3113,-97.6323,11.9218,17.0311,2.9612355464549546e-06,False
400,F0408,30.2639,-97.6597,9.0451,16.4457,1.931383516856333e-06,False
401,F0306,30.2297,-97.7886,7.2222,18.0555,2.9784034794409634e-06,False
402,F0508,30.3468,-97.6628,13.698,17.1226,3.070794140946155e-06,False
403,F0307,30.1839,-97.685,14.9822,16.6469,3.0761741155043587e-06,False
404,F0507,30.3451,-97.692,13.3029,16.6286,2.6640735581934315e-06,False
405,F0506,30.3125,-97.7443,16.4274,16.4274,3.024008598949857e-06,False
406,F0506,30.3185,-97.7417,14.352,16.8847,2.9739643921513964e-06,False
407,F0405,30.2637,-97.8102,3.5672,17.836,1.8917935113013033e-06,False
408,F0407,30.2649,-97.7067,14.1965,16.7018,2.873247135550696e-06,False
409,F0305,30.2257,-97.8362,8.5979,17.1957,2.0169396209162256e-06,False
410,F0608,30.3992,-97.6405,5.3618,17.8726,2.47892074870595e-06,False
411,F0307,30.2113,-97.6838,16.153,16.153,3.002305843857831e-06,False
412,F0509,30.3069,-97.5511,0.0,17.9641,,False
413,F0404,30.2748,-97.888,15.0316,16.7018,3.101661473588004e-06,False
414,F0306,30.2233,-97.7513,16.6103,16.6103,3.059160891762748e-06,False
415,F0507,30.3232,-97.7308,12.348,16.464,2.5997364442732057e-06,False
416,F0605,30.4047,-97.8351,0.0,18.0189,,False
417,F0309,30.2355,-97.6109,0.0,16.4823,,False
418,F0506,30.3408,-97.7522,8.9271,17.8543,2.9366877285294394e-06,False
419,F0304,30.219,-97.9374,15.606,16.4274,3.0537511446634632e-06,False
420,F0609,30.3834,-97.6139,0.0,17.6165,,False
421,F0506,30.3391,-97.7582,5.4057,18.0189,2.9440074822999538e-06,False
422,F0605,30.3938,-97.8452,0.0,16.8299,,False
423,F0508,30.3172,-97.6419,9.7192,17.6714,3.0226118243716147e-06,False
424,F0607,30.4634,-97.7007,7.4911,16.6469,1.981332399449247e-06,False
425,F0605,30.3963,-97.8076,0.0,17.4335,,False
426,F0605,30.3992,-97.8059,0.0,17.9641,,False
427,F0408,30.2803,-97.6581,3.5635,17.8177,1.997646900598635e-06,False
428,F0205,30.0905,-97.847,9.1759,16.6835,2.4673010870190475e-06,False
429,F0405,30.2777,-97.8352,8.6253,17.2506,2.0261415595660006e-06,False
430,F0404,30.2572,-97.953,14.352,16.8847,3.0324187516006496e-06,False
431,F0605,30.4443,-97.853,0.0,16.9579,,False
432,F0307,30.2268,-97.6915,10.6467,17.7445,3.099802564557135e-06,False
433,F0506,30.3349,-97.7924,11.2961,17.3787,3.0419891302888247e-06,False
434,F0409,30.2452,-97.5991,3.6111,18.0555,2.356632735745508e-06,False
435,F0606,30.4178,-97.7603,13.0614,17.4153,2.990722140030279e-06,False
436,F0407,30.2631,-97.7183,9.7997,17.8177,2.8646676783207313e-06,False
437,F0208,30.1395,-97.6788,15.2585,16.0615,2.80727376561455e-06,False
438,F0506,30.3142,-97.7563,14.4453,16.9945,2.9526591282234046e-06,False
439,F0508,30.3307,-97.6379,16.6103,16.6103,2.9357710624617348e-06,False
440,F0207,30.1575,-97.7233,11.2367,17.2872,2.7585557815358955e-06,False
441,F0504,30.3366,-97.876,0.0,16.8482,,False
442,F0407,30.256,-97.7032,6.2874,17.9641,2.7902991350121627e-06,False
443,F0506,30.3097,-97.757,15.3938,17.1043,2.9889924218020377e-06,False
444,F0308,30.2293,-97.6247,14.9164,16.5738,3.1260864391364173e-06,False
445,F0308,30.1849,-97.6403,12.691,16.9213,3.054084009007936e-06,False
446,F0405,30.2682,-97.8111,4.4133,17.6531,1.878041136042365e-06,False
447,F0506,30.3432,-97.7943,13.3615,16.7018,2.976581223455507e-06,False
448,F0308,30.1943,-97.6424,16.6103,16.6103,3.104475545380258e-06,False
449,F0407,30.2401,-97.7119,13.1712,16.464,2.91418647878175e-06,False
450,F0505,30.3559,-97.816,9.2765,16.8665,2.1443056649081033e-06,False
451,F0608,30.4013,-97.6607,13.7767,16.2079,2.5340942207907017e-06,False
452,F0307,30.1873,-97.7115,15.5585,17.2872,3.1157778613802068e-06,False
453,F0206,30.1174,-97.7438,16.2079,16.2079,2.806592787983305e-06,False
454,F0306,30.195,-97.7717,13.2736,16.5921,3.018008641967476e-06,False
455,F0509,30.3245,-97.5602,0.0,16.7018,,False
456,F0206,30.1506,-97.7498,5.4276,18.0921,2.7783776105603803e-06,False
457,F0405,30.2444,-97.8147,6.153,17.5799,1.8945401372780297e-06,False
458,F0306,30.2142,-97.783,15.4762,17.1957,3.0336500791540373e-06,False
459,F0407,30.2506,-97.7309,11.2486,17.3055,2.8503941867552736e-06,False
460,F0205,30.1682,-97.8477,11.8193,16.8847,2.483740212696242e-06,False
461,F0607,30.4298,-97.7029,4.3858,17.5433,1.9620839323591834e-06,False
462,F0504,30.3444,-97.9291,0.0,16.9579,,False
463,F0408,30.2826,-97.6591,8.3418,16.6835,1.9790593676556576e-06,False
464,F0405,30.266,-97.8488,6.0825,17.3787,1.9746965874178934e-06,False
465,F0405,30.2439,-97.8153,10.5827,16.2811,1.9488515971742437e-06,False
466,F0608,30.3667,-97.6531,9.2665,16.8482,2.5268209733616355e-06,False
467,F0208,30.1174,-97.6237,12.8419,17.1226,2.81790261268251e-06,False
468,F0406,30.2653,-97.7759,11.3556,17.4701,3.0757162875585703e-06,False
469,F0506,30.3562,-97.7888,13.5224,16.903,3.112682073423139e-06,False
470,F0205,30.1662,-97.8124,7.8451,17.4335,2.465486840024807e-06,False
471,F0309,30.2391,-97.6015,0.0,16.9396,,False
472,F0306,30.203,-97.7596,12.1651,17.3787,2.998131811825168e-06,False
473,F0406,30.2584,-97.7424,15.8493,16.6835,3.0383018346630513e-06,False
474,F0608,30.3614,-97.6431,10.4492,17.4153,2.4949400653964915e-06,False
475,F0306,30.1812,-97.768,16.5555,16.5555,3.0079066287808326e-06,False
476,F0408,30.2846,-97.6245,7.6475,16.9945,1.9873254585904906e-06,False
477,F0406,30.2571,-97.7721,16.3177,16.3177,2.6012869752271893e-06,False
478,F0206,30.1042,-97.7994,13.9907,17.4884,2.9219477546359152e-06,False
479,F0208,30.1743,-97.6627,13.9478,16.4091,2.857116677359658e-06,False
480,F0505,30.3001,-97.8248,7.171,17.9275,2.1872529824611223e-06,False
481,F0505,30.3567,-97.8586,12.1422,16.1896,2.157133440915842e-06,False
482,F0304,30.2247,-97.8912,12.0242,17.1774,3.0365769268302187e-06,False
483,F0307,30.2255,-97.6896,16.2262,16.2262,2.5785475523777484e-06,False
484,F0306,30.2366,-97.7811,9.8098,17.836,3.1252043954406716e-06,False
485,F0304,30.2309,-97.9044,15.971,16.8116,2.948045831518471e-06,False
486,F0309,30.2245,-97.5556,0.0,16.903,,False
487,F0305,30.236,-97.806,9.2061,16.7384,2.074507467675765e-06,False
488,F0606,30.382,-97.7803,8.0097,17.7994,2.9465894139920555e-06,False
489,F0507,30.3109,-97.7262,13.3175,16.6469,2.60627084161832e-06,False
490,F0205,30.1384,-97.8591,7.9274,17.6165,2.591764987359594e-06,False
491,F0206,30.0134,-97.7816,8.8997,17.7994,2.872670045084462e-06,False
492,F0406,30.2828,-97.7664,16.3725,16.3725,3.1061628451190156e-06,False
493,F0604,30.3668,-97.8962,0.0,17.0128,,False
494,F0605,30.3685,-97.8467,0.0,16.5372,,False
495,F0607,30.3605,-97.7113,1.8001,18.0006,1.944277503094858e-06,False
496,F0307,30.2087,-97.7365,14.6786,17.2689,3.013689253758553e-06,False
497,F0406,30.2861,-97.7731,12.1395,17.3421,3.103063608071732e-06,False
498,F0404,30.2847,-97.8622,13.1858,16.4823,3.053746415423338e-06,False
499,F0308,30.1808,-97.6735,14.9493,16.6103,3.0277781409692725e-06,False
500,F0308,30.2193,-97.6287,10.5918,17.6531,2.9736377084165503e-06,False
501,F0506,30.3296,-97.7696,5.3947,17.9823,2.9729350934483905e-06,False
502,F0208,30.1727,-97.6639,13.5078,16.8847,2.8554038651049725e-06,False
503,F0406,30.2658,-97.7595,16.3542,16.3542,2.963571697248222e-06,False
504,F0608,30.3663,-97.6245,10.537,17.5616,2.520862812180558e-06,False
505,F0406,30.2838,-97.756,14.6694,16.2994,3.1037936031710672e-06,False
506,F0507,30.3075,-97.7074,11.2129,17.2506,2.564026283938931e-06,False
507,F0307,30.2005,-97.6946,12.9654,17.2872,3.0167768903014254e-06,False
508,F0206,30.1612,-97.7784,14.5697,17.1409,2.8021144620503163e-06,False
509,F0306,30.2051,-97.7435,16.2811,16.2811,3.1371698246506873e-06,False
510,F0309,30.2146,-97.4512,0.0,17.9275,,False
511,F0509,30.3464,-97.5784,0.0,16.7933,,False
512,F0205,30.1746,-97.8117,12.5034,16.6286,2.4625318980752174e-06,False
513,F0409,30.2448,-97.6108,14.6365,16.2628,2.3930762282988355e-06,False
514,F0604,30.3667,-97.882,0.0,16.4274,,False
515,F0508,30.3116,-97.6799,15.7972,16.6286,2.9836804695280506e-06,False
516,F0305,30.2121,-97.835,7.7052,17.1226,2.074935564356469e-06,False
517,F0306,30.1891,-97.759,15.9015,16.7384,3.11275500464468e-06,False
518,F0206,30.1416,-97.7786,6.2682,17.9092,2.939818789802947e-06,False
519,F0407,30.2863,-97.704,13.698,17.1226,2.965884096495675e-06,False
520,F0406,30.281,-97.7589,12.4724,17.8177,3.0951773117381646e-06,False
521,F0408,30.242,-97.6564,9.1256,16.5921,1.946734604478401e-06,False
522,F0305,30.2274,-97.8066,10.654,16.3908,2.144922776418806e-06,False
523,F0306,30.231,-97.7808,15.4432,17.1591,3.175013046156043e-06,False
524,F0407,30.2935,-97.6823,14.5386,17.1043,2.8471544180355636e-06,False
525,F0505,30.3443,-97.8073,11.2943,16.1347,2.20051594499216e-06,False
526,F0309,30.1942,-97.5755,0.0,17.5616,,False
527,F0408,30.242,-97.653,6.7319,16.8299,1.9196820675658518e-06,False
528,F0405,30.2995,-97.8165,7.8451,17.4335,2.010156748873866e-06,False
529,F0205,30.1723,-97.8395,15.1304,16.8116,2.5543502388184326e-06,False
530,F0606,30.3932,-97.7965,10.6138,17.6897,3.0714394401895574e-06,False
531,F0408,30.2998,-97.6711,2.6644,17.7628,1.858589556280485e-06,False
532,F0505,30.3215,-97.8125,8.6985,17.397,2.2355121019645204e-06,False
533,F0508,30.3087,-97.6257,14.5871,16.2079,3.032598490679061e-06,False
534,F0405,30.2996,-97.803,9.1558,16.6469,1.9402043299849168e-06,False
535,F0205,30.1379,-97.8325,6.2362,17.8177,2.474409489526953e-06,False
536,F0406,30.2632,-97.7871,13.2947,17.7262,3.1552605945608155e-06,False
537,F0306,30.2101,-97.7811,16.7384,16.7384,3.1631120504120363e-06,False
538,F0207,30.1494,-97.7364,7.1637,17.9092,2.6963413299434382e-06,False
539,F0608,30.4361,-97.6761,14.1032,16.5921,2.5641323208578276e-06,False
540,F0505,30.3105,-97.8284,1.811,18.1104,2.208806598481132e-06,False
541,F0306,30.2341,-97.7897,17.1957,17.1957,3.1460138061511415e-06,False
542,F0507,30.3192,-97.6954,8.6619,17.3238,2.654068092153083e-06,False
543,F0506,30.3464,-97.7939,16.11,16.9579,3.0977688383872567e-06,False
544,F0406,30.2891,-97.7924,15.7972,16.6286,3.135627474916823e-06,False
545,F0207,30.1429,-97.6977,13.2005,16.5006,2.7468040594596968e-06,False
546,F0209,30.1064,-97.5607,0.0,16.5921,,False
547,F0509,30.3325,-97.5542,0.0,16.6469,,False
548,F0407,30.2798,-97.7279,12.2675,17.525,2.9540744579473888e-06,False
549,F0208,30.1697,-97.6679,8.9271,17.8543,2.7333346308474075e-06,False
550,F0207,30.1698,-97.7088,12.6773,16.903,2.7764821840291568e-06,False
551,F0408,30.2537,-97.6727,9.9113,16.5189,1.954390912640171e-06,False
552,F0308,30.1935,-97.6562,15.2951,16.9945,3.0062609883993674e-06,False
553,F0307,30.2179,-97.7045,11.1297,17.1226,3.0452036765700713e-06,False
554,F0407,30.2708,-97.7353,13.4346,16.7933,2.8829645488272064e-06,False
555,F0509,30.3265,-97.6151,0.0,16.7201,,False
556,F0505,30.3535,-97.8417,10.8443,16.6835,2.1965119987014692e-06,False
557,F0408,30.2488,-97.6545,8.9848,16.3359,1.950939118910973e-06,False
558,F0408,30.2514,-97.6533,9.1759,16.6835,1.9903204388789018e-06,False
559,F0204,30.1629,-97.9063,0.0,18.0372,,False
560,F0308,30.2325,-97.6533,14.5542,17.1226,3.0652773034852673e-06,False
561,F0405,30.2416,-97.8104,8.1954,16.3908,1.932218416387659e-06,False
562,F0407,30.2405,-97.7174,12.6087,16.8116,2.936583115220037e-06,False
563,F0607,30.3684,-97.7318,9.9113,16.5189,2.0049591606388157e-06,False
564,F0606,30.3871,-97.7587,14.5697,17.1409,3.094234661047207e-06,False
565,F0309,30.223,-97.6186,0.0,17.6348,,False
566,F0204,30.168,-97.9189,0.0,16.5189,,False
567,F0305,30.2202,-97.8245,2.7138,18.0921,2.1042012656812033e-06,False
568,F0508,30.3311,-97.6437,15.9189,16.7567,2.960638777920355e-06,False
569,F0406,30.2673,-97.7424,12.2035,17.4335,3.0213860576477745e-06,False
570,F0305,30.2238,-97.8024,10.8324,16.6652,2.145496175839294e-06,False
571,F0307,30.2034,-97.7037,11.2724,17.3421,3.025095211978769e-06,False
572,F0409,30.2669,-97.6155,11.8449,16.9213,2.394385657114985e-06,False
573,F0206,30.1626,-97.7813,16.3177,16.3177,2.6227806713264283e-06,False
574,F0307,30.2152,-97.7075,9.7796,17.7811,3.043395330608667e-06,False
575,F0404,30.2671,-97.8624,3.5818,17.9092,2.9496549215465075e-06,False
576,F0505,30.3428,-97.8048,7.8533,17.4518,2.1875624199536924e-06,False
577,F0505,30.3144,-97.8223,9.8125,16.3542,2.1146868631884442e-06,False
578,F0304,30.2326,-97.8908,13.87,16.3177,3.0173695733600218e-06,False
579,F0307,30.2336,-97.7344,6.5051,16.2628,3.137433285690754e-06,True
580,F0308,30.1845,-97.6567,12.7047,16.9396,3.0698378463653466e-06,False
581,F0308,30.2002,-97.6479,16.1274,16.9762,3.096556527831698e-06,False
582,F0504,30.3256,-97.9441,0.0,16.9396,,False
583,F0308,30.1991,-97.6439,13.5663,16.9579,3.0775046291478466e-06,False
584,F0408,30.2544,-97.6207,7.6228,16.9396,1.9707625415897435e-06,False
585,F0607,30.473,-97.7128,9.7796,16.2994,2.008098662612414e-06,False
586,F0404,30.2834,-97.8843,13.1986,17.5982,3.0522959895698195e-06,False
587,F0507,30.3233,-97.726,12.5126,16.6835,2.534419281045267e-06,False
588,F0507,30.3139,-97.6812,12.2035,17.4335,2.5251154205779554e-06,False
589,F0405,30.2469,-97.8221,9.8455,16.4091,2.0150774441933923e-06,False
590,F0406,30.2979,-97.7456,12.3828,17.6897,3.0514400152673136e-06,False
591,F0406,30.2882,-97.7639,15.971,16.8116,3.0633132539606477e-06,False
592,F0608,30.3856,-97.6786,8.6253,17.2506,2.5471488809624505e-06,False
593,F0509,30.3048,-97.4704,0.0,16.7933,,False
594,F0207,30.0897,-97.6841,9.7293,17.6897,2.660485231014689e-06,False
595,F0306,30.2283,-97.7863,8.8448,17.6897,3.078028063446261e-06,False
596,F0404,30.2762,-97.8805,8.8906,17.7811,2.9757758496679493e-06,False
597,F0308,30.239,-97.662,16.4823,16.4823,3.1325792443697646e-06,False
598,F0507,30.3245,-97.7173,8.7351,17.4701,2.663106911203819e-06,False
599,F0407,30.2643,-97.6978,10.526,17.5433,2.87225953582131e-06,False
600,F0306,30.1939,-97.7578,9.84,17.8909,2.9807746710440707e-06,False
601,F0209,30.1399,-97.5221,0.0,17.3055,,False
602,F0406,30.2731,-97.7656,16.4274,16.4274,3.0937003675226226e-06,False
603,F0305,30.2052,-97.8117,10.2296,17.0494,2.0965221728604403e-06,False
604,F0306,30.2101,-97.757,13.4639,16.8299,3.0480517998246313e-06,False
605,F0205,30.1121,-97.8518,7.1198,17.7994,2.560237434241636e-06,False
606,F0505,30.3043,-97.8296,0.9046,18.0921,2.027799531535975e-06,False
607,F0608,30.4037,-97.6711,13.8389,16.2811,2.6382155219698835e-06,False
608,F0407,30.2401,-97.723,14.867,16.5189,2.8962810380133032e-06,False
609,F0204,30.1556,-97.8908,0.0,16.2445,,False
610,F0405,30.2797,-97.8232,10.7373,16.5189,1.9468122576655176e-06,False
611,F0308,30.2073,-97.6436,15.4496,16.2628,3.0808488598246803e-06,False
612,F0205,30.0636,-97.8044,10.8681,16.7201,2.537895904154892e-06,False
613,F0407,30.2586,-97.7145,15.8841,16.7201,2.878429456750918e-06,False
614,F0309,30.1958,-97.5684,0.0,17.8543,,False
615,F0606,30.5962,-97.7794,12.2291,17.4701,3.0002482435892777e-06,False
616,F0506,30.3457,-97.7563,9.5784,17.4153,3.0491755385108553e-06,False
617,F0405,30.2755,-97.8319,8.7076,17.4153,1.965503287228244e-06,False
618,F0306,30.2344,-97.7763,14.1965,16.7018,3.135537479397377e-06,False
619,F0306,30.2298,-97.7815,15.8667,16.7018,3.1272783289068096e-06,False
620,F0407,30.2952,-97.7324,13.698,17.1226,2.8668920696558385e-06,False
621,F0207,30.1766,-97.6834,14.9987,16.6652,2.826268017423972e-06,False
622,F0504,30.3237,-97.8913,0.0,17.3421,,False
623,F0409,30.2953,-97.6083,10.6065,16.3177,2.3985989910506615e-06,False
624,F0207,30.1686,-97.7291,10.3174,17.1957,2.7864143266097204e-06,False
625,F0506,30.3228,-97.7494,13.0203,17.3604,3.052491466052124e-06,False
626,F0505,30.3176,-97.8558,10.054,16.7567,2.1264778766621507e-06,False
627,F0404,30.2731,-97.8907,5.4057,18.0189,3.089627003480857e-06,False
628,F0505,30.3578,-97.8131,8.6893,17.3787,2.1173065328047275e-06,False
629,F0408,30.2953,-97.6728,7.7381,17.1957,1.9335423401373346e-06,False
630,F0306,30.1929,-97.7407,11.4031,17.5433,3.0226693289385324e-06,False
631,F0607,30.3621,-97.6914,8.3966,16.7933,1.9489373837534255e-06,False
632,F0209,30.1688,-97.5426,0.0,17.7994,,False
633,F0405,30.262,-97.8361,2.6974,17.9823,1.8518107339572697e-06,False
634,F0406,30.2761,-97.748,13.2297,16.5372,3.0096342330392133e-06,False
635,F0304,30.1975,-97.9544,12.1523,17.3604,3.0431759783426204e-06,False
636,F0308,30.1927,-97.6681,15.7798,16.6103,3.1168440554240533e-06,False
637,F0208,30.1449,-97.671,13.8078,16.2445,2.7484515748177763e-06,False
638,F0208,30.1574,-97.671,14.2898,16.8116,2.796564917714568e-06,False
639,F0606,30.396,-97.7849,16.1622,17.0128,3.0973843103249924e-06,False
640,F0407,30.2776,-97.7055,11.6785,16.6835,2.8677677164182133e-06,False
641,F0305,30.1916,-97.8244,9.347,16.9945,2.0595337006480287e-06,False
642,F0608,30.3641,-97.6613,13.42,16.775,2.5474084394940737e-06,False
643,F0307,30.1998,-97.6924,12.5812,16.775,3.1489041452416176e-06,False
644,F0608,30.3984,-97.6532,13.1858,16.4823,2.5410654683503064e-06,False
645,F0504,30.3019,-97.8653,0.0,17.1226,,False
646,F0406,30.2769,-97.7401,10.6138,17.6897,2.97880516902146e-06,False
647,F0609,30.4068,-97.564,0.0,16.6286,,False
648,F0404,30.2735,-97.9087,15.7972,16.6286,3.029294824674847e-06,False
649,F0306,30.204,-97.765,15.7625,16.5921,3.0568159240862083e-06,False
650,F0607,30.5051,-97.7165,8.2777,16.5555,2.0474384304452784e-06,False
651,F0204,30.1263,-97.9202,0.0,16.7018,,False
652,F0408,30.265,-97.6522,7.7134,17.1409,1.9528041886888645e-06,False
653,F0404,30.2819,-97.8992,16.5738,16.5738,3.0944135567117787e-06,False
654,F0507,30.3317,-97.7138,13.4493,16.8116,2.651703960145844e-06,False
655,F0307,30.2082,-97.6835,9.7796,17.7811,3.1452015608296024e-06,False
656,F0607,30.4252,-97.7168,7.8039,17.3421,1.9151264469504558e-06,False
657,F0607,30.4557,-97.7285,6.9076,17.2689,1.9345215764587253e-06,False
658,F0309,30.1905,-97.6172,0.0,17.6165,,False
659,F0307,30.2099,-97.7169,16.3908,16.3908,3.138890033071355e-06,False
660,F0607,30.478,-97.6922,6.9002,17.2506,2.0334539378331697e-06,False
661,F0308,30.2286,-97.6366,16.6469,16.6469,3.039893371974985e-06,False
662,F0304,30.2129,-97.865,11.308,17.397,2.9273770849589417e-06,False
663,F0307,30.2127,-97.7122,10.504,17.5067,3.076338615142662e-06,False
664,F0207,30.1547,-97.7108,12.8556,17.1409,2.7733997265388244e-06,False
665,F0606,30.4318,-97.7726,11.3913,17.525,3.097011643881132e-06,False
666,F0604,30.3882,-97.8613,0.0,16.4457,,False
667,F0304,30.2079,-97.8757,14.5377,16.153,2.963145805810329e-06,False
668,F0205,30.1002,-97.8333,11.2605,17.3238,2.4567422155082834e-06,False
669,F0306,30.2388,-97.7879,12.8694,17.1591,3.0574855442902477e-06,False
670,F0406,30.2977,-97.7654,15.6582,16.4823,3.0827303143000917e-06,False
671,F0606,30.4494,-97.7573,14.8176,16.464,3.040161061928495e-06,False
672,F0607,30.3871,-97.7122,6.9149,17.2872,1.96661889411494e-06,False
673,F0307,30.2049,-97.7214,15.0975,16.775,3.1061917734738308e-06,False
674,F0204,30.1377,-97.8639,0.0,17.2872,,False
675,F0304,30.2384,-97.8622,15.6408,16.464,3.032660801712686e-06,False
676,F0307,30.2343,-97.6918,12.8008,17.0677,2.991530888338362e-06,False
677,F0506,30.3239,-97.7669,15.9884,16.8299,3.0077751369151647e-06,False
678,F0407,30.2871,-97.7194,11.1534,17.1591,2.8389288338292426e-06,False
679,F0508,30.3339,-97.6344,11.8577,16.9396,2.951793040745912e-06,False
680,F0204,30.1302,-97.9323,0.0,17.9275,,False
681,F0208,30.1457,-97.6356,9.6689,17.5799,2.8305685542192737e-06,False
682,F0407,30.286,-97.7249,13.3322,16.6652,2.911820794011344e-06,False
683,F0407,30.2933,-97.6843,7.9521,17.6714,2.809879939872045e-06,False
684,F0607,30.3913,-97.7313,9.3772,17.0494,1.977824090109539e-06,False
685,F0308,30.1878,-97.6329,11.4745,17.6531,2.9841661760458214e-06,False
686,F0409,30.2411,-97.6092,11.7809,16.8299,2.4070624920668115e-06,False
687,F0306,30.1857,-97.7872,14.4142,16.9579,3.109270800124702e-06,False
688,F0205,30.1587,-97.8368,13.3468,16.6835,2.5508060686070386e-06,False
689,F0404,30.2676,-97.8943,15.2292,16.9213,3.0080331571810844e-06,False
690,F0405,30.2729,-97.8542,6.1081,17.4518,1.8968204086912353e-06,False
691,F0407,30.2623,-97.7353,4.5002,18.0006,2.756886823855533e-06,False
692,F0408,30.2892,-97.6345,4.3675,17.4701,1.8867646125703092e-06,False
693,F0406,30.242,-97.7806,13.4932,16.8665,3.0983287132414983e-06,False
694,F0506,30.3232,-97.7589,14.3987,16.9396,2.9842482727175266e-06,False
695,F0408,30.2504,-97.6596,9.4577,17.1957,1.952506163804715e-06,False
696,F0205,30.163,-97.8135,7.8698,17.4884,2.442171529304352e-06,False
697,F0506,30.3307,-97.7827,15.7972,16.6286,3.0371272204516263e-06,False
698,F0409,30.2754,-97.4734,11.0702,17.0311,2.502238212765293e-06,False
699,F0504,30.3122,-97.8737,0.0,16.8847,,False
700,F0507,30.3516,-97.7349,12.0498,17.214,2.6443800037504416e-06,False
701,F0305,30.2157,-97.8135,7.7298,17.1774,2.094867712391025e-06,False
702,F0405,30.252,-97.8109,7.557,16.7933,1.99574844806812e-06,False
703,F0607,30.3627,-97.686,5.2959,17.6531,1.9931066015972253e-06,False
704,F0608,30.4556,-97.6455,8.7351,17.4701,2.5197725212472834e-06,False
705,F0408,30.2413,-97.6293,6.871,17.1774,1.9979720935938273e-06,False
706,F0207,30.1612,-97.7149,7.149,17.8726,2.665449049192337e-06,False
707,F0405,30.2632,-97.8272,8.5247,17.0494,1.942160248538183e-06,False
708,F0408,30.2747,-97.6407,3.5526,17.7628,1.8796418876346926e-06,False
709,F0504,30.3537,-97.8889,0.0,16.4274,,False
710,F0606,30.3954,-97.7519,13.5078,16.8847,3.0767807620586115e-06,False
711,F0507,30.3237,-97.7319,14.0099,16.4823,2.6492763837876633e-06,False
712,F0309,30.1808,-97.585,0.0,16.5555,,False
713,F0407,30.2711,-97.7377,12.8008,17.0677,2.885119493952653e-06,False
714,F0505,30.3054,-97.8175,11.6016,16.5738,2.1958576126501414e-06,False
715,F0207,30.18,-97.7187,8.7991,17.5982,2.8202752550135555e-06,False
716,F0507,30.3153,-97.7132,9.518,17.3055,2.5933784144989078e-06,False
717,F0507,30.3042,-97.682,15.4844,16.2994,2.584680802484484e-06,False
718,F0308,30.1863,-97.6652,5.4002,18.0006,2.9193609805044436e-06,False
719,F0408,30.2702,-97.6471,0.9019,18.0372,1.9857701469676314e-06,False
720,F0609,30.3932,-97.5378,0.0,16.8847,,False
721,F0407,30.2903,-97.7257,16.0058,16.8482,2.8808701332027134e-06,False
722,F0407,30.2553,-97.6924,14.8176,16.464,2.894733004291843e-06,False
723,F0505,30.3584,-97.8153,9.1055,16.5555,2.178007265264845e-06,False
724,F0207,30.1372,-97.7154,11.4388,17.5982,2.6961236683933183e-06,False
725,F0406,30.2749,-97.7926,16.4823,16.4823,3.049439953144815e-06,False
726,F0606,30.3989,-97.7988,12.6087,16.8116,3.063557931651557e-06,False
727,F0408,30.2925,-97.6375,8.9546,16.2811,2.0256513278412114e-06,False
728,F0304,30.2289,-97.8775,13.3468,16.6835,3.0510454062492037e-06,False
729,F0206,30.1675,-97.7665,9.7696,17.7628,2.757629605397468e-06,False
730,F0508,30.342,-97.6604,15.8493,16.6835,3.027285031285165e-06,False
731,F0407,30.2953,-97.7026,14.1188,16.6103,2.8966342258596905e-06,False
732,F0506,30.3056,-97.7886,11.3794,17.5067,3.0733791708785897e-06,False
733,F0407,30.2663,-97.7308,15.1633,16.8482,2.9122395494382032e-06,False
734,F0505,30.3424,-97.8284,11.1534,17.1591,2.2098312460982046e-06,False
735,F0609,30.3954,-97.61,0.0,16.6286,,False
736,F0504,30.3394,-97.8913,0.0,17.5433,,False
737,F0308,30.2216,-97.6468,14.1965,16.7018,3.0601810474682376e-06,False
738,F0206,30.1695,-97.7908,12.0498,17.214,2.8535347303135033e-06,False
739,F0406,30.2864,-97.7779,11.5696,17.7994,3.0538364185599143e-06,False
740,F0309,30.2064,-97.5933,0.0,17.0494,,False
741,F0507,30.3408,-97.7269,9.347,16.9945,2.5686467267664934e-06,False
742,F0408,30.2869,-97.674,6.8637,17.1591,1.9498829770428727e-06,False
743,F0307,30.1969,-97.6877,14.6694,16.2994,3.0135562965464185e-06,False
744,F0405,30.244,-97.827,7.4829,16.6286,1.947029300943318e-06,False
745,F0509,30.3107,-97.5802,0.0,17.4153,,False
746,F0507,30.3479,-97.7058,10.2845,17.1409,2.5687411539837324e-06,False
747,F0406,30.2777,-97.7924,9.8098,17.836,3.025493804406049e-06,False
748,F0605,30.4602,-97.8325,0.0,17.9275,,False
749,F0306,30.2039,-97.7891,14.4764,17.0311,3.1734905049498132e-06,False
750,F0204,30.1342,-97.8927,0.0,17.0311,,False
751,F0305,30.2247,-97.818,8.5521,17.1043,2.10789799015199e-06,False
752,F0404,30.2526,-97.8704,11.5221,17.7262,3.0204449360152587e-06,False
753,F0506,30.3238,-97.7739,12.938,17.2506,2.973395689200508e-06,False
754,F0508,30.3518,-97.6748,15.7277,16.5555,3.0922788187700098e-06,False
755,F0405,30.2703,-97.8312,3.6294,18.147,1.9822691168603024e-06,False
756,F0609,30.3677,-97.5991,0.0,17.1774,,False
757,F0508,30.3113,-97.6732,13.0412,17.2506,2.9545964161091937e-06,False
758,F0307,30.2389,-97.7137,13.8298,17.2872,3.0447916285606297e-06,False
759,F0209,30.1461,-97.6055,0.0,16.464,,False
760,F0207,30.1745,-97.7063,13.3175,16.6469,2.8177920738450813e-06,False
761,F0506,30.316,-97.7609,15.5191,16.3359,3.0498991583409273e-06,False
762,F0405,30.2422,-97.8277,3.6111,18.0555,1.8991865809269407e-06,False
763,F0508,30.3028,-97.6658,14.1343,16.6286,2.9474851730998402e-06,False
764,F0505,30.3258,-97.8464,7.9439,17.6531,2.2328137340043547e-06,False
765,F0406,30.2441,-97.7896,14.3676,16.903,3.122182988708999e-06,False
766,F0405,30.2789,-97.8124,4.4041,17.6165,1.9394247242516212e-06,False
767,F0308,30.1846,-97.6442,14.8505,16.5006,3.0182328488434008e-06,False
768,F0209,30.0775,-97.5751,0.0,17.214,,False
769,F0308,30.2371,-97.6725,13.4785,16.8482,3.041910916897034e-06,False
770,F0307,30.2073,-97.6911,11.5339,17.7445,3.070105035443094e-06,False
771,F0404,30.2503,-97.9741,10.4711,17.4518,2.964527972502788e-06,False
772,F0307,30.2386,-97.6992,15.081,16.7567,3.037281851933575e-06,False
773,F0406,30.2506,-97.7617,16.7933,16.7933,3.026771531357961e-06,False
774,F0405,30.2882,-97.83,7.3759,16.3908,1.9644702804205326e-06,False
775,F0408,30.2884,-97.6521,9.3269,16.9579,1.957741272868156e-06,False
776,F0406,30.2534,-97.7686,4.5139,18.0555,2.9680139043158254e-06,False
777,F0207,30.1464,-97.711,14.7024,16.3359,2.6992537542420883e-06,False
778,F0305,30.23,-97.8072,9.357,17.0128,2.0711177642342987e-06,False
779,F0307,30.1816,-97.6977,14.5231,17.086,3.0359015150805237e-06,False
780,F0408,30.2674,-97.6337,4.4453,17.7811,1.9610733113969756e-06,False
781,F0506,30.3248,-97.7591,11.3794,17.5067,3.097637390448609e-06,False
782,F0406,30.2557,-97.7899,15.9015,16.7384,3.025240848114326e-06,False
783,F0204,30.0775,-97.9161,0.0,17.8726,,False
784,F0505,30.3059,-97.8329,8.5979,17.1957,2.128940574577531e-06,False
785,F0305,30.2336,-97.8108,5.3398,17.7994,2.133466670544169e-06,False
786,F0605,30.4121,-97.8042,0.0,16.7018,,False
787,F0507,30.3465,-97.7324,13.699,16.1164,2.547737846708009e-06,False
788,F0307,30.2031,-97.7082,14.6941,17.2872,3.1082952628109167e-06,False
789,F0207,30.1513,-97.7032,13.87,16.3177,2.7293933799351196e-06,False
790,F0404,30.2525,-97.8942,11.3913,17.525,3.0967598858796554e-06,False
791,F0206,30.1345,-97.7714,15.6929,16.5189,2.813754239611212e-06,False
792,F0206,30.1777,-97.7986,14.3365,16.8665,2.8943776205826065e-06,False
793,F0608,30.3693,-97.6784,11.6785,16.6835,2.5220106220974947e-06,False
794,F0307,30.1815,-97.712,13.3322,16.6652,3.1182154440943745e-06,False
795,F0408,30.2821,-97.6654,4.459,17.836,2.0088289928888326e-06,False
796,F0508,30.3576,-97.671,14.1188,16.6103,3.0063226170357928e-06,False
797,F0608,30.3825,-97.6439,14.8011,16.4457,2.5694385554985387e-06,False
798,F0506,30.3244,-97.7687,13.9478,16.4091,3.1052086809696584e-06,False
799,F0506,30.3218,-97.7475,13.8005,17.2506,3.0090102693133922e-06,False
800,F0607,30.3758,-97.698,7.686,16.9762,1.922705544736004e-06,False
801,F0306,30.1873,-97.7644,15.3938,17.1043,3.1704519115321604e-06,False
802,F0505,30.3092,-97.8549,5.3508,17.836,2.1871074807606515e-06,False
803,F0304,30.1811,-97.8708,14.181,16.6835,3.0685435172867517e-06,False
804,F0407,30.2653,-97.7197,10.6248,17.7079,2.935654616373408e-06,False
805,F0305,30.2107,-97.8173,4.4407,17.7628,2.109352112481814e-06,False
806,F0507,30.3583,-97.7019,10.4711,17.4518,2.6680655379921565e-06,False
807,F0207,30.0603,-97.6952,12.5675,16.7567,2.681885108364975e-06,False
808,F0306,30.2246,-97.7747,15.5365,16.3542,3.110699915899763e-06,False
809,F0406,30.254,-97.7984,16.5555,16.5555,2.9593200411007003e-06,False
810,F0204,30.1615,-97.9433,0.0,17.7079,,False
811,F0208,30.1524,-97.6785,11.3327,16.1896,2.7422380142372207e-06,False
812,F0606,30.3938,-97.7818,16.7201,16.7201,2.899480675387379e-06,False
813,F0506,30.3531,-97.7652,4.5413,18.1653,2.995726066909877e-06,False
814,F0605,30.3686,-97.8502,0.0,16.4457,,False
815,F0407,30.2654,-97.7298,7.2076,18.0189,2.9252430010338356e-06,False
816,F0408,30.269,-97.6306,7.5076,16.6835,1.9016369010391995e-06,False
817,F0207,30.1361,-97.7136,13.4932,16.8665,2.706979152298654e-06,False
818,F0507,30.3091,-97.7022,12.1523,17.3604,2.6670558840505813e-06,False
819,F0407,30.2887,-97.733,11.973,17.1043,2.8866445683104955e-06,False
820,F0207,30.1704,-97.7181,7.171,17.9275,2.720928536095724e-06,False
821,F0205,30.1606,-97.8047,11.6016,16.5738,2.5427816481327656e-06,False
822,F0208,30.0289,-97.6787,11.2129,17.2506,2.768773528796285e-06,False
823,F0406,30.276,-97.7873,12.4084,17.7262,3.0988079156770164e-06,False
824,F0307,30.2266,-97.7087,11.4983,17.6897,3.0531740587556486e-06,False
825,F0606,30.3656,-97.791,15.1963,16.8847,3.1015146404935877e-06,False
826,F0506,30.3549,-97.75,13.0203,17.3604,3.0649209557223785e-06,False
827,F0407,30.2525,-97.7179,13.5663,16.9579,2.842556342956903e-06,False
828,F0406,30.2799,-97.7409,13.0889,17.4518,3.0951558600124336e-06,False
829,F0408,30.2935,-97.6468,7.8451,17.4335,1.998124117721367e-06,False
830,F0406,30.2411,-97.7847,12.9928,17.3238,3.035183204755078e-06,False
831,F0305,30.2035,-97.8156,8.5338,17.0677,2.1438639460265047e-06,False
832,F0408,30.2623,-97.6395,8.4058,16.8116,1.9662878249717365e-06,False
833,F0404,30.2802,-97.8627,11.1416,17.1409,3.0098314747201957e-06,False
834,F0208,30.1651,-97.6259,13.859,17.3238,2.7742629011822127e-06,False
835,F0408,30.2828,-97.648,10.654,16.3908,1.9921850513217025e-06,False
836,F0605,30.4247,-97.8118,0.0,16.2445,,False
837,F0407,30.2911,-97.7367,11.1297,17.1226,2.9073187928695078e-06,False
838,F0406,30.2658,-97.7743,16.5189,16.5189,3.0312771528292294e-06,False
839,F0508,30.3477,-97.665,5.4276,18.0921,2.944851361887758e-06,False
840,F0506,30.3404,-97.7553,8.9637,17.9275,2.9716426540594808e-06,False
841,F0405,30.2746,-97.8352,5.9417,16.9762,1.9096854493629847e-06,False
842,F0508,30.3269,-97.6201,12.1267,17.3238,3.071047501292069e-06,False
843,F0606,30.3625,-97.7461,14.352,16.8847,2.983493485145375e-06,False
844,F0504,30.3262,-97.874,0.0,17.3238,,False
845,F0406,30.2688,-97.7613,13.5956,16.9945,3.001364228354624e-06,False
846,F0509,30.3537,-97.6148,0.0,16.5006,,False
847,F0304,30.2326,-97.8986,15.0975,16.775,3.0489970900487935e-06,False
848,F0509,30.3295,-97.5985,0.0,17.2506,,False
849,F0509,30.3084,-97.6096,0.0,16.6469,,False
850,F0505,30.3525,-97.8147,8.5979,17.1957,2.169321055687704e-06,False
851,F0406,30.2766,-97.7595,8.9089,17.8177,3.0913953418974446e-06,False
852,F0408,30.2635,-97.6352,6.9149,17.2872,1.9515518492089167e-06,False
853,F0406,30.2611,-97.7825,12.6636,16.8847,3.0520429842617635e-06,False
854,F0505,30.351,-97.8375,8.5704,17.1409,2.182404004095471e-06,False
855,F0509,30.3162,-97.5636,0.0,17.0311,,False
856,F0308,30.189,-97.6396,16.7933,16.7933,2.984873571770894e-06,False
857,F0506,30.3154,-97.7628,10.5918,17.6531,2.9540801975129634e-06,False
858,F0604,30.4433,-97.88,0.0,16.7933,,False
859,F0404,30.2853,-97.9017,9.5583,17.3787,3.11790570073425e-06,False
860,F0407,30.2678,-97.702,8.9089,17.8177,2.885703312373127e-06,False
861,F0407,30.2455,-97.7106,15.0975,16.775,2.9820285443698906e-06,False
862,F0306,30.1988,-97.7554,8.8174,17.6348,3.024546620109355e-06,False
863,F0308,30.1896,-97.6707,14.6859,16.3177,3.0869195348685408e-06,False
864,F0506,30.3163,-97.7605,13.2005,16.5006,3.0589172490450662e-06,False
865,F0304,30.2003,-97.8656,11.2605,17.3238,3.0648708666627153e-06,False
866,F0507,30.3467,-97.7075,11.4864,17.6714,2.622541483458823e-06,False
867,F0507,30.3406,-97.7188,9.4979,17.2689,2.609720646717012e-06,False
868,F0608,30.3938,-97.6746,12.2035,17.4335,2.560087148369673e-06,False
869,F0408,30.2986,-97.6264,8.2686,16.5372,1.929025047761108e-06,False
870,F0605,30.3752,-97.8221,0.0,16.6469,,False
871,F0307,30.1802,-97.6946,10.6906,17.8177,3.0243217710342323e-06,False
872,F0406,30.2624,-97.7636,16.5555,16.5555,3.1634648935931957e-06,False
873,F0407,30.2425,-97.716,7.9686,17.7079,2.8445125980810896e-06,False
874,F0404,30.2707,-98.0256,10.5918,17.6531,2.964112525554149e-06,False
875,F0305,30.2068,-97.8501,10.5351,16.2079,2.064015705148051e-06,False
876,F0508,30.3294,-97.6283,10.515,17.525,2.987974937098897e-06,False
877,F0506,30.3529,-97.7776,13.5956,16.9945,3.0541178920321028e-06,False
878,F0606,30.444,-97.7577,15.3444,17.0494,3.0996922687151224e-06,False
879,F0405,30.2439,-97.8293,6.9588,17.397,1.9838867173773106e-06,False
880,F0505,30.3571,-97.831,7.6558,17.0128,2.2318216991541325e-06,False
881,F0305,30.2244,-97.8259,6.1594,17.5982,2.1099876308577957e-06,False
882,F0206,30.1498,-97.7778,13.7127,17.1409,2.858349975732902e-06,False
883,F0507,30.3277,-97.7319,11.9218,17.0311,2.553110414881476e-06,False
884,F0305,30.2151,-97.8134,6.1466,17.5616,2.143849743940803e-06,False
885,F0406,30.2904,-97.7618,16.0926,16.9396,3.0131932280106656e-06,False
886,F0306,30.2214,-97.7954,14.7719,17.3787,3.0688296927344977e-06,False
887,F0205,30.1617,-97.8169,13.2736,16.5921,2.4826289273378698e-06,False
888,F0304,30.2277,-97.8809,14.0721,16.5555,3.08027436787055e-06,False
889,F0208,30.0192,-97.6301,8.9637,17.9275,2.7539730945468142e-06,False
890,F0207,30.0482,-97.7256,10.4162,17.3604,2.6920717739020825e-06,False
891,F0504,30.348,-97.8663,0.0,17.4153,,False
892,F0405,30.2646,-97.8231,5.3508,17.836,2.012357876064558e-06,False
893,F0604,30.3671,-97.9361,0.0,16.7567,,False
894,F0207,30.1506,-97.7012,6.2426,17.836,2.7133669381904573e-06,False
895,F0608,30.3679,-97.672,6.3066,18.0189,2.489634347580089e-06,False
896,F0608,30.3803,-97.6402,9.6186,17.4884,2.6373459412656056e-06,False
897,F0306,30.2227,-97.7554,15.5256,17.2506,3.0082620916684592e-06,False
898,F0405,30.2722,-97.8018,7.5734,16.8299,1.949944234752166e-06,False
899,F0508,30.348,-97.6318,15.0646,16.7384,3.025966611486117e-06,False
900,F0507,30.3418,-97.69,9.7092,17.6531,2.584205763221431e-06,False
901,F0306,30.225,-97.7603,15.081,16.7567,3.166714869379353e-06,False
902,F0504,30.3033,-97.9049,0.0,17.6714,,False
903,F0204,30.1117,-97.9033,0.0,18.1104,,False
904,F0407,30.2648,-97.7083,14.3676,16.903,2.8791950883891526e-06,False
905,F0308,30.2187,-97.6716,12.8282,17.1043,3.0647195739437754e-06,False
906,F0305,30.2317,-97.8361,10.9156,16.7933,2.069040077575302e-06,False
907,F0409,30.2943,-97.4771,10.6421,16.3725,2.4236743793295065e-06,False
908,F0205,30.1692,-97.8125,12.8556,17.1409,2.59720711921024e-06,False
909,F0506,30.3135,-97.7633,16.0058,16.8482,3.0263452805927944e-06,False
910,F0407,30.2634,-97.7082,14.653,16.2811,2.932190890867978e-06,False
911,F0305,30.2376,-97.8253,7.9686,17.7079,2.012687495299473e-06,False
912,F0409,30.2798,-97.5986,7.8945,17.5433,2.394207493648949e-06,False
913,F0408,30.278,-97.6431,6.1658,17.6165,1.9448449690414254e-06,False
914,F0206,30.1701,-97.7657,12.0754,17.2506,2.786220816038777e-06,False
915,F0407,30.2769,-97.6992,12.9791,17.3055,2.9608512153528685e-06,False
916,F0405,30.2933,-97.854,9.9882,16.6469,1.9578098360189657e-06,False
917,F0304,30.2332,-97.9252,11.5934,17.836,3.066813098406409e-06,False
918,F0504,30.323,-97.8744,0.0,17.3604,,False
919,F0406,30.2806,-97.7653,16.153,16.153,3.0857080264178245e-06,False
920,F0308,30.2149,-97.6714,13.6834,17.1043,3.1440199032900035e-06,False
921,F0407,30.2511,-97.691,14.0877,16.5738,2.8951633671944792e-06,False
922,F0607,30.3931,-97.7013,7.8204,17.3787,1.9853493507192063e-06,False
923,F0405,30.2989,-97.8195,8.2229,16.4457,1.9504566997211926e-06,False
924,F0405,30.2477,-97.8034,6.8198,17.0494,1.8935381642961436e-06,False
925,F0607,30.4065,-97.7374,9.7577,16.2628,2.0232308038641028e-06,False
926,F0409,30.2489,-97.5967,7.8616,17.4701,2.371357019466516e-06,False
927,F0309,30.2315,-97.5664,0.0,18.2933,,False
928,F0508,30.3153,-97.6382,10.504,17.5067,3.0408212450682044e-06,False
929,F0606,30.3821,-97.7565,13.0614,17.4153,3.0563326490667047e-06,False
930,F0407,30.2955,-97.7121,13.7273,17.1591,2.9724059999076686e-06,False
931,F0207,30.1242,-97.7224,14.5542,16.1713,2.729814849226702e-06,False
932,F0307,30.2146,-97.6989,15.9189,16.7567,3.1384341132706498e-06,False
933,F0607,30.404,-97.7172,6.8417,17.1043,2.006314016479778e-06,False
934,F0306,30.1935,-97.7679,11.4031,17.5433,3.051840329247073e-06,False
935,F0406,30.2877,-97.7429,16.3908,16.3908,2.9560505177156924e-06,False
936,F0407,30.2514,-97.7266,14.8835,16.5372,2.977037386624716e-06,False
937,F0606,30.4097,-97.7745,11.4626,17.6348,2.9355265164049632e-06,False
938,F0407,30.2915,-97.6878,13.8005,17.2506,2.8977732045300887e-06,False
939,F0508,30.3439,-97.6363,16.4823,16.4823,2.823347554767108e-06,False
940,F0406,30.2512,-97.7901,16.6286,16.6286,2.747196402547538e-06,False
941,F0407,30.2527,-97.7147,10.526,17.5433,2.822609366905413e-06,False
942,F0508,30.3525,-97.6448,8.8357,17.6714,2.9841573756992344e-06,False
943,F0304,30.2263,-97.9263,13.6102,17.0128,2.963828411374294e-06,False
944,F0406,30.2766,-97.7554,11.5339,17.7445,3.0122695345684156e-06,False
945,F0405,30.2762,-97.8392,10.1748,16.9579,1.9417769339422783e-06,False
946,F0306,30.1955,-97.777,12.3571,17.6531,2.9946521369364173e-06,False
947,F0507,30.3108,-97.706,7.1051,17.7628,2.5175840395750334e-06,False
948,F0407,30.2834,-97.7178,11.2961,17.3787,2.8601186206180445e-06,False
949,F0306,30.1827,-97.7432,7.1417,17.8543,3.1371854280677646e-06,False
950,F0206,30.0763,-97.7883,13.42,16.775,2.883311741337354e-06,False
951,F0306,30.2083,-97.7737,16.3359,16.3359,3.0842383516440584e-06,False
952,F0206,30.1747,-97.7704,11.3199,17.4153,2.787222879508468e-06,False
953,F0307,30.1927,-97.7053,16.2628,16.2628,3.0082230679423277e-06,False
954,F0307,30.2311,-97.7294,15.7277,16.5555,3.144386233996482e-06,False
955,F0408,30.2705,-97.6721,10.6897,16.4457,1.9564326946692312e-06,False
956,F0407,30.2892,-97.7065,9.7494,17.7262,2.9170052087484845e-06,False
957,F0608,30.3919,-97.6695,11.3675,17.4884,2.648683226290653e-06,False
958,F0405,30.2879,-97.8429,8.3143,16.6286,1.974222110790289e-06,False
959,F0506,30.3255,-97.7621,10.7455,17.9092,3.019631208096797e-06,False
960,F0509,30.3572,-97.6176,0.0,16.4274,,False
961,F0507,30.3346,-97.7119,14.041,16.5189,2.5373950780538016e-06,False
962,F0508,30.324,-97.6447,12.8008,17.0677,3.100665071237917e-06,False
963,F0504,30.3147,-97.9261,0.0,16.3725,,False
964,F0407,30.2811,-97.6821,14.8011,16.4457,2.976865022826555e-06,False
965,F0305,30.2336,-97.8166,8.5887,17.1774,2.090276734940995e-06,False
966,F0404,30.2567,-97.8691,12.1138,17.3055,2.9564221187116925e-06,False
967,F0307,30.2241,-97.7271,14.8011,16.4457,3.1106436504193966e-06,False
968,F0206,30.1171,-97.7892,12.4212,17.7445,2.9402608982634652e-06,False
969,F0404,30.2794,-97.8609,15.5887,16.4091,3.0688246694275185e-06,False
970,F0307,30.2155,-97.7154,15.8146,16.6469,3.134947463479093e-06,False
971,F0405,30.2508,-97.8327,9.015,16.3908,1.9571419810295487e-06,False
972,F0406,30.296,-97.7775,8.0262,17.836,2.96995983301208e-06,False
973,F0208,30.0854,-97.6787,11.2129,17.2506,2.8256081672793957e-06,False
974,F0405,30.2704,-97.8091,9.8894,16.4823,1.9134659757571055e-06,False
975,F0404,30.2975,-97.8698,16.2811,16.2811,2.736711036313184e-06,False
976,F0206,30.1496,-97.7462,12.101,17.2872,2.8871404097951067e-06,False
977,F0305,30.2073,-97.8006,9.7906,16.3177,2.069863501039928e-06,False
978,F0406,30.2867,-97.7993,11.5102,17.7079,3.152837154522407e-06,False
979,F0309,30.2067,-97.6101,0.0,17.3055,,False
980,F0407,30.246,-97.6954,14.0877,16.5738,2.9464455594034952e-06,False
981,F0307,30.2019,-97.6987,14.3054,16.8299,3.128134350709907e-06,False
982,F0507,30.3284,-97.6816,7.0612,17.6531,2.52096011732692e-06,False
983,F0508,30.3398,-97.6784,16.3359,16.3359,3.008174310956127e-06,False
984,F0407,30.2931,-97.6827,15.2127,16.903,2.8466164720635482e-06,False
985,F0204,30.1688,-97.9834,0.0,16.3725,,False
986,F0407,30.2482,-97.7301,11.1297,17.1226,2.9447593108512056e-06,False
987,F0405,30.2995,-97.8359,4.4499,17.7994,1.967998276380508e-06,False
988,F0405,30.2511,-97.8448,6.8637,17.1591,1.9191852783343615e-06,False
989,F0506,30.3,-97.763,14.181,16.6835,2.9665847093129075e-06,False
990,F0405,30.2463,-97.8067,8.2594,16.5189,1.9394432307237193e-06,False
991,F0307,30.2195,-97.6848,15.2786,16.9762,3.1517064586701388e-06,False
992,F0409,30.2833,-97.596,11.4992,16.4274,2.366875790458083e-06,False
993,F0606,30.4292,-97.7964,14.9822,16.6469,3.016164753302336e-06,False
994,F0407,30.2657,-97.7165,12.1395,17.3421,2.9199838069811427e-06,False
995,F0308,30.2323,-97.6615,15.4149,16.2262,3.0292205396358844e-06,False
996,F0606,30.3698,-97.7735,16.0231,16.8665,3.072608023729469e-06,False
997,F0507,30.3382,-97.7,13.9011,16.3542,2.66652691950284e-06,False
998,F0408,30.2783,-97.6759,2.7056,18.0372,1.916601590885831e-06,False
999,F0205,30.1767,-97.8365,6.3002,18.0006,2.4114077550153954e-06,False
1000,F0508,30.3447,-97.6505,12.037,17.1957,2.9652859436218854e-06,False
1001,F0604,30.366,-97.9113,0.0,16.9213,,False
1002,F0509,30.3117,-97.5097,0.0,16.7933,,False
1003,F0505,30.3174,-97.8243,8.7168,17.4335,2.163423817070644e-06,False
1004,F0506,30.3321,-97.7687,14.2121,16.7201,3.0397212613181225e-06,False
1005,F0205,30.1128,-97.8337,12.6087,16.8116,2.524322970878833e-06,False
1006,F0306,30.2376,-97.7606,15.7103,16.5372,3.1255670804108358e-06,False
1007,F0404,30.2787,-97.8655,13.2124,17.6165,3.071508708987327e-06,False
1008,F0205,30.1507,-97.8522,5.3398,17.7994,2.4541670378788093e-06,False
1009,F0506,30.3009,-97.7456,16.0405,16.8847,3.098657816976661e-06,False
1010,F0306,30.233,-97.7726,12.9654,17.2872,3.115534460454585e-06,False
1011,F0509,30.3476,-97.6153,0.0,17.4701,,False
1012,F0309,30.2246,-97.5719,0.0,16.7567,,False
1013,F0505,30.3327,-97.8476,6.153,17.5799,2.2363267982013373e-06,False
1014,F0307,30.237,-97.7011,14.9328,16.5921,3.0724410799875846e-06,False
1015,F0608,30.3972,-97.6485,11.8833,16.9762,2.6360158086128754e-06,False
1016,F0408,30.2402,-97.639,7.7381,17.1957,2.000236920606297e-06,False
1017,F0406,30.2871,-97.7786,8.0015,17.7811,3.040638178450892e-06,False
1018,F0406,30.2813,-97.7518,14.9328,16.5921,3.0635868281128577e-06,False
1019,F0509,30.3177,-97.5467,0.0,16.7567,,False
1020,F0307,30.1847,-97.7198,14.5697,17.1409,3.119521795529143e-06,False
1021,F0507,30.3338,-97.691,9.4878,17.2506,2.5212188343756947e-06,False
1022,F0407,30.251,-97.6946,10.4821,17.4701,2.9130192544560252e-06,False
1023,F0205,30.0802,-97.8099,12.1834,16.2445,2.53881614586192e-06,False
1024,F0206,30.1457,-97.7916,11.909,17.0128,2.8006013814328658e-06,False
1025,F0505,30.3107,-97.8116,2.6974,17.9823,2.1287460642836187e-06,False
1026,F0509,30.3376,-97.5333,0.0,17.0677,,False
1027,F0408,30.2687,-97.6501,6.7612,16.903,1.9457089820076195e-06,False
1028,F0307,30.1966,-97.7106,12.3828,17.6897,3.0072134671632915e-06,False
1029,F0206,30.158,-97.7862,15.7277,16.5555,2.896260584094593e-06,False
1030,F0207,30.1403,-97.699,12.4715,16.6286,2.7471007262456012e-06,False
1031,F0508,30.3482,-97.6308,12.7596,17.0128,2.948230289695665e-06,False
1032,F0409,30.2892,-97.6123,2.7111,18.0738,2.2900554021026715e-06,False
1033,F0308,30.2073,-97.6771,15.0316,16.7018,3.0335579257984258e-06,False
1034,F0207,30.1378,-97.7303,10.4711,17.4518,2.7316400250063257e-06,False
1035,F0509,30.3054,-97.6032,0.0,16.464,,False
1036,F0406,30.2956,-97.7783,15.114,16.7933,3.0344439737409347e-06,False
1037,F0307,30.2164,-97.7073,14.4764,17.0311,3.1217854678397767e-06,False
1038,F0504,30.3149,-97.877,0.0,17.5433,,False
1039,F0505,30.3153,-97.8334,10.0211,16.7018,2.1807889619127784e-06,False
1040,F0408,30.2402,-97.6679,8.1863,16.3725,1.9411334530340923e-06,False
1041,F0406,30.244,-97.7914,15.5365,16.3542,3.1436749931619437e-06,False
1042,F0608,30.3905,-97.6683,11.1653,17.1774,2.5184435651577403e-06,False
1043,F0407,30.2617,-97.6961,13.9633,16.4274,2.9059225595747006e-06,False
1044,F0605,30.503,-97.8425,0.0,17.6165,,False
1045,F0305,30.2274,-97.8026,6.0185,17.1957,2.0437188290360294e-06,False
1046,F0204,30.1608,-97.897,0.0,17.0494,,False
1047,F0405,30.2881,-97.8089,7.6805,17.0677,1.9862997578844394e-06,False
1048,F0405,30.2962,-97.8442,5.2356,17.4518,1.8789825245887928e-06,False
1049,F0608,30.3657,-97.6432,13.2297,16.5372,2.5197862687734315e-06,False
1050,F0306,30.2036,-97.7918,11.6172,17.8726,3.097398597790707e-06,False
1051,F0507,30.3551,-97.6909,10.4382,17.397,2.5199103193161644e-06,False
1052,F0505,30.3067,-97.8012,7.8204,17.3787,2.1592722325551876e-06,False
1053,F0308,30.231,-97.6778,14.3676,16.903,3.087098051184867e-06,False
1054,F0609,30.3734,-97.5648,0.0,16.7201,,False
1055,F0305,30.239,-97.8175,10.5113,16.1713,2.115332997985295e-06,False
1056,F0209,30.171,-97.5958,0.0,16.6835,,False
1057,F0207,30.1602,-97.6901,14.1188,16.6103,2.698871431260858e-06,False
1058,F0308,30.1997,-97.675,14.5853,17.1591,3.128989604133937e-06,False
1059,F0604,30.3977,-97.8752,0.0,16.2628,,False
1060,F0406,30.2875,-97.7408,12.2931,17.5616,3.1023646172844294e-06,False
1061,F0604,30.3796,-97.892,0.0,17.5067,,False
1062,F0509,30.3423,-97.5648,0.0,17.6714,,False
1063,F0604,30.4264,-97.9708,0.0,17.6165,,False
1064,F0506,30.3031,-97.7527,11.4864,17.6714,3.0801009113951027e-06,False
1065,F0605,30.4649,-97.8288,0.0,16.6652,,False
1066,F0405,30.2644,-97.8293,3.5635,17.8177,1.9940558334364137e-06,False
1067,F0207,30.1521,-97.6837,13.6523,16.0615,2.79371535258229e-06,False
1068,F0509,30.3156,-97.6177,0.0,17.5616,,False
1069,F0306,30.2375,-97.7788,12.3443,17.6348,3.0542808695139276e-06,False
1070,F0208,30.0821,-97.6603,12.9517,17.2689,2.7214745935544413e-06,False
1071,F0405,30.2658,-97.8022,9.0049,16.3725,1.9201238901292027e-06,False
1072,F0405,30.2557,-97.8416,9.2262,16.775,1.9886395690152226e-06,False
1073,F0506,30.3096,-97.7655,9.7092,17.6531,2.95134632706702e-06,False
1074,F0505,30.3291,-97.8105,8.4881,16.9762,2.2369197086574886e-06,False
1075,F0507,30.3048,-97.7328,12.5126,16.6835,2.6043706692675144e-06,False
1076,F0408,30.2838,-97.6546,5.252,17.5067,1.9238530479344365e-06,False
1077,F0507,30.3155,-97.7118,6.2618,17.8909,2.6410311728528366e-06,False
1078,F0305,30.2055,-97.8001,5.2959,17.6531,1.9870306508717873e-06,False
1079,F0407,30.2892,-97.7385,11.2724,17.3421,2.922571870654208e-06,False
1080,F0305,30.204,-97.82,7.0759,17.6897,2.0432568320143764e-06,False
1081,F0306,30.211,-97.7831,14.0255,16.5006,3.169621620912889e-06,False
1082,F0504,30.3085,-97.9419,0.0,17.9275,,False
1083,F0308,30.2312,-97.6628,16.5738,16.5738,3.119793902631564e-06,False
1084,F0407,30.2499,-97.7323,10.2845,17.1409,2.9228359366589477e-06,False
1085,F0405,30.2439,-97.8011,8.0857,16.1713,1.9345521857720406e-06,False
1086,F0406,30.2805,-97.7662,8.9363,17.8726,2.985308324120317e-06,False
1087,F0606,30.4269,-97.7466,15.2292,16.9213,2.970502329076332e-06,False
1088,F0307,30.1845,-97.7082,11.4388,17.5982,3.1138164492059675e-06,False
1089,F0206,30.1233,-97.775,12.9791,17.3055,2.923966182456089e-06,False
1090,F0506,30.3071,-97.7401,7.2076,18.0189,3.0091254563982246e-06,False
1091,F0408,30.2701,-97.67,10.8086,16.6286,2.012539112876581e-06,False
1092,F0406,30.2945,-97.7975,14.2587,16.775,3.0326016606855953e-06,False
1093,F0306,30.1837,-97.7788,12.9791,17.3055,3.1504058845462644e-06,False
1094,F0208,30.1532,-97.6673,9.6186,17.4884,2.7940012609295396e-06,False
1095,F0307,30.2286,-97.6937,15.7103,16.5372,3.114187247980004e-06,False
1096,F0305,30.2008,-97.8502,6.185,17.6714,2.097992579487993e-06,False
1097,F0207,30.1053,-97.7181,10.4601,17.4335,2.680312638571832e-06,False
1098,F0307,30.237,-97.7245,12.6773,16.903,3.0477134534408976e-06,False
1099,F0506,30.3572,-97.7766,12.3187,17.5982,3.1120862001239228e-06,False
1100,F0506,30.3252,-97.7678,14.9328,16.5921,2.961923453682189e-06,False
1101,F0408,30.2525,-97.6714,6.7759,16.9396,1.9489937761799816e-06,False
1102,F0505,30.3432,-97.8293,5.3124,17.7079,2.2263446449850654e-06,False
1103,F0304,30.1991,-97.892,11.7937,16.8482,2.916044398235858e-06,False
1104,F0204,30.1512,-97.8644,0.0,16.903,,False
1105,F0507,30.3029,-97.7383,9.6086,17.4701,2.6643791963108397e-06,False
1106,F0606,30.4758,-97.7714,14.663,17.2506,3.059367952335849e-06,False
1107,F0606,30.38,-97.7474,16.2262,16.2262,2.966057849000084e-06,False
1108,F0308,30.2319,-97.6757,14.6319,17.214,2.9824081761205273e-06,False
1109,F0507,30.3401,-97.6893,9.4778,17.2323,2.6436348337733945e-06,False
1110,F0409,30.2677,-97.559,12.3892,16.5189,2.4167456229985635e-06,False
1111,F0506,30.3551,-97.7507,5.4276,18.0921,3.0980091914262556e-06,False
1112,F0305,30.2005,-97.821,10.3394,17.2323,2.116017597903811e-06,False
1113,F0306,30.2232,-97.7429,15.5887,16.4091,3.1629026794852176e-06,False
1114,F0404,30.2671,-97.9359,8.9637,17.9275,2.9910605085075865e-06,False
1115,F0409,30.2803,-97.5368,5.3343,17.7811,2.404887829905059e-06,False
1116,F0606,30.4799,-97.7857,10.6248,17.7079,3.0741488881602826e-06,False
1117,F0206,30.1752,-97.7608,14.1965,16.7018,2.8544130896758252e-06,False
1118,F0309,30.1856,-97.6091,0.0,17.4884,,False
1119,F0307,30.2145,-97.6899,14.6008,17.1774,3.068216786217902e-06,False
1120,F0407,30.2412,-97.6891,14.6008,17.1774,2.868486741578819e-06,False
1121,F0209,30.1585,-97.5882,0.0,16.7201,,False
1122,F0406,30.2966,-97.7867,11.4745,17.6531,3.0308883248920287e-06,False
1123,F0409,30.2832,-97.6078,11.7937,16.8482,2.4089726113558013e-06,False
1124,F0407,30.2672,-97.6975,11.415,17.5616,2.8627716990561793e-06,False
1125,F0409,30.259,-97.5962,8.6162,17.2323,2.3580607311829882e-06,False
1126,F0308,30.231,-97.6422,13.859,17.3238,3.029198843808336e-06,False
1127,F0506,30.3005,-97.7613,9.0369,18.0738,3.082133478142366e-06,False
1128,F0305,30.2321,-97.8548,7.9439,17.6531,2.022098691913571e-06,False
1129,F0606,30.3892,-97.7677,15.6929,16.5189,2.9780648341856794e-06,False
1130,F0207,30.1586,-97.7117,14.8176,16.464,2.8143667209850172e-06,False
1131,F0206,30.1749,-97.7679,16.1274,16.9762,2.856298424669634e-06,False
1132,F0407,30.2728,-97.6936,13.2736,16.5921,2.907095750506161e-06,False
1133,F0308,30.2054,-97.6553,15.832,16.6652,3.119019245979439e-06,False
1134,F0405,30.2642,-97.8075,3.6074,18.0372,1.982650145959715e-06,False
1135,F0409,30.2905,-97.5923,8.0015,17.7811,2.477008326992345e-06,False
1136,F0207,30.1648,-97.698,14.1032,16.5921,2.8292393315280213e-06,False
1137,F0406,30.2487,-97.7816,15.9189,16.7567,3.1434377018686396e-06,False
1138,F0304,30.2051,-97.8978,15.0316,16.7018,2.9380216965200736e-06,False
1139,F0507,30.3454,-97.708,10.4492,17.4153,2.566493873617311e-06,False
1140,F0408,30.2703,-97.6452,4.3904,17.5616,1.8700100025029973e-06,False
1141,F0408,30.2546,-97.6741,6.9807,17.4518,1.894754269895585e-06,False
1142,F0306,30.2106,-97.7933,13.8737,17.3421,3.10785403437368e-06,False
1143,F0407,30.2958,-97.715,10.2845,17.1409,2.8430507939904463e-06,False
1144,F0304,30.2035,-97.8643,14.3831,16.9213,3.0701891654389514e-06,False
1145,F0304,30.2052,-97.8655,15.4149,16.2262,2.9332865472401397e-06,False
1146,F0504,30.3049,-97.8714,0.0,17.4335,,False
1147,F0306,30.226,-97.7926,12.1267,17.3238,3.088179263831191e-06,False
1148,F0507,30.3154,-97.6924,11.8449,16.9213,2.5539990537012724e-06,False
1149,F0406,30.2815,-97.7607,16.6286,16.6286,2.9747242376163056e-06,False
1150,F0308,30.2216,-97.6333,14.3365,16.8665,3.085629844569053e-06,False
1151,F0208,30.1768,-97.6515,13.3468,16.6835,2.723501522340605e-06,False
1152,F0306,30.2209,-97.7478,13.281,17.7079,3.0963985624956686e-06,False
1153,F0208,30.1616,-97.6273,14.1965,16.7018,2.823985358057189e-06,False
1154,F0206,30.1736,-97.7971,11.415,17.5616,2.8565856356331965e-06,False
1155,F0405,30.2454,-97.8587,7.524,16.7201,1.9318485791702757e-06,False
1156,F0209,30.145,-97.5979,0.0,16.9945,,False
1157,F0407,30.2904,-97.685,16.8116,16.8116,2.903329660505175e-06,False
1158,F0404,30.2964,-97.8677,13.6395,17.0494,3.050741255098202e-06,False
1159,F0408,30.2984,-97.6691,9.9004,16.5006,1.953559824453545e-06,False
1160,F0407,30.2884,-97.7312,11.2129,17.2506,2.886541321890659e-06,False
1161,F0306,30.1851,-97.7756,6.3322,18.0921,3.1759113226805094e-06,False
1162,F0608,30.3867,-97.6792,13.1858,16.4823,2.644515794634472e-06,False
1163,F0305,30.2078,-97.8113,7.0978,17.7445,2.0110964343351045e-06,False
1164,F0307,30.232,-97.73,14.5853,17.1591,2.993961964766514e-06,False
1165,F0305,30.2003,-97.801,7.9422,16.7201,2.076052164207773e-06,False
1166,F0507,30.3249,-97.6867,4.459,17.836,2.624986599738227e-06,False
1167,F0504,30.3054,-97.8663,0.0,16.8482,,False
1168,F0607,30.4353,-97.6977,6.8344,17.086,1.9307694063335908e-06,False
1169,F0305,30.1879,-97.8434,9.2967,16.903,2.104903774911035e-06,False
1170,F0406,30.2866,-97.7744,13.5663,16.9579,3.047581477297085e-06,False
1171,F0606,30.4323,-97.7601,13.859,17.3238,3.0318506139555523e-06,False
1172,F0307,30.2212,-97.7353,14.2276,16.7384,3.1548597059867425e-06,False
1173,F0208,30.1788,-97.6252,12.6773,16.903,2.8033020236325237e-06,False
1174,F0206,30.1497,-97.7883,14.3054,16.8299,2.820044434198078e-06,False
1175,F0604,30.3625,-97.9697,0.0,16.6835,,False
1176,F0305,30.1883,-97.8374,7.6393,16.9762,2.0949695074693662e-06,False
1177,F0607,30.3715,-97.7096,7.6064,16.903,1.9446622605598143e-06,False
1178,F0309,30.2281,-97.568,0.0,17.1774,,False
1179,F0308,30.1903,-97.6663,16.8665,16.8665,2.990124934574632e-06,False
1180,F0506,30.358,-97.7754,11.973,17.1043,2.9469787632273488e-06,False
1181,F0607,30.3844,-97.6929,3.5928,17.9641,1.9703671664976415e-06,False
1182,F0305,30.2074,-97.8215,8.7168,17.4335,2.0938584839653887e-06,False
1183,F0406,30.2438,-97.7528,14.1965,16.7018,3.0807829794730505e-06,False
1184,F0207,30.1335,-97.6913,13.0066,17.3421,2.7353980241257773e-06,False
1185,F0609,30.3706,-97.4536,0.0,17.6714,,False
1186,F0606,30.3775,-97.7717,12.7596,17.0128,2.957897701433892e-06,False
1187,F0206,30.1542,-97.792,13.6541,17.0677,2.90455579053569e-06,False
1188,F0508,30.3354,-97.632,11.3556,17.4701,2.9355240841710784e-06,False
1189,F0309,30.2152,-97.5772,0.0,17.2323,,False
1190,F0308,30.225,-97.6517,10.6906,17.8177,3.003203438520409e-06,False
1191,F0408,30.2931,-97.6765,0.8982,17.9641,1.8141528089701554e-06,False
1192,F0409,30.29,-97.6188,10.9632,16.8665,2.459113925510855e-06,False
1193,F0206,30.1741,-97.7584,8.9729,17.9458,2.9086156560817993e-06,False
1194,F0304,30.1816,-97.8841,10.5589,17.5982,3.0825511706569753e-06,False
1195,F0607,30.3942,-97.737,7.7792,17.2872,2.0464600316110786e-06,False
1196,F0506,30.3385,-97.755,13.9761,17.4701,2.994629513078769e-06,False
1197,F0604,30.4154,-97.8889,0.0,17.9458,,False
1198,F0207,30.1765,-97.7033,9.6488,17.5433,2.7885481707984544e-06,False
1199,F0307,30.214,-97.7279,9.7796,17.7811,3.023890881065209e-06,False
1200,F0307,30.1997,-97.7005,11.5339,17.7445,3.138053268663795e-06,False
1201,F0405,30.2905,-97.8131,7.6146,16.9213,1.910766685896668e-06,False
1202,F0507,30.3502,-97.686,7.9768,17.7262,2.5170598428850315e-06,False
1203,F0308,30.1872,-97.6462,14.181,16.6835,3.005221249549405e-06,False
1204,F0407,30.2761,-97.722,13.4785,16.8482,2.9759405306459643e-06,False
1205,F0307,30.2182,-97.7027,14.041,16.5189,3.154156609887267e-06,False
1206,F0507,30.3219,-97.7082,10.4821,17.4701,2.5416422030035053e-06,False
1207,F0306,30.2092,-97.7802,12.2931,17.5616,3.007711379218465e-06,False
1208,F0508,30.3112,-97.669,9.7394,17.7079,2.9337218793374416e-06,False
1209,F0305,30.2327,-97.8309,8.7808,17.5616,2.124152251893366e-06,False
1210,F0209,30.1478,-97.6028,0.0,16.5372,,False
1211,F0405,30.2572,-97.8178,9.8894,16.4823,2.0086200784290043e-06,False
1212,F0207,30.142,-97.7091,13.3175,16.6469,2.754007091910156e-06,False
1213,F0309,30.1876,-97.5944,0.0,16.4091,,False
1214,F0307,30.2232,-97.6992,14.4609,17.0128,3.124752026853746e-06,False
1215,F0409,30.2723,-97.599,10.9394,16.8299,2.4501032152599527e-06,False
1216,F0505,30.3027,-97.8106,7.7628,17.2506,2.180644762231259e-06,False
1217,F0508,30.3179,-97.623,15.4323,16.2445,2.9935959670146332e-06,False
1218,F0606,30.3949,-97.7472,10.7675,17.9458,2.917212370162552e-06,False
1219,F0507,30.3526,-97.7338,8.8265,17.6531,2.6690831021947874e-06,False
1220,F0404,30.261,-97.9771,13.6541,17.0677,2.9602095379615114e-06,False
1221,F0407,30.255,-97.7231,6.2682,17.9092,2.97126999736272e-06,False
1222,F0206,30.1599,-97.7948,12.2931,17.5616,2.928600180557444e-06,False
1223,F0606,30.3866,-97.7585,14.2898,16.8116,3.0620066166433824e-06,False
1224,F0606,30.3945,-97.7909,15.0316,16.7018,3.100226689323909e-06,False
1225,F0508,30.3038,-97.6594,13.0614,17.4153,3.0951072921555847e-06,False
1226,F0307,30.1972,-97.726,8.9089,17.8177,3.1039140807738013e-06,False
1227,F0607,30.3606,-97.6902,5.3069,17.6897,1.9676778342094938e-06,False
1228,F0507,30.3013,-97.7178,12.3754,16.5006,2.608465315964768e-06,False
1229,F0307,30.1838,-97.696,13.1712,17.5616,3.1285442448961403e-06,False
1230,F0605,30.3655,-97.8141,0.0,17.1409,,False
1231,F0208,30.1571,-97.6311,10.9275,16.8116,2.714510028723629e-06,False
1232,F0209,30.1392,-97.4852,0.0,16.9396,,False
1233,F0308,30.2326,-97.6516,15.606,16.4274,3.098406918142292e-06,False
1234,F0405,30.2609,-97.8306,8.5887,17.1774,1.98809949336384e-06,False
1235,F0208,30.1509,-97.6723,15.3801,16.1896,2.784337751513761e-06,False
1236,F0308,30.2329,-97.6553,16.3908,16.3908,2.783311726349747e-06,False
1237,F0507,30.3359,-97.7357,10.3174,17.1957,2.636296626347867e-06,False
1238,F0207,30.1407,-97.7376,14.9822,16.6469,2.73352946548414e-06,False
1239,F0307,30.1981,-97.7193,13.0889,17.4518,3.090334094419772e-06,False
1240,F0309,30.2,-97.6094,0.0,17.525,,False
1241,F0609,30.3973,-97.6162,0.0,16.3359,,False
1242,F0607,30.4378,-97.704,3.5818,17.9092,1.9582481643311297e-06,False
1243,F0305,30.2342,-97.8374,7.7052,17.1226,2.0222085533639454e-06,False
1244,F0404,30.2602,-97.925,15.8493,16.6835,3.015507893103182e-06,False
1245,F0405,30.2867,-97.8211,7.5076,16.6835,1.9913288542110964e-06,False
1246,F0507,30.3171,-97.7341,8.0921,17.9823,2.64634737008631e-06,False
1247,F0607,30.4177,-97.7273,8.2411,16.4823,1.9747871077737663e-06,False
1248,F0405,30.2416,-97.8289,6.1338,17.525,1.943211029277052e-06,False
1249,F0307,30.2368,-97.6952,13.6395,17.0494,3.0823710058396384e-06,False
1250,F0209,30.1721,-97.5227,0.0,17.4518,,False
1251,F0508,30.3453,-97.6454,14.352,16.8847,3.0356728784313597e-06,False
1252,F0407,30.2501,-97.7028,12.7322,16.9762,2.8602820268522263e-06,False
1253,F0406,30.2431,-97.7863,14.867,16.5189,3.118225860528271e-06,False
1254,F0406,30.2547,-97.7575,8.0262,17.836,3.113618871006859e-06,False
1255,F0506,30.3191,-97.7844,9.8903,17.9823,2.9197459986397644e-06,False
1256,F0605,30.3711,-97.8174,0.0,17.5982,,False
1257,F0209,30.1052,-97.6063,0.0,16.903,,False
1258,F0406,30.2567,-97.7463,14.2743,16.7933,3.0869415920518775e-06,False
1259,F0306,30.2396,-97.7413,14.181,16.6835,3.1059932674572883e-06,False
1260,F0306,30.2003,-97.7854,15.7451,16.5738,3.080942875314667e-06,False
1261,F0306,30.1836,-97.7963,12.7184,16.9579,3.0148936299479758e-06,False
1262,F0407,30.2799,-97.7308,13.1163,17.4884,2.9605893781490264e-06,False
1263,F0307,30.2075,-97.6906,14.3831,16.9213,3.024781589897041e-06,False
1264,F0306,30.1881,-97.794,8.125,18.0555,3.059716940432666e-06,False
1265,F0507,30.3536,-97.7322,12.0242,17.1774,2.5390557012016236e-06,False
1266,F0407,30.2782,-97.7149,15.6234,16.4457,2.9992701098090208e-06,False
1267,F0608,30.4001,-97.6715,13.0249,16.2811,2.5290350342850186e-06,False
1268,F0505,30.3356,-97.8407,0.9055,18.1104,2.0587664043344588e-06,False
1269,F0506,30.3171,-97.7749,10.4052,17.3421,3.003263373577272e-06,False
1270,F0609,30.3655,-97.5854,0.0,16.4823,,False
1271,F0307,30.2269,-97.6841,16.3177,16.3177,2.909525692050785e-06,False
1272,F0605,30.3732,-97.8094,0.0,18.1104,,False
1273,F0307,30.1803,-97.7252,15.606,16.4274,3.133237894672181e-06,False
1274,F0207,30.1377,-97.707,12.3206,16.4274,2.760562447387134e-06,False
1275,F0604,30.4318,-97.8626,0.0,17.086,,False
1276,F0608,30.5139,-97.6637,10.3613,17.2689,2.6066508380321446e-06,False
1277,F0407,30.2458,-97.6893,8.8174,17.6348,2.8558718324499824e-06,False
1278,F0308,30.2324,-97.6369,12.2675,17.525,3.0974379902531978e-06,False
1279,F0506,30.3107,-97.7554,11.1416,17.1409,3.024721210179431e-06,False
1280,F0404,30.2672,-97.8653,12.0242,17.1774,3.044240699274348e-06,False
1281,F0407,30.257,-97.7153,13.5517,16.9396,2.9433988577015348e-06,False
1282,F0406,30.2551,-97.7999,13.8151,17.2689,3.122618725738167e-06,False
1283,F0308,30.2211,-97.6708,13.0066,17.3421,3.1287290885786284e-06,False
1284,F0505,30.3288,-97.8452,7.6805,17.0677,2.243217724312319e-06,False
1285,F0308,30.216,-97.6344,15.7798,16.6103,3.0695288320159322e-06,False
1286,F0506,30.3574,-97.7625,13.9633,16.4274,2.9951093399799083e-06,False
1287,F0507,30.3423,-97.6948,11.5248,16.464,2.560742380530831e-06,False
1288,F0409,30.2741,-97.613,4.1434,16.5738,2.426975816319994e-06,True
1289,F0404,30.2806,-98.0552,15.2292,16.9213,3.106475090628588e-06,False
1290,F0206,30.1629,-97.7603,12.9791,17.3055,2.8789339930348855e-06,False
1291,F0305,30.187,-97.8319,8.4149,16.8299,2.085330900819418e-06,False
1292,F0304,30.2237,-97.8641,16.3725,16.3725,3.0204475876986834e-06,False
1293,F0305,30.1862,-97.8132,4.4407,17.7628,2.05033369298997e-06,False
1294,F0308,30.2071,-97.6295,4.523,18.0921,2.892795398701993e-06,False
1295,F0507,30.3522,-97.7189,9.3168,16.9396,2.5208841182272607e-06,False
1296,F0509,30.3424,-97.5976,0.0,17.3238,,False
1297,F0207,30.162,-97.7256,11.6529,16.6469,2.8116139631143548e-06,False
1298,F0609,30.3938,-97.5801,0.0,17.3787,,False
1299,F0205,30.1704,-97.8576,10.3723,17.2872,2.5898949361453168e-06,False
1300,F0308,30.2216,-97.6456,10.6248,17.7079,3.065032275756854e-06,False
1301,F0409,30.2775,-97.6125,11.6785,16.6835,2.4218051870087385e-06,False
1302,F0607,30.4147,-97.7354,4.4224,17.6897,1.96337684500348e-06,False
1303,F0606,30.3738,-97.7647,14.3054,16.8299,2.9573126296685915e-06,False
1304,F0607,30.3953,-97.7093,3.5709,17.8543,1.9246664806907765e-06,False
1305,F0307,30.1993,-97.7068,15.7625,16.5921,3.0847946684402227e-06,False
1306,F0409,30.2935,-97.5651,11.8833,16.9762,2.503778978811522e-06,False
1307,F0307,30.2063,-97.6846,14.2121,16.7201,3.0717368706637823e-06,False
1308,F0404,30.2743,-97.8664,10.5809,17.6348,3.048870643282379e-06,False
1309,F0405,30.2984,-97.8028,6.1209,17.4884,1.9308564265435374e-06,False
1310,F0408,30.2963,-97.673,7.4006,16.4457,1.9336178177826137e-06,False
1311,F0608,30.4071,-97.6699,11.8321,16.903,2.6140820140980672e-06,False
1312,F0207,30.179,-97.6958,11.094,17.0677,2.759974031018729e-06,False
1313,F0406,30.2624,-97.7543,13.1712,17.5616,3.0692588765827755e-06,False
1314,F0208,30.1147,-97.6449,11.5632,16.5189,2.8517588515404336e-06,False
1315,F0406,30.254,-97.7573,15.4923,17.214,3.1708886548338948e-06,False
1316,F0509,30.3564,-97.5762,0.0,17.1591,,False
1317,F0407,30.2768,-97.6987,11.5221,17.7262,2.957885604035573e-06,False
1318,F0304,30.2186,-97.8763,15.7625,16.5921,3.07710001575887e-06,False
1319,F0506,30.3157,-97.7638,16.3542,16.3542,2.8647065118137525e-06,False
1320,F0506,30.3099,-97.7828,15.0481,16.7201,3.078380724438399e-06,False
1321,F0607,30.3792,-97.7003,10.6659,16.4091,2.0489004761154985e-06,False
1322,F0205,30.1561,-97.8502,5.3563,17.8543,2.514712098208616e-06,False
1323,F0608,30.3622,-97.6625,13.1712,16.464,2.567247412658399e-06,False
1324,F0406,30.2857,-97.7937,12.1651,17.3787,3.038609382487173e-06,False
1325,F0407,30.2883,-97.7198,15.8841,16.7201,2.9068968530808302e-06,False
1326,F0207,30.0951,-97.7102,12.7733,17.0311,2.805783873918342e-06,False
1327,F0607,30.3614,-97.7139,7.6393,16.9762,1.964728667160366e-06,False
1328,F0308,30.2247,-97.6365,8.9454,17.8909,3.110178738936604e-06,False
1329,F0308,30.2048,-97.6451,11.2961,17.3787,2.9813894416969125e-06,False
1330,F0304,30.2098,-97.8671,13.0203,17.3604,3.0136302279350446e-06,False
1331,F0307,30.1896,-97.7031,16.3725,16.3725,3.0648779885288004e-06,False
1332,F0406,30.2853,-97.7811,5.4221,18.0738,3.061308474426968e-06,False
1333,F0209,30.0344,-97.5592,0.0,17.4335,,False
1334,F0406,30.259,-97.7461,12.0242,17.1774,3.106712219767287e-06,False
1335,F0506,30.3266,-97.7654,12.1267,17.3238,3.0718758463255444e-06,False
1336,F0206,30.1679,-97.7896,16.0405,16.8847,2.804025617683751e-06,False
1337,F0207,30.0852,-97.7072,9.508,17.2872,2.7320289410819666e-06,False
1338,F0407,30.2781,-97.7371,13.4785,16.8482,2.945510427119645e-06,False
1339,F0306,30.2321,-97.7511,6.313,18.0372,3.08035772409193e-06,False
1340,F0206,30.1542,-97.782,14.0255,16.5006,2.817980383512352e-06,False
1341,F0207,30.1354,-97.6972,11.7169,16.7384,2.692734337198519e-06,False
1342,F0607,30.4071,-97.7032,3.5855,17.9275,1.963532563176333e-06,False
1343,F0306,30.2385,-97.7592,14.2898,16.8116,3.0909104934184522e-06,False
1344,F0207,30.1629,-97.7228,14.9328,16.5921,2.7551337837437503e-06,False
1345,F0408,30.2571,-97.6506,4.4636,17.8543,1.993290219841702e-06,False
1346,F0308,30.2119,-97.6778,13.13,17.5067,3.0625161279783744e-06,False
1347,F0407,30.277,-97.7291,11.3794,17.5067,2.8634016909687393e-06,False
1348,F0305,30.2338,-97.8379,6.9295,17.3238,2.1110018830450646e-06,False
1349,F0406,30.2424,-97.774,13.7273,17.1591,3.1222012083300147e-06,False
1350,F0404,30.2828,-97.8651,13.7127,17.1409,3.0678891638891945e-06,False
1351,F0408,30.2748,-97.66,8.5064,17.0128,1.98788759311725e-06,False
1352,F0409,30.2599,-97.6129,10.7729,16.5738,2.3999754308884206e-06,False
1353,F0509,30.3232,-97.6178,0.0,17.1043,,False
1354,F0306,30.2254,-97.7531,9.0095,18.0189,3.151265321370652e-06,False
1355,F0507,30.3186,-97.7079,6.2746,17.9275,2.4992248944726643e-06,False
1356,F0405,30.2491,-97.8381,8.3783,16.7567,1.912669266755735e-06,False
1357,F0307,30.2286,-97.6975,16.4274,16.4274,3.0090885152186714e-06,False
1358,F0404,30.2889,-97.8877,6.2554,17.8726,3.083001324724792e-06,False
1359,F0305,30.2253,-97.8043,9.5583,17.3787,2.014084064013344e-06,False
1360,F0406,30.2495,-97.7507,14.7563,17.3604,3.122276861187786e-06,False
1361,F0409,30.2736,-97.616,13.1712,16.464,2.4334516364203553e-06,False
1362,F0504,30.3554,-97.9657,0.0,17.2689,,False
1363,F0306,30.2331,-97.7521,13.5371,16.9213,3.0821630472348884e-06,False
1364,F0405,30.2715,-97.8178,10.6778,16.4274,2.011814779586429e-06,False
1365,F0409,30.2858,-97.547,12.9809,16.2262,2.468578772968656e-06,False
1366,F0405,30.2614,-97.8396,11.5632,16.5189,2.013698813118275e-06,False
1367,F0305,30.2347,-97.8096,4.4727,17.8909,1.9918353378319616e-06,False
1368,F0408,30.2843,-97.6681,10.2406,17.0677,1.9172403566739514e-06,False
1369,F0207,30.172,-97.7164,10.5918,17.6531,2.6685746162948627e-06,False
1370,F0406,30.2863,-97.7919,12.0242,17.1774,3.0072041631932486e-06,False
1371,F0406,30.2611,-97.7888,16.3359,16.3359,2.9676832414579044e-06,False
1372,F0305,30.2102,-97.8134,8.3418,16.6835,2.0792525947970736e-06,False
1373,F0404,30.2581,-97.9605,12.2931,17.5616,3.0619701692824924e-06,False
1374,F0507,30.3084,-97.7243,10.2626,17.1043,2.6142445910721807e-06,False
1375,F0204,30.1538,-97.8707,0.0,16.6286,,False
1376,F0304,30.231,-97.876,16.0405,16.8847,3.0701906058013478e-06,False
1377,F0406,30.2779,-97.7503,14.7024,16.3359,3.157175839127598e-06,False
1378,F0507,30.3107,-97.681,13.8444,17.3055,2.53384652191692e-06,False
1379,F0508,30.3024,-97.6721,12.9654,17.2872,2.9931812319740114e-06,False
1380,F0306,30.2288,-97.7924,8.9363,17.8726,3.0486590525355834e-06,False
1381,F0407,30.2957,-97.7211,12.8008,17.0677,2.9755747047299227e-06,False
1382,F0507,30.3524,-97.7045,11.8193,16.8847,2.587211479680997e-06,False
1383,F0405,30.2803,-97.8554,6.9807,17.4518,2.000061907930118e-06,False
1384,F0307,30.2315,-97.7297,11.4626,17.6348,3.0531749548714176e-06,False
1385,F0504,30.3141,-97.9714,0.0,16.2262,,False
1386,F0407,30.2624,-97.715,16.6103,16.6103,2.999324688281147e-06,False
1387,F0407,30.2546,-97.7228,4.5047,18.0189,2.850134600494001e-06,False
1388,F0207,30.1278,-97.6939,6.2618,17.8909,2.807554089435618e-06,False
1389,F0507,30.3151,-97.6822,7.985,17.7445,2.515818873842038e-06,False
1390,F0407,30.2842,-97.692,14.8011,16.4457,2.939698347382316e-06,False
1391,F0205,30.1239,-97.8382,7.9192,17.5982,2.5957115387515415e-06,False
1392,F0406,30.2581,-97.7602,15.7451,16.5738,3.167417595780213e-06,False
1393,F0407,30.2568,-97.6869,14.2743,16.7933,2.928322117618003e-06,False
1394,F0508,30.3121,-97.646,8.018,17.8177,3.0879798100455095e-06,False
1395,F0508,30.3388,-97.6659,13.9789,16.4457,2.982710353565066e-06,False
1396,F0507,30.3143,-97.7162,14.0255,16.5006,2.6339982718490005e-06,False
1397,F0208,30.1277,-97.6663,14.5386,17.1043,2.869531820907695e-06,False
1398,F0609,30.4892,-97.5601,0.0,16.8116,,False
1399,F0309,30.206,-97.6116,0.0,17.7994,,False
1400,F0209,30.1752,-97.6138,0.0,17.3055,,False
1401,F0405,30.27,-97.8139,6.8929,17.2323,1.982821376473512e-06,False
1402,F0509,30.3347,-97.6028,0.0,16.5738,,False
1403,F0308,30.1867,-97.6519,16.3359,16.3359,3.1082103709606263e-06,False
1404,F0406,30.2815,-97.7575,11.4626,17.6348,2.9845355131681762e-06,False
1405,F0407,30.2969,-97.7124,13.0203,17.3604,2.9912015103416016e-06,False
1406,F0207,30.1603,-97.7225,12.7459,16.9945,2.8069852855421327e-06,False
1407,F0305,30.2265,-97.8233,6.153,17.5799,2.027092437050506e-06,False
1408,F0505,30.3337,-97.8217,9.2665,16.8482,2.2372531247500413e-06,False
1409,F0504,30.3062,-97.8675,0.0,16.5006,,False
1410,F0205,30.1133,-97.8253,14.0566,16.5372,2.4741721637285897e-06,False
1411,F0405,30.2844,-97.8528,6.1081,17.4518,1.8876980521118861e-06,False
1412,F0409,30.2588,-97.5397,8.6527,17.3055,2.445497635870914e-06,False
1413,F0405,30.2673,-97.8551,5.2136,17.3787,1.8869999042298648e-06,False
1414,F0505,30.3177,-97.8054,9.2967,16.903,2.1292636878223565e-06,False
1415,F0207,30.1273,-97.7042,15.7103,16.5372,2.8044349870849216e-06,False
1416,F0405,30.2568,-97.846,8.671,17.3421,1.9678532969315027e-06,False
1417,F0407,30.2841,-97.6868,5.4112,18.0372,2.9314175540687845e-06,False
1418,F0504,30.3503,-97.9961,0.0,17.1957,,False
1419,F0606,30.374,-97.7771,15.4844,16.2994,3.0700571903318256e-06,False
1420,F0605,30.3727,-97.8048,0.0,17.525,,False
1421,F0407,30.2963,-97.6836,14.9493,16.6103,2.9616135783515937e-06,False
1422,F0604,30.407,-97.8676,0.0,16.775,,False
1423,F0308,30.2321,-97.6291,14.7517,16.3908,2.9838978397127145e-06,False
1424,F0506,30.3039,-97.7588,14.492,17.0494,2.9918461020706888e-06,False
1425,F0305,30.1829,-97.8283,7.9521,17.6714,2.0878627542613657e-06,False
1426,F0405,30.2986,-97.8475,7.6311,16.9579,1.9298109791428977e-06,False
1427,F0506,30.3389,-97.755,15.542,17.2689,2.963245584789638e-06,False
1428,F0306,30.215,-97.7929,15.3115,17.0128,3.152174893315704e-06,False
1429,F0609,30.3986,-97.5851,0.0,17.1043,,False
1430,F0208,30.1338,-97.6527,12.4166,16.5555,2.8023717973492737e-06,False
1431,F0406,30.2943,-97.7873,7.2661,18.1653,3.070761688498769e-06,False
1432,F0406,30.2902,-97.7912,15.1469,16.8299,3.1225652576465183e-06,False
1433,F0208,30.1723,-97.6608,6.2746,17.9275,2.740291046748216e-06,False
1434,F0405,30.2643,-97.8453,6.8198,17.0494,1.9257591739461395e-06,False
1435,F0208,30.1632,-97.6443,15.6582,16.4823,2.78586898748426e-06,False
1436,F0409,30.2888,-97.5827,10.1638,16.9396,2.468692662578896e-06,False
1437,F0208,30.0341,-97.6236,14.1499,16.6469,2.7795404614532418e-06,False
1438,F0406,30.2751,-97.7702,14.2276,16.7384,3.0241328262459367e-06,False
1439,F0607,30.3651,-97.7017,7.6311,16.9579,1.9634187843584094e-06,False
1440,F0407,30.2543,-97.6864,12.1907,17.4153,2.908930439199435e-06,False
1441,F0406,30.2654,-97.753,7.171,17.9275,3.031543481955395e-06,False
1442,F0308,30.2169,-97.6452,10.6357,17.7262,3.1295758520029398e-06,False
1443,F0304,30.2285,-97.8732,15.9884,16.8299,2.945704256950479e-06,False
1444,F0409,30.2447,-97.5712,12.4166,16.5555,2.4055375994243023e-06,False
1445,F0408,30.2981,-97.6755,8.2686,16.5372,1.909563182002889e-06,False
1446,F0404,30.2613,-97.9031,16.5189,16.5189,3.1259721245202945e-06,False
1447,F0405,30.2832,-97.8164,10.8324,16.6652,1.939237007294415e-06,False
1448,F0308,30.2121,-97.6525,9.8903,17.9823,3.1260918265248015e-06,False
1449,F0406,30.2776,-97.7427,12.3571,17.6531,3.0856418421013743e-06,False
1450,F0609,30.3604,-97.6037,0.0,18.0555,,False
1451,F0308,30.2169,-97.6359,15.4149,16.2262,2.995179185678293e-06,False
1452,F0507,30.3231,-97.7024,12.4029,16.5372,2.583573905979325e-06,False
1453,F0408,30.2643,-97.6645,4.4361,17.7445,2.0084945334718904e-06,False
1454,F0206,30.1229,-97.7826,7.1856,17.9641,2.741667656871907e-06,False
1455,F0207,30.1653,-97.6888,5.4167,18.0555,2.8246394126770473e-06,False
1456,F0206,30.1676,-97.7863,16.3542,16.3542,2.869090168350924e-06,False
1457,F0309,30.1981,-97.6089,0.0,17.4701,,False
1458,F0507,30.3277,-97.7359,11.9986,17.1409,2.5989678307308865e-06,False
1459,F0408,30.2838,-97.6458,9.8784,16.464,1.9230855716353303e-06,False
1460,F0507,30.3204,-97.731,12.6636,16.8847,2.5575493908905106e-06,False
1461,F0407,30.2797,-97.688,12.2245,16.2994,2.923814961048731e-06,False
1462,F0506,30.3424,-97.7828,13.698,17.1226,3.0428521199630127e-06,False
1463,F0505,30.31,-97.8372,6.2042,17.7262,2.0890263830307426e-06,False
1464,F0409,30.2996,-97.5683,7.9027,17.5616,2.4355649893127262e-06,False
1465,F0206,30.0759,-97.7641,12.5812,16.775,2.852613821270172e-06,False
1466,F0506,30.3174,-97.748,6.2938,17.9823,2.9478683347006494e-06,False
1467,F0506,30.3108,-97.7946,12.7733,17.0311,2.9825220855419327e-06,False
1468,F0407,30.2952,-97.703,8.8448,17.6897,2.9271045585051045e-06,False
1469,F0507,30.3531,-97.7281,12.9809,16.2262,2.5524035212112626e-06,False
1470,F0509,30.3159,-97.6194,0.0,16.9762,,False
1471,F0405,30.2729,-97.8163,6.6807,16.7018,1.9642949316869593e-06,False
1472,F0306,30.1983,-97.7969,13.742,17.1774,3.014545483514649e-06,False
1473,F0408,30.2946,-97.6656,6.5783,16.4457,1.9107614005448947e-06,False
1474,F0206,30.1278,-97.7726,12.6773,16.903,2.937810532857292e-06,False
1475,F0308,30.2082,-97.6219,11.8833,16.9762,3.011899040379973e-06,False
1476,F0409,30.2557,-97.6189,8.0427,17.8726,2.4297711426906374e-06,False
1477,F0506,30.3234,-97.7589,14.0877,16.5738,2.9667860775693547e-06,False
1478,F0504,30.3091,-97.8768,0.0,17.7079,,False
1479,F0205,30.1567,-97.8345,11.0821,17.0494,2.5082732315341968e-06,False
1480,F0506,30.3472,-97.7762,13.5517,16.9396,3.061491165738496e-06,False
1481,F0606,30.4135,-97.7841,15.5018,16.3177,3.0799993998774865e-06,False
1482,F0208,30.1056,-97.6409,15.7,16.9945,2.7898397648047895e-06,False
1483,F0605,30.3658,-97.8036,0.0,16.5189,,False
1484,F0407,30.2534,-97.6888,12.1267,17.3238,2.9518059140322113e-06,False
1485,F0406,30.2972,-97.7897,11.5339,17.7445,3.048968841438596e-06,False
1486,F0505,30.3471,-97.8254,7.9686,17.7079,2.0962429117880166e-06,False
1487,F0306,30.184,-97.7724,14.867,16.5189,3.134801095303118e-06,False
1488,F0507,30.3523,-97.713,8.8082,17.6165,2.631270903850712e-06,False
1489,F0308,30.2281,-97.6623,13.13,17.5067,3.012891171939416e-06,False
1490,F0307,30.2149,-97.7291,13.4639,16.8299,3.0420071599824075e-06,False
1491,F0506,30.3088,-97.7524,16.2079,16.2079,2.91475638163325e-06,False
1492,F0207,30.1518,-97.7117,14.181,16.6835,2.802175723591024e-06,False
1493,F0404,30.2969,-97.9491,14.4298,16.9762,3.0153565856974905e-06,False
1494,F0405,30.2756,-97.8183,7.5981,16.8847,1.942806901162548e-06,False
1495,F0507,30.3103,-97.7363,12.7047,16.9396,2.604747194169185e-06,False
1496,F0409,30.2407,-97.6168,3.5892,17.9458,2.322320419197403e-06,False
1497,F0407,30.2638,-97.7194,7.1564,17.8909,2.9864603542424938e-06,False
1498,F0307,30.2109,-97.7282,4.491,17.9641,2.9573725994472597e-06,False
1499,F0208,30.1488,-97.621,13.9478,16.4091,2.831612484392008e-06,False
1500,F0407,30.2484,-97.7219,12.1138,17.3055,2.89417526134186e-06,False
1501,F0507,30.3169,-97.6931,10.3943,17.3238,2.607354309476395e-06,False
1502,F0407,30.2444,-97.7088,8.8997,17.7994,2.860151610102385e-06,False
1503,F0509,30.3063,-97.5897,0.0,17.4518,,False
1504,F0508,30.3178,-97.6699,14.1188,16.6103,3.0143904281546723e-06,False
1505,F0406,30.2696,-97.7759,16.3725,16.3725,2.9854940033846394e-06,False
1506,F0306,30.227,-97.7545,14.7252,17.3238,3.1410619514809894e-06,False
1507,F0606,30.386,-97.7643,4.2852,17.1409,2.9727243651529476e-06,True
1508,F0306,30.2177,-97.7969,14.2743,16.7933,3.133324362157385e-06,False
1509,F0407,30.2477,-97.7315,12.8556,17.1409,2.8738244797121886e-06,False
1510,F0504,30.356,-97.9281,0.0,17.2689,,False
1511,F0305,30.2327,-97.8054,10.0211,16.7018,2.0482227294873513e-06,False
1512,F0504,30.3052,-97.9143,0.0,17.5982,,False
1513,F0207,30.1617,-97.7306,9.5784,17.4153,2.7042486788154615e-06,False
1514,F0406,30.282,-97.7478,14.6475,17.2323,3.05575673473697e-06,False
1515,F0506,30.3309,-97.7419,16.1347,16.1347,2.8881480607323656e-06,False
1516,F0406,30.2582,-97.7713,14.4453,16.9945,3.115745836167823e-06,False
1517,F0504,30.3429,-97.8664,0.0,16.2811,,False
1518,F0406,30.2424,-97.7418,15.0481,16.7201,3.109565740895998e-06,False
1519,F0406,30.2634,-97.7819,10.6467,17.7445,3.096048523756816e-06,False
1520,F0607,30.3729,-97.713,9.8784,16.464,1.9511347842418955e-06,False
1521,F0308,30.2021,-97.6398,12.938,17.2506,3.003207375887199e-06,False
1522,F0304,30.2058,-97.8986,8.0427,17.8726,2.8915996575835544e-06,False
1523,F0407,30.2475,-97.7269,14.8835,16.5372,2.9439784646559532e-06,False
1524,F0308,30.2016,-97.6443,7.2295,18.0738,3.0027480261358747e-06,False
1525,F0306,30.229,-97.7435,12.8419,17.1226,3.1488757710237795e-06,False
1526,F0408,30.2648,-97.6768,7.5158,16.7018,2.0044050976483952e-06,False
1527,F0305,30.2026,-97.8457,10.6303,16.3542,2.1010040256288148e-06,False
1528,F0606,30.4071,-97.7465,10.5479,17.5799,2.9371296763828613e-06,False
1529,F0508,30.3501,-97.6673,12.9105,17.214,2.961619463541851e-06,False
1530,F0407,30.2863,-97.6802,8.854,17.7079,2.845504927694644e-06,False
1531,F0405,30.25,-97.8118,8.1863,16.3725,2.01787274639784e-06,False
1532,F0206,30.0916,-97.7702,12.7322,16.9762,2.8572074358369976e-06,False
1533,F0306,30.2351,-97.7681,6.2234,17.7811,3.101554081795605e-06,False
1534,F0308,30.2196,-97.6294,14.3209,16.8482,2.995473696089387e-06,False
1535,F0307,30.2214,-97.7015,12.8831,17.1774,3.044711673698766e-06,False
1536,F0406,30.2795,-97.7532,5.4496,18.1653,3.007047251583851e-06,False
1537,F0606,30.3805,-97.7812,15.4844,16.2994,3.0009256669180406e-06,False
1538,F0409,30.2987,-97.5371,11.6272,16.6103,2.417212778307466e-06,False
1539,F0207,30.1571,-97.7166,8.0921,17.9823,2.7436688151710487e-06,False
1540,F0504,30.332,-97.937,0.0,17.214,,False
1541,F0309,30.2091,-97.5666,0.0,16.4091,,False
1542,F0507,30.3183,-97.6893,13.9167,16.3725,2.5598640219291855e-06,False
1543,F0606,30.4285,-97.7613,15.971,16.8116,3.062317700365736e-06,False
1544,F0607,30.3706,-97.6977,9.1961,16.7201,2.04705131342944e-06,False
1545,F0405,30.2624,-97.8012,10.0211,16.7018,1.9830584824177385e-06,False
1546,F0505,30.3035,-97.8539,9.2363,16.7933,2.227339786410682e-06,False
1547,F0206,30.1716,-97.7821,12.4989,16.6652,2.7866750090969e-06,False
1548,F0508,30.3247,-97.677,11.3318,17.4335,2.9300027501998624e-06,False
1549,F0408,30.2987,-97.6404,8.4149,16.8299,1.9976272636873093e-06,False
1550,F0608,30.3923,-97.6641,7.149,17.8726,2.557032219887778e-06,False
1551,F0507,30.3294,-97.7374,2.7248,18.1653,2.530644249072118e-06,False
1552,F0207,30.1473,-97.7201,15.1963,16.8847,2.747654284870172e-06,False
1553,F0606,30.4816,-97.7519,8.854,17.7079,2.9044334059214876e-06,False
1554,F0307,30.2281,-97.7102,16.6286,16.6286,3.159978530059012e-06,False
1555,F0206,30.1463,-97.7532,10.526,17.5433,2.8638326886132413e-06,False
1556,F0306,30.2064,-97.7487,14.3054,16.8299,3.174037171086542e-06,False
1557,F0504,30.3539,-97.8891,0.0,18.0189,,False
1558,F0306,30.2383,-97.7519,8.8265,17.6531,3.1188151396154267e-06,False
1559,F0506,30.3088,-97.7729,15.3627,16.1713,3.106316479869228e-06,False
1560,F0207,30.0613,-97.6861,9.84,17.8909,2.801820199335698e-06,False
1561,F0405,30.297,-97.8572,7.771,17.2689,1.9338402342837985e-06,False
1562,F0405,30.2685,-97.8013,9.1759,16.6835,1.9895097825670075e-06,False
1563,F0306,30.1845,-97.7643,14.3987,16.9396,3.060772670440069e-06,False
1564,F0308,30.1893,-97.6459,4.555,18.2202,2.915282208661694e-06,False
1565,F0504,30.3083,-97.8903,0.0,17.4884,,False
1566,F0506,30.3166,-97.7613,12.9517,17.2689,3.040172029389633e-06,False
1567,F0408,30.262,-97.6779,8.4058,16.8116,2.0087539734864467e-06,False
1568,F0608,30.3784,-97.666,10.8919,16.7567,2.606503077904769e-06,False
1569,F0508,30.3114,-97.6797,13.8444,17.3055,3.045386345014705e-06,False
1570,F0408,30.2602,-97.6401,8.5796,17.1591,1.9431438664456238e-06,False
1571,F0505,30.353,-97.8114,5.2849,17.6165,2.1170962326040797e-06,False
1572,F0309,30.2188,-97.4791,0.0,17.2689,,False
1573,F0409,30.2741,-97.6191,10.2516,17.086,2.372383121126577e-06,False
1574,F0206,30.1652,-97.7508,14.3365,16.8665,2.916499658648343e-06,False
1575,F0307,30.1903,-97.6981,16.2811,16.2811,2.9364450631221668e-06,False
1576,F0409,30.2837,-97.5696,8.7168,17.4335,2.477416761359903e-06,False
1577,F0207,30.1669,-97.6885,11.9986,17.1409,2.744122360324048e-06,False
1578,F0305,30.2242,-97.8029,10.0101,16.6835,2.0841022540170847e-06,False
1579,F0305,30.2233,-97.8309,8.6802,17.3604,2.0641552900967395e-06,False
1580,F0508,30.3332,-97.6384,11.0702,17.0311,2.930424453016924e-06,False
1581,F0607,30.4003,-97.7195,4.4453,17.7811,1.900586436703823e-06,False
1582,F0307,30.2359,-97.7259,10.5479,17.5799,3.0303216531842476e-06,False
1583,F0405,30.2797,-97.8428,6.8051,17.0128,1.909313438251914e-06,False
1584,F0206,30.1784,-97.771,13.5956,16.9945,2.819194198669503e-06,False
1585,F0408,30.2686,-97.6443,6.9441,17.3604,2.0085673795081546e-06,False
1586,F0506,30.3009,-97.7442,14.8011,16.4457,2.9545411979705927e-06,False
1587,F0407,30.2849,-97.7191,15.081,16.7567,2.911497669440258e-06,False
1588,F0208,30.1365,-97.6588,8.7991,17.5982,2.8242141988863014e-06,False
1589,F0506,30.3309,-97.7903,7.171,17.9275,2.9212618509317877e-06,False
1590,F0206,30.1402,-97.7935,9.6589,17.5616,2.8862168811832184e-06,False
1591,F0609,30.3612,-97.5606,0.0,16.2811,,False
1592,F0507,30.3238,-97.7052,15.0481,16.7201,2.6620814288825807e-06,False
1593,F0505,30.3368,-97.8436,12.1559,16.2079,2.1528034049362357e-06,False
1594,F0505,30.3413,-97.838,8.6345,17.2689,2.209016633856597e-06,False
1595,F0304,30.2136,-97.9192,12.6636,16.8847,3.0004945299928076e-06,False
1596,F0505,30.3344,-97.8311,10.1308,16.8847,2.2416605900413077e-06,False
1597,F0307,30.2324,-97.7181,13.6541,17.0677,3.006685462561418e-06,False
1598,F0204,30.1691,-97.8745,0.0,17.214,,False
1599,F0405,30.2567,-97.8121,8.2046,16.4091,1.9781583408147238e-06,False
1600,F0404,30.287,-97.8804,13.4932,16.8665,3.0834402001922944e-06,False
1601,F0504,30.345,-97.9159,0.0,17.214,,False
1602,F0506,30.3234,-97.7857,12.1395,17.3421,3.0691843553537983e-06,False
1603,F0306,30.238,-97.7807,12.6636,16.8847,3.0195324750425666e-06,False
1604,F0208,30.1762,-97.6784,11.1891,17.214,2.844236201886245e-06,False
1605,F0407,30.2802,-97.6833,16.6835,16.6835,2.9860906355809783e-06,False
1606,F0409,30.28,-97.6141,7.1271,17.8177,2.493588572644037e-06,False
1607,F0307,30.1903,-97.6907,14.6786,17.2689,3.076676735030382e-06,False
1608,F0206,30.0792,-97.7457,14.9164,16.5738,2.8291058637098843e-06,False
1609,F0407,30.2878,-97.7079,7.2003,18.0006,2.8448800937742544e-06,False
1610,F0509,30.3066,-97.5763,0.0,16.9396,,False
1611,F0505,30.3583,-97.8359,11.3967,16.2811,2.1261879487800064e-06,False
1612,F0404,30.2858,-97.8668,13.7859,17.2323,3.1111145365725595e-06,False
1613,F0608,30.3817,-97.6486,14.5048,16.1164,2.587568059982077e-06,False
1614,F0305,30.2374,-97.8038,6.9222,17.3055,2.011317551721807e-06,False
1615,F0408,30.2712,-97.6536,9.1156,16.5738,1.920255082188345e-06,False
1616,F0504,30.3298,-97.9086,0.0,16.6469,,False
1617,F0306,30.2363,-97.7539,15.6408,16.464,3.1386643275160082e-06,False
1618,F0208,30.1567,-97.6293,3.5892,17.9458,2.7603803610668488e-06,False
1619,F0404,30.2798,-97.9304,15.4103,17.1226,3.0107975790435e-06,False
1620,F0406,30.2721,-97.7752,12.8694,17.1591,3.0285976545500076e-06,False
1621,F0605,30.3693,-97.8281,0.0,16.7384,,False
1622,F0306,30.2256,-97.7749,14.2276,16.7384,3.170176188963984e-06,False
1623,F0607,30.3663,-97.7088,8.5521,17.1043,2.0168503099579453e-06,False
1624,F0506,30.3232,-97.7458,7.2149,18.0372,3.088760797493074e-06,False
1625,F0507,30.3538,-97.7361,14.041,16.5189,2.5770387414642324e-06,False
1626,F0507,30.3175,-97.6953,7.985,17.7445,2.661872302481543e-06,False
1627,F0504,30.3216,-97.8903,0.0,18.0555,,False
1628,F0309,30.1945,-97.5728,0.0,17.3787,,False
1629,F0304,30.1827,-97.9544,12.0882,17.2689,3.0806620522873864e-06,False
1630,F0407,30.2671,-97.7078,12.9517,17.2689,2.9414195262542287e-06,False
1631,F0306,30.2263,-97.758,14.0566,16.5372,3.120233405117876e-06,False
1632,F0204,30.1313,-97.914,0.0,17.4153,,False
1633,F0207,30.1085,-97.6949,8.0509,17.8909,2.7559685583388615e-06,False
1634,F0506,30.319,-97.7999,16.6835,16.6835,3.0455535469052893e-06,False
1635,F0406,30.2554,-97.7941,13.0066,17.3421,3.164664154516145e-06,False
1636,F0507,30.3449,-97.7197,2.7056,18.0372,2.480571133247043e-06,False
1637,F0506,30.3177,-97.7843,12.2931,17.5616,3.0724237745304142e-06,False
1638,F0508,30.3293,-97.6692,14.1343,16.6286,3.101776287180787e-06,False
1639,F0306,30.2071,-97.7998,9.8299,17.8726,3.06849362368234e-06,False
1640,F0505,30.3417,-97.8229,8.607,17.214,2.1086053264508846e-06,False
1641,F0308,30.2312,-97.6622,16.7933,16.7933,3.011799967219558e-06,False
1642,F0506,30.3562,-97.7997,11.4507,17.6165,3.1116694078408224e-06,False
1643,F0306,30.2249,-97.7632,16.4091,16.4091,3.099466444007041e-06,False
1644,F0304,30.24,-97.9209,12.1523,17.3604,3.051204149755269e-06,False
1645,F0406,30.2491,-97.7638,14.7517,16.3908,3.0416618955026137e-06,False
1646,F0207,30.1281,-97.7191,12.7733,17.0311,2.687377804385253e-06,False
1647,F0205,30.1757,-97.8234,10.5946,16.2994,2.4848596564539172e-06,False
1648,F0508,30.3142,-97.6648,13.7566,17.1957,3.0767097097938317e-06,False
1649,F0605,30.3682,-97.85,0.0,18.0372,,False
1650,F0404,30.291,-97.869,13.2297,16.5372,2.9927664390601007e-06,False
1651,F0406,30.2872,-97.7922,16.3908,16.3908,3.035579729676537e-06,False
1652,F0507,30.3264,-97.7206,4.5139,18.0555,2.6723917184231784e-06,False
1653,F0306,30.2033,-97.7495,11.3437,17.4518,3.0948073506941462e-06,False
1654,F0506,30.3408,-97.7474,9.9104,18.0189,2.9936477162293692e-06,False
1655,F0407,30.293,-97.6847,12.8419,17.1226,2.995285741476156e-06,False
1656,F0407,30.2765,-97.6945,16.6652,16.6652,2.8038847703438157e-06,False
1657,F0505,30.3063,-97.8413,5.3124,17.7079,2.1399118784239406e-06,False
1658,F0405,30.2992,-97.8414,10.7611,16.5555,2.0135032350596305e-06,False
1659,F0407,30.2961,-97.7096,11.2842,17.3604,2.910052080049472e-06,False
1660,F0307,30.2361,-97.7269,12.4084,17.7262,3.06668482088327e-06,False
1661,F0407,30.2923,-97.7275,7.2515,18.1287,2.8211291157662343e-06,False
1662,F0309,30.2104,-97.5503,0.0,16.903,,False
1663,F0507,30.336,-97.7396,13.8234,16.2628,2.6147832156522583e-06,False
1664,F0306,30.2007,-97.7776,15.8493,16.6835,3.1127712631802136e-06,False
1665,F0508,30.3046,-97.6228,14.4609,17.0128,2.9944440625012805e-06,False
1666,F0309,30.2249,-97.5929,0.0,16.6835,,False
1667,F0207,30.136,-97.7067,13.2883,16.6103,2.707735493743098e-06,False
1668,F0408,30.2881,-97.6716,6.1978,17.7079,2.012628505101703e-06,False
1669,F0606,30.3658,-97.78,13.0889,17.4518,3.0381841634458665e-06,False
1670,F0406,30.2615,-97.75,14.7719,17.3787,3.046790483388339e-06,False
1671,F0407,30.2418,-97.6909,14.2432,16.7567,2.9180913286809475e-06,False
1672,F0608,30.4557,-97.6608,7.8451,17.4335,2.6334107649234994e-06,False
1673,F0507,30.3056,-97.7306,12.1834,16.2445,2.5509685079991084e-06,False
1674,F0304,30.208,-97.8805,14.2587,16.775,2.9292998976888343e-06,False
1675,F0408,30.2603,-97.6658,9.0753,16.5006,1.9585381727685807e-06,False
1676,F0506,30.3345,-97.7847,13.8856,16.3359,3.1089843236885956e-06,False
1677,F0304,30.2346,-97.8736,14.0877,16.5738,3.06250251174854e-06,False
1678,F0209,30.1434,-97.6148,0.0,17.1043,,False
1679,F0508,30.3107,-97.6501,14.8505,16.5006,2.9576594088535083e-06,False
1680,F0607,30.4038,-97.7386,6.8929,17.2323,1.941911270004111e-06,False
1681,F0307,30.2388,-97.7274,13.3907,16.7384,3.073414756322361e-06,False
1682,F0307,30.2162,-97.6923,12.8008,17.0677,3.066097720759247e-06,False
1683,F0304,30.223,-97.9439,15.4323,16.2445,2.953922910432251e-06,False
1684,F0408,30.2562,-97.6298,9.2464,16.8116,1.9355591631810295e-06,False
1685,F0406,30.2594,-97.7421,9.8601,17.9275,3.1469983882992934e-06,False
1686,F0507,30.3094,-97.7128,12.595,16.7933,2.552740410818348e-06,False
1687,F0204,30.1242,-97.8711,0.0,16.6469,,False
1688,F0407,30.2856,-97.7,11.2842,17.3604,2.8270861509502976e-06,False
1689,F0306,30.2389,-97.7457,6.2682,17.9092,2.9652308653127572e-06,False
1690,F0506,30.3185,-97.7793,13.9478,16.4091,2.9942470787064585e-06,False
1691,F0508,30.3323,-97.6226,11.6766,17.9641,3.093318162958401e-06,False
1692,F0409,30.2695,-97.5685,10.6303,16.3542,2.397624620258386e-06,False
1693,F0208,30.1406,-97.6526,14.9822,16.6469,2.754102112723924e-06,False
1694,F0204,30.0975,-97.9284,0.0,16.8299,,False
1695,F0606,30.3815,-97.7868,12.9517,17.2689,2.9818763402885616e-06,False
1696,F0308,30.2276,-97.6765,16.775,16.775,2.9820492796257694e-06,False
1697,F0204,30.1751,-97.9274,0.0,17.5433,,False
1698,F0407,30.2968,-97.6878,12.1779,17.397,2.8491910111336265e-06,False
1699,F0505,30.323,-97.8548,6.9002,17.2506,2.1242407586283813e-06,False
1700,F0409,30.2588,-97.5792,8.7442,17.4884,2.3798375348217004e-06,False
1701,F0507,30.3469,-97.7396,12.787,17.0494,2.54409289178081e-06,False
1702,F0405,30.2806,-97.8077,8.4881,16.9762,1.9924870227371725e-06,False
1703,F0204,30.1656,-97.9145,0.0,17.7628,,False
1704,F0408,30.2756,-97.6607,3.5928,17.9641,1.9468698773673877e-06,False
1705,F0506,30.306,-97.7905,14.5853,17.1591,3.0950410971653268e-06,False
1706,F0407,30.2519,-97.6915,8.7899,17.5799,2.9063008335813826e-06,False
1707,F0407,30.2669,-97.7215,11.909,17.0128,2.862549111463643e-06,False
1708,F0308,30.2058,-97.6269,12.8968,17.1957,3.125797682911567e-06,False
1709,F0205,30.1637,-97.8255,11.5339,17.7445,2.542757897214433e-06,False
1710,F0408,30.2915,-97.6573,8.5155,17.0311,1.981102808651173e-06,False
1711,F0506,30.3288,-97.7868,7.2003,18.0006,2.969681054639745e-06,False
1712,F0506,30.3081,-97.7412,13.0614,17.4153,3.06066787373627e-06,False
1713,F0507,30.3443,-97.6874,12.7459,16.9945,2.675540242818875e-06,False
1714,F0308,30.2188,-97.6732,15.542,17.2689,3.120042422741654e-06,False
1715,F0307,30.2322,-97.7131,14.0099,16.4823,3.1388763688909994e-06,False
1716,F0307,30.2348,-97.7205,11.415,17.5616,3.1245610862450714e-06,False
1717,F0409,30.2613,-97.574,11.1416,17.1409,2.4667852694656094e-06,False
1718,F0307,30.1908,-97.7331,12.1138,17.3055,3.0229566412813406e-06,False
1719,F0509,30.3308,-97.5791,0.0,16.5738,,False
1720,F0404,30.2967,-97.9045,14.4764,17.0311,3.1053562941909873e-06,False
1721,F0309,30.1947,-97.614,0.0,16.7384,,False
1722,F0409,30.2928,-97.6164,2.6946,17.9641,2.4962843221114253e-06,False
1723,F0506,30.3156,-97.7591,15.5018,16.3177,2.9883071933270292e-06,False
1724,F0606,30.4362,-97.7564,14.5075,17.0677,2.9815331333400236e-06,False
1725,F0309,30.1939,-97.614,0.0,17.1043,,False
1726,F0205,30.1209,-97.8131,8.7991,17.5982,2.5237762038133986e-06,False
1727,F0506,30.3296,-97.784,13.0066,17.3421,3.04289858273291e-06,False
1728,F0404,30.2628,-97.8934,8.0674,17.9275,3.0762370773491622e-06,False
1729,F0507,30.3332,-97.6933,6.2874,17.9641,2.6229514228304424e-06,False
1730,F0306,30.1962,-97.7823,16.1448,16.9945,3.0735020239499743e-06,False
1731,F0509,30.3007,-97.554,0.0,16.775,,False
1732,F0407,30.2605,-97.7073,15.8146,16.6469,2.964899171776635e-06,False
1733,F0506,30.3306,-97.7913,12.2035,17.4335,2.9906220401806595e-06,False
1734,F0308,30.1996,-97.6678,11.7297,16.7567,3.055052447613869e-06,False
1735,F0304,30.2242,-97.8812,8.1661,18.147,3.035143738745882e-06,False
1736,F0408,30.2967,-97.6771,11.7809,16.8299,2.019866283871333e-06,False
1737,F0404,30.2737,-97.9021,10.4382,17.397,2.9595563746616707e-06,False
1738,F0405,30.2736,-97.8198,6.0825,17.3787,1.993578900933327e-06,False
1739,F0206,30.1698,-97.7962,14.9822,16.6469,2.794402924261651e-06,False
1740,F0406,30.2774,-97.7819,11.5339,17.7445,2.9995038094530487e-06,False
1741,F0407,30.2589,-97.7182,13.2736,16.5921,2.9742405584341097e-06,False
1742,F0406,30.2568,-97.7629,15.3774,17.086,3.057150184388656e-06,False
1743,F0307,30.1982,-97.7314,14.4609,17.0128,3.0055018615011167e-06,False
1744,F0507,30.3219,-97.7381,10.2955,17.1591,2.6485216382077595e-06,False
1745,F0307,30.1814,-97.7046,14.3366,16.8665,2.9954426546391474e-06,False
1746,F0407,30.287,-97.6831,14.867,16.5189,2.9363703590808604e-06,False
1747,F0607,30.3775,-97.7313,9.8016,16.3359,1.9502728360396495e-06,False
1748,F0406,30.271,-97.7959,14.4142,16.9579,3.1646606011001067e-06,False
1749,F0309,30.2296,-97.597,0.0,17.0494,,False
1750,F0306,30.2282,-97.757,14.663,17.2506,3.04397762275119e-06,False
1751,F0206,30.1469,-97.7909,13.87,16.3177,2.9341631279357838e-06,False
1752,F0506,30.3288,-97.7681,14.492,17.0494,3.0056273232392154e-06,False
1753,F0204,30.1489,-97.8604,0.0,17.4153,,False
1754,F0406,30.2704,-97.7559,15.5585,17.2872,3.004655299863052e-06,False
1755,F0609,30.3885,-97.5947,0.0,17.2689,,False
1756,F0507,30.3266,-97.7211,12.9654,17.2872,2.6677736921866183e-06,False
1757,F0505,30.3573,-97.8501,12.9809,16.2262,2.2265531646821664e-06,False
1758,F0407,30.2795,-97.7098,14.0721,16.5555,2.948701369414152e-06,False
1759,F0608,30.3748,-97.66,11.7681,16.8116,2.529218218992046e-06,False
1760,F0408,30.2512,-97.6795,8.1863,16.3725,1.932540475141409e-06,False
1761,F0407,30.2424,-97.6843,8.8906,17.7811,2.922525549272663e-06,False
1762,F0206,30.144,-97.7926,5.3782,17.9275,2.7554170590593085e-06,False
1763,F0306,30.2267,-97.7928,13.8005,17.2506,3.099141138193423e-06,False
1764,F0308,30.2295,-97.6394,14.867,16.5189,2.998996076642284e-06,False
1765,F0607,30.3702,-97.7019,8.2777,16.5555,2.0240051892185613e-06,False
1766,F0405,30.2712,-97.8378,2.6644,17.7628,1.8679516263056978e-06,False
1767,F0207,30.1533,-97.7016,10.4711,17.4518,2.6670195197840842e-06,False
1768,F0409,30.2744,-97.6081,10.1089,16.8482,2.4301793815895676e-06,False
1769,F0609,30.4351,-97.618,0.0,16.6103,,False
1770,F0207,30.115,-97.6832,13.3175,16.6469,2.7752214201637928e-06,False
1771,F0405,30.2559,-97.8515,1.8092,18.0921,1.8369029825956083e-06,False
1772,F0507,30.3572,-97.701,11.9474,17.0677,2.534794826931512e-06,False
1773,F0407,30.2892,-97.7048,9.7494,17.7262,2.87709798503608e-06,False
1774,F0308,30.2237,-97.6382,15.4103,17.1226,3.064663013801057e-06,False
1775,F0504,30.3005,-97.8722,0.0,17.3055,,False
1776,F0309,30.1852,-97.6173,0.0,16.5372,,False
1777,F0307,30.2205,-97.7122,13.9789,16.4457,3.0970433495684156e-06,False
1778,F0606,30.368,-97.7723,5.3673,17.8909,3.1023062263197993e-06,False
1779,F0405,30.2723,-97.8101,8.6345,17.2689,1.956531354573432e-06,False
1780,F0407,30.2727,-97.7165,14.7188,16.3542,2.864095978744475e-06,False
1781,F0508,30.342,-97.6342,14.1343,16.6286,2.974986560464726e-06,False
1782,F0209,30.1596,-97.5966,0.0,17.3238,,False
1783,F0306,30.2229,-97.758,11.4269,17.5799,3.0946429938753827e-06,False
1784,F0304,30.2048,-97.8955,14.492,17.0494,3.070287003425565e-06,False
1785,F0506,30.3255,-97.7616,13.5371,16.9213,2.9616645446437477e-06,False
1786,F0307,30.2191,-97.7297,9.8702,17.9458,3.080852006342625e-06,False
1787,F0304,30.187,-97.8956,15.6756,16.5006,2.9337823811505822e-06,False
1788,F0308,30.1817,-97.6424,12.938,17.2506,2.9858776233771417e-06,False
1789,F0204,30.1709,-97.9289,0.0,16.3359,,False
1790,F0405,30.2434,-97.8162,9.1156,16.5738,2.0208276911468467e-06,False
1791,F0209,30.1146,-97.5283,0.0,16.5738,,False
1792,F0508,30.3125,-97.6741,11.3675,17.4884,3.069062305086472e-06,False
1793,F0505,30.3268,-97.8132,9.508,17.2872,2.220264908696964e-06,False
1794,F0607,30.3878,-97.7312,9.0753,16.5006,1.9780595561772103e-06,False
1795,F0604,30.4204,-97.8723,0.0,18.0555,,False
1796,F0509,30.355,-97.6115,0.0,17.6348,,False
1797,F0604,30.4043,-97.923,0.0,17.2689,,False
1798,F0407,30.2851,-97.7072,16.5555,16.5555,2.832380687672252e-06,False
1799,F0507,30.3259,-97.7141,11.3967,16.2811,2.5352129090823613e-06,False
1800,F0206,30.1345,-97.782,11.1653,17.1774,2.7959512404857566e-06,False
1801,F0206,30.1205,-97.7808,4.5596,18.2385,2.7533026689665827e-06,False
1802,F0308,30.2384,-97.6393,12.8008,17.0677,3.0116754429368133e-06,False
1803,F0207,30.1353,-97.7335,15.5887,16.4091,2.7943286045568417e-06,False
1804,F0407,30.2504,-97.7022,9.7293,17.6897,2.9083628396352836e-06,False
1805,F0407,30.2609,-97.7249,15.5456,16.4823,2.9799776622694326e-06,False
1806,F0307,30.191,-97.721,14.3676,16.903,2.998257167344319e-06,False
1807,F0307,30.1996,-97.7095,11.201,17.2323,3.0108358690256334e-06,False
1808,F0306,30.2099,-97.7691,15.7972,16.6286,3.164272945244801e-06,False
1809,F0404,30.2626,-97.9222,15.1469,16.8299,3.1288775168101938e-06,False
1810,F0207,30.134,-97.6841,11.973,17.1043,2.6874238946946377e-06,False
1811,F0308,30.1864,-97.6713,12.2675,17.525,3.017941063712879e-06,False
1812,F0306,30.2009,-97.7778,17.0494,17.0494,3.171984741787029e-06,False
1813,F0508,30.3094,-97.6537,16.2994,16.2994,2.970950569017956e-06,False
1814,F0509,30.3481,-97.6187,0.0,17.2872,,False
1815,F0408,30.2991,-97.6597,9.0552,16.464,2.016612619357067e-06,False
1816,F0507,30.3013,-97.7359,8.6619,17.3238,2.5842256701602535e-06,False
1817,F0407,30.2803,-97.721,13.5224,16.903,2.9141050966024747e-06,False
1818,F0206,30.1303,-97.7912,14.867,16.5189,2.938687802695188e-06,False
1819,F0408,30.269,-97.6322,3.5709,17.8543,2.0040023670104808e-06,False
1820,F0508,30.3216,-97.646,14.8999,16.5555,3.059165247945101e-06,False
1821,F0407,30.281,-97.7043,9.7092,17.6531,2.958190244537105e-06,False
1822,F0305,30.2339,-97.8451,0.9055,18.1104,1.934981794270583e-06,False
1823,F0205,30.1466,-97.8443,11.1416,17.1409,2.472985700319245e-06,False
1824,F0605,30.3832,-97.8265,0.0,16.6469,,False
1825,F0506,30.3358,-97.7709,12.8282,17.1043,3.0294846917625567e-06,False
1826,F0306,30.2181,-97.7505,11.3556,17.4701,3.1656667027862818e-06,False
1827,F0509,30.3103,-97.6198,0.0,18.1104,,False
1828,F0605,30.3682,-97.858,0.0,17.1226,,False
1829,F0308,30.1923,-97.669,15.8493,16.6835,3.0220976237614367e-06,False
1830,F0409,30.2524,-97.5888,10.6028,17.6714,2.4562748745377277e-06,False
1831,F0404,30.2587,-97.8778,11.5696,17.7994,3.074731364322963e-06,False
1832,F0606,30.3888,-97.7534,11.9602,17.086,3.037670539749788e-06,False
1833,F0408,30.2672,-97.6496,6.8563,17.1409,1.9201792407889273e-06,False
1834,F0207,30.1763,-97.7087,12.444,16.5921,2.7365276950100257e-06,False
1835,F0607,30.3631,-97.7381,7.5487,16.775,1.9389103606824753e-06,False
1836,F0308,30.2005,-97.6385,6.3258,18.0738,3.0389367276095763e-06,False
1837,F0309,30.2144,-97.5596,0.0,16.2628,,False
1838,F0604,30.3656,-97.8612,0.0,18.2019,,False
1839,F0405,30.2883,-97.83,6.9149,17.2872,1.98104954605276e-06,False
1840,F0505,30.3286,-97.8141,3.5709,17.8543,2.1001129127571914e-06,False
1841,F0505,30.3538,-97.8451,12.1559,16.2079,2.163703405480617e-06,False
1842,F0508,30.3537,-97.6788,14.7097,17.3055,3.024686016652722e-06,False
1843,F0208,30.1286,-97.6568,13.4932,16.8665,2.8612193215719293e-06,False
1844,F0308,30.2241,-97.6562,14.4453,16.9945,3.069187422702948e-06,False
1845,F0407,30.2628,-97.7137,13.0889,17.4518,2.9767956479673176e-06,False
1846,F0207,30.1415,-97.7005,8.7534,17.5067,2.720299962192537e-06,False
1847,F0508,30.3021,-97.6603,11.3675,17.4884,3.02002370166263e-06,False
1848,F0407,30.2545,-97.7257,10.3723,17.2872,2.9071154477236917e-06,False
1849,F0404,30.2773,-98.0397,14.1499,16.6469,2.985469526678848e-06,False
1850,F0408,30.2988,-97.6541,3.5818,17.9092,2.0280881866815916e-06,False
1851,F0405,30.253,-97.824,9.2262,16.775,1.991764802935123e-06,False
1852,F0405,30.2871,-97.8551,3.5672,17.836,1.9455046071736686e-06,False
1853,F0208,30.1472,-97.626,12.8694,17.1591,2.865030277011767e-06,False
1854,F0207,30.0365,-97.735,11.6657,16.6652,2.746721408405063e-06,False
1855,F0305,30.2025,-97.8369,9.6589,16.0981,2.101446751236576e-06,False
1856,F0406,30.296,-97.7737,13.2883,16.6103,3.0384801239955947e-06,False
1857,F0306,30.2084,-97.7974,12.0754,17.2506,3.1393338912149405e-06,False
1858,F0307,30.2117,-97.7081,6.3066,18.0189,3.1126861585735834e-06,False
1859,F0507,30.3408,-97.6867,14.0721,16.5555,2.539493834407148e-06,False
1860,F0406,30.2536,-97.7522,14.6694,16.2994,3.0951575453957525e-06,False
1861,F0505,30.3264,-97.8016,10.1089,16.8482,2.192272847685074e-06,False
1862,F0405,30.2832,-97.8571,4.4453,17.7811,1.9826785154640925e-06,False
1863,F0406,30.2971,-97.7744,15.7277,16.5555,3.063900768797545e-06,False
1864,F0607,30.429,-97.6994,11.512,16.4457,1.957330992361349e-06,False
1865,F0404,30.2464,-98.0018,8.8814,17.7628,3.0662532158004063e-06,False
1866,F0307,30.1962,-97.7396,13.2005,16.5006,3.0554168563090914e-06,False
1867,F0206,30.1284,-97.7467,10.7455,17.9092,2.9095236567869547e-06,False
1868,F0507,30.3599,-97.7029,10.3504,17.2506,2.526681534873617e-06,False
1869,F0306,30.2281,-97.7589,12.3315,17.6165,3.0019966303388107e-06,False
1870,F0207,30.1701,-97.736,9.7092,17.6531,2.779525648169206e-06,False
1871,F0208,30.1612,-97.6561,13.8234,16.2628,2.8343349323088098e-06,False
1872,F0408,30.2872,-97.6395,9.1458,16.6286,1.9998064238659836e-06,False
1873,F0505,30.3368,-97.818,7.8122,17.3604,2.118229692684031e-06,False
1874,F0607,30.4247,-97.7037,4.4864,17.9458,1.951153469455374e-06,False
1875,F0606,30.3624,-97.7519,16.6469,16.6469,3.0745857840020797e-06,False
1876,F0609,30.3722,-97.5919,0.0,17.9458,,False
1877,F0306,30.2093,-97.7464,15.7798,16.6103,3.0979952959664402e-06,False
1878,F0406,30.2692,-97.7821,12.2675,17.525,3.125503205958708e-06,False
1879,F0509,30.3517,-97.4622,0.0,16.0615,,False
1880,F0209,30.1006,-97.5231,0.0,16.4091,,False
1881,F0406,30.2613,-97.7933,16.3908,16.3908,2.799598967018614e-06,False
1882,F0405,30.2957,-97.8168,5.241,17.4701,1.8782587273511462e-06,False
1883,F0507,30.3269,-97.7085,13.0834,16.3542,2.634793214959823e-06,False
1884,F0405,30.2928,-97.8218,4.4407,17.7628,1.971389699176444e-06,False
1885,F0605,30.3906,-97.8058,0.0,16.5921,,False
1886,F0206,30.1586,-97.7859,10.504,17.5067,2.8623968002137404e-06,False
1887,F0306,30.1966,-97.7981,15.2127,16.903,3.1020271832054734e-06,False
1888,F0404,30.2407,-97.8924,16.4457,16.4457,3.002648583137063e-06,False
1889,F0309,30.1819,-97.596,0.0,16.6469,,False
1890,F0408,30.2423,-97.6423,10.0979,16.8299,1.9499729571887588e-06,False
1891,F0604,30.436,-97.9179,0.0,16.3177,,False
1892,F0405,30.2409,-97.8058,7.7545,17.2323,1.9363499467848033e-06,False
1893,F0404,30.2551,-98.0802,16.4091,16.4091,2.9416201149025405e-06,False
1894,F0306,30.2335,-97.7476,13.5371,16.9213,3.0762105854311957e-06,False
1895,F0206,30.1492,-97.757,12.0626,17.2323,2.775113950778202e-06,False
1896,F0407,30.2494,-97.7331,11.1653,17.1774,2.834281208295155e-06,False
1897,F0505,30.3079,-97.8033,6.9881,17.4701,2.1006483258825123e-06,False
1898,F0306,30.2182,-97.7532,13.4639,16.8299,3.067173794606625e-06,False
1899,F0307,30.2291,-97.6938,12.2547,17.5067,3.013474569148715e-06,False
1900,F0306,30.1977,-97.7499,10.6028,17.6714,3.1609420700676974e-06,False
1901,F0208,30.1273,-97.6797,12.6361,16.8482,2.813434421822925e-06,False
1902,F0408,30.2557,-97.6425,9.9991,16.6652,1.919151684036635e-06,False
1903,F0309,30.2398,-97.5509,0.0,16.5921,,False
1904,F0309,30.1871,-97.6162,0.0,17.0494,,False
1905,F0205,30.103,-97.8223,9.518,17.3055,2.561177513150451e-06,False
1906,F0507,30.32,-97.7294,10.3943,17.3238,2.5911884838670124e-06,False
1907,F0406,30.2409,-97.7847,11.5577,17.7811,3.07800131835409e-06,False
1908,F0208,30.142,-97.6613,13.6249,17.0311,2.781723911083868e-06,False
1909,F0306,30.226,-97.7917,8.0262,17.836,3.0573476649000102e-06,False
1910,F0509,30.3001,-97.5563,0.0,16.8299,,False
1911,F0408,30.294,-97.6527,11.4736,16.3908,2.0020873507779633e-06,False
1912,F0209,30.1131,-97.5534,0.0,17.1226,,False
1913,F0406,30.2954,-97.7662,15.0481,16.7201,3.107646237965358e-06,False
1914,F0306,30.1887,-97.7827,11.415,17.5616,3.040324105071433e-06,False
1915,F0407,30.2744,-97.7177,10.5809,17.6348,2.8202557945391994e-06,False
1916,F0504,30.3052,-97.8848,0.0,17.0677,,False
1917,F0308,30.2207,-97.6653,15.9362,16.775,3.0930649073519464e-06,False
1918,F0206,30.1423,-97.7834,10.3943,17.3238,2.85365434097559e-06,False
1919,F0306,30.2248,-97.7426,16.4457,16.4457,3.118030480354873e-06,False
1920,F0407,30.2975,-97.7336,14.1188,16.6103,2.9252400094807583e-06,False
1921,F0609,30.3963,-97.5255,0.0,17.8909,,False
1922,F0306,30.187,-97.747,12.2163,17.4518,3.054991752191792e-06,False
1923,F0304,30.2147,-97.8761,15.6929,16.5189,3.0337354637734426e-06,False
1924,F0505,30.3073,-97.8182,9.8712,16.8482,2.205222115410615e-06,False
1925,F0305,30.2031,-97.8405,11.5632,16.5189,2.1361317788289323e-06,False
1926,F0507,30.3435,-97.7077,14.8505,16.5006,2.6212454073698007e-06,False
1927,F0308,30.2181,-97.6314,13.2736,16.5921,3.0248317477638063e-06,False
1928,F0305,30.234,-97.83,9.1961,16.7201,2.111743345873049e-06,False
1929,F0506,30.342,-97.7676,14.867,16.5189,2.9781019287315118e-06,False
1930,F0508,30.3199,-97.6768,10.526,17.5433,3.052916005348474e-06,False
1931,F0506,30.3054,-97.7613,9.8199,17.8543,3.017550335661606e-06,False
1932,F0406,30.2485,-97.7859,8.0344,17.8543,3.1263148812266534e-06,False
1933,F0508,30.3439,-97.6659,12.9517,17.2689,3.063595343503995e-06,False
1934,F0308,30.1914,-97.6476,13.9176,17.397,3.1111107134451166e-06,False
1935,F0308,30.2251,-97.6614,5.4002,18.0006,3.1015356398102125e-06,False
1936,F0507,30.3199,-97.7002,10.8205,16.6469,2.525783324362345e-06,False
1937,F0206,30.0569,-97.7407,11.094,17.0677,2.835141290100722e-06,False
1938,F0309,30.2165,-97.5442,0.0,17.6348,,False
1939,F0407,30.2745,-97.7357,15.5191,16.3359,2.9351079862398755e-06,False
1940,F0306,30.2308,-97.792,10.7345,17.8909,3.158883211455441e-06,False
1941,F0606,30.4094,-97.7914,15.1633,16.8482,2.992132564376876e-06,False
1942,F0408,30.2588,-97.6665,9.1156,16.5738,1.9998811720449775e-06,False
1943,F0304,30.1962,-97.9219,15.2457,16.9396,2.973929045501568e-06,False
1944,F0406,30.2886,-97.7594,12.8556,17.1409,3.150120710381288e-06,False
1945,F0208,30.1708,-97.6708,2.6946,17.9641,2.6235186560140636e-06,False
1946,F0308,30.2372,-97.6504,15.606,16.4274,3.053909101725661e-06,False
1947,F0405,30.2452,-97.8371,9.015,16.3908,2.0010064143054034e-06,False
1948,F0206,30.1246,-97.756,12.9654,17.2872,2.922723632202008e-06,False
1949,F0205,30.142,-97.8238,10.5918,17.6531,2.4554144242341496e-06,False
1950,F0309,30.2248,-97.5816,0.0,17.1774,,False
1951,F0508,30.3336,-97.6621,13.1026,17.4701,2.962984572830508e-06,False
1952,F0404,30.2825,-97.8947,12.7733,17.0311,3.100668644345669e-06,False
1953,F0508,30.3494,-97.6586,13.1026,17.4701,3.1065431303903333e-06,False
1954,F0406,30.2642,-97.7538,11.2248,17.2689,3.1639430341436097e-06,False
1955,F0407,30.286,-97.7233,13.6102,17.0128,2.9700941314635766e-06,False
1956,F0504,30.3262,-97.8693,0.0,17.7994,,False
1957,F0505,30.3536,-97.8365,5.3728,17.9092,2.2202559697498067e-06,False
1958,F0305,30.1975,-97.8065,7.4829,16.6286,2.126546758511533e-06,False
1959,F0306,30.2091,-97.7834,13.9478,16.4091,3.0978405514444344e-06,False
1960,F0607,30.3978,-97.7063,7.5817,16.8482,1.9473793388199317e-06,False
1961,F0207,30.0302,-97.7042,12.2108,16.2811,2.709943251877014e-06,False
1962,F0507,30.3595,-97.7308,10.2845,17.1409,2.5755869631245704e-06,False
1963,F0605,30.4019,-97.8412,0.0,16.2628,,False
1964,F0605,30.3854,-97.8059,0.0,16.6652,,False
1965,F0406,30.2816,-97.7623,16.4091,16.4091,3.0980542238519878e-06,False
1966,F0509,30.3406,-97.6127,0.0,16.3725,,False
1967,F0507,30.319,-97.7316,13.2005,16.5006,2.6157702580862236e-06,False
1968,F0306,30.1925,-97.77,4.2989,17.1957,3.080551244184208e-06,True
1969,F0605,30.3845,-97.8326,0.0,17.8543,,False
1970,F0508,30.3102,-97.6742,13.1026,17.4701,2.981716864907839e-06,False
1971,F0506,30.308,-97.7929,8.0921,17.9823,3.112342955480997e-06,False
1972,F0308,30.1905,-97.67,15.0316,16.7018,2.9813156417944576e-06,False
1973,F0206,30.1491,-97.7812,9.5381,17.3421,2.771228931234285e-06,False
1974,F0207,30.172,-97.7204,7.171,17.9275,2.778254574110049e-06,False
1975,F0307,30.2245,-97.7211,16.903,16.903,3.08746909796683e-06,False
1976,F0504,30.3022,-97.868,0.0,17.0677,,False
1977,F0207,30.1624,-97.7229,9.6186,17.4884,2.752224174480184e-06,False
1978,F0605,30.3629,-97.8077,0.0,17.7445,,False
1979,F0307,30.2329,-97.7058,13.0889,17.4518,3.043004099861636e-06,False
1980,F0504,30.3576,-97.9294,0.0,16.6469,,False
1981,F0407,30.2812,-97.7242,12.5538,16.7384,2.8927786568338067e-06,False
1982,F0206,30.1645,-97.7925,11.1891,17.214,2.8297859523364528e-06,False
1983,F0508,30.3515,-97.6453,16.1347,16.1347,2.7647279759748463e-06,False
1984,F0607,30.3698,-97.7083,7.5899,16.8665,1.927084531778682e-06,False
1985,F0407,30.2958,-97.7043,12.1907,17.4153,2.897285589523448e-06,False
1986,F0607,30.4369,-97.6825,8.2503,16.5006,1.966468367032415e-06,False
1987,F0505,30.3594,-97.8195,9.3772,17.0494,2.163678367796411e-06,False
1988,F0407,30.28,-97.7384,14.3054,16.8299,2.877824440248458e-06,False
1989,F0507,30.3205,-97.7096,11.3437,17.4518,2.676913988339873e-06,False
1990,F0206,30.1439,-97.7581,15.606,16.4274,2.804792182131886e-06,False
1991,F0208,30.137,-97.6456,9.4979,17.2689,2.8015110716709477e-06,False
1992,F0409,30.2797,-97.5947,12.3206,16.4274,2.5020041851934354e-06,False
1993,F0606,30.3811,-97.7705,13.5956,16.9945,2.9520429316364036e-06,False
1994,F0406,30.2679,-97.7622,15.832,16.6652,3.0695347747454493e-06,False
1995,F0608,30.3706,-97.6281,13.5956,16.9945,2.625489479694918e-06,False
1996,F0205,30.1064,-97.8469,10.7373,16.5189,2.4579425435556084e-06,False
1997,F0506,30.3238,-97.7527,14.2121,16.7201,3.0631851115223233e-06,False
1998,F0407,30.2458,-97.707,13.3615,16.7018,2.930332492172508e-06,False
1999,F0408,30.2996,-97.6335,6.9807,17.4518,1.9811830062492743e-06,False
2000,F0408,30.2849,-97.6794,4.4453,17.7811,1.8963804829579963e-06,False
2001,F0404,30.2803,-97.8633,12.7733,17.0311,2.966390054452047e-06,False
2002,F0606,30.4594,-97.7796,13.13,17.5067,3.0579720629247904e-06,False
2003,F0405,30.2841,-97.8329,9.0653,16.4823,1.9458408032427605e-06,False
2004,F0407,30.2824,-97.7371,16.775,16.775,2.8037739700535134e-06,False
2005,F0405,30.2719,-97.8335,8.2686,16.5372,1.968540610884955e-06,False
2006,F0506,30.3526,-97.7999,15.7103,16.5372,2.9792690042502714e-06,False
2007,F0408,30.287,-97.6347,7.0612,17.6531,1.9919388110780734e-06,False
2008,F0505,30.3322,-97.809,8.7351,17.4701,2.1840029112953145e-06,False
2009,F0604,30.5272,-97.87,0.0,16.7384,,False
2010,F0209,30.1531,-97.5947,0.0,17.5433,,False
2011,F0407,30.2985,-97.68,13.8856,16.3359,2.955747380513246e-06,False
2012,F0408,30.2703,-97.6479,4.4544,17.8177,1.9973379320366302e-06,False
2013,F0404,30.2468,-97.9042,12.7459,16.9945,2.9942643509953636e-06,False
2014,F0507,30.3408,-97.6952,12.6773,16.903,2.6116248345472136e-06,False
2015,F0608,30.438,-97.6686,11.8449,16.9213,2.5965255095775856e-06,False
2016,F0508,30.3409,-97.6798,9.7494,17.7262,2.9823356447163048e-06,False
2017,F0609,30.3854,-97.584,0.0,16.775,,False
2018,F0306,30.1872,-97.7939,12.4212,17.7445,3.1296221576399854e-06,False
2019,F0508,30.3223,-97.6758,16.153,16.153,2.8954506304973188e-06,False
2020,F0407,30.258,-97.739,12.0626,17.2323,2.849916723835378e-06,False
2021,F0306,30.2362,-97.7459,11.6291,17.8909,3.054865646283714e-06,False
2022,F0505,30.3522,-97.8477,9.8564,16.4274,2.1695449619733333e-06,False
2023,F0404,30.2816,-97.8717,15.3774,17.086,3.0564343877162464e-06,False
2024,F0404,30.2413,-97.8846,14.1032,16.5921,3.038634635895953e-06,False
2025,F0308,30.2072,-97.6553,15.8841,16.7201,3.0919711344168756e-06,False
2026,F0207,30.1411,-97.7289,10.0869,16.8116,2.7370027782777005e-06,False
2027,F0507,30.3392,-97.6872,9.6287,17.5067,2.593602949273904e-06,False
2028,F0304,30.1844,-97.8689,13.7859,17.2323,3.070432267431359e-06,False
2029,F0407,30.275,-97.708,9.85,17.9092,2.859831654132111e-06,False
2030,F0507,30.3265,-97.7224,10.2516,17.086,2.643878077650258e-06,False
2031,F0306,30.1832,-97.7617,12.9791,17.3055,3.112888706359378e-06,False
2032,F0306,30.1927,-97.7409,5.4221,18.0738,2.9952717568285282e-06,False
2033,F0506,30.3091,-97.7795,11.4626,17.6348,2.993410156610244e-06,False
2034,F0204,30.1782,-97.8659,0.0,17.0494,,False
2035,F0408,30.2709,-97.6632,8.7442,17.4884,1.998945405703569e-06,False
2036,F0307,30.1884,-97.7173,14.4609,17.0128,3.0313568726203683e-06,False
2037,F0506,30.3219,-97.7985,12.7733,17.0311,3.013357385884253e-06,False
2038,F0405,30.2544,-97.8574,4.4499,17.7994,1.9820856724082637e-06,False
2039,F0408,30.2885,-97.6333,8.9747,16.3177,1.969976200870622e-06,False
2040,F0407,30.2757,-97.737,4.491,17.9641,2.8372315209357373e-06,False
2041,F0507,30.3484,-97.7048,8.0262,17.836,2.6448461609361834e-06,False
2042,F0405,30.2896,-97.851,6.9368,17.3421,2.007082883639801e-06,False
2043,F0506,30.35,-97.7857,8.8265,17.6531,3.0978332473517603e-06,False
2044,F0407,30.2772,-97.7286,12.3617,16.4823,2.8446759255358676e-06,False
2045,F0408,30.288,-97.67,8.9747,16.3177,1.927777170461426e-06,False
2046,F0408,30.289,-97.6636,6.9954,17.4884,1.9567826040232727e-06,False
2047,F0306,30.2212,-97.7844,14.9822,16.6469,3.0563756050691344e-06,False
2048,F0505,30.3577,-97.8585,12.4852,16.6469,2.1319495719580894e-06,False
2049,F0508,30.3575,-97.647,11.4983,17.6897,2.940155665737254e-06,False
2050,F0509,30.3014,-97.5863,0.0,16.5006,,False
2051,F0309,30.2142,-97.5694,0.0,16.9579,,False
2052,F0607,30.3734,-97.7102,7.4829,16.6286,1.9192955101556656e-06,False
2053,F0405,30.2854,-97.8598,8.2503,16.5006,1.9900285371103507e-06,False
2054,F0408,30.2642,-97.6792,7.557,16.7933,1.9082287768423217e-06,False
2055,F0307,30.2344,-97.7078,16.464,16.464,2.984832856234754e-06,False
2056,F0407,30.2751,-97.6964,10.6028,17.6714,2.900611254405276e-06,False
2057,F0607,30.4155,-97.7224,8.4149,16.8299,1.9232551583525716e-06,False
2058,F0307,30.2322,-97.7122,11.9986,17.1409,3.153862165932453e-06,False
2059,F0609,30.4447,-97.6066,0.0,17.2506,,False
2060,F0506,30.3549,-97.7724,13.6102,17.0128,3.0965870524181507e-06,False
2061,F0408,30.2651,-97.671,8.9948,16.3542,1.9793511095522964e-06,False
2062,F0308,30.2221,-97.6536,16.7933,16.7933,3.0384458165792847e-06,False
2063,F0406,30.253,-97.7413,14.1965,16.7018,3.0676884920355623e-06,False
2064,F0207,30.1588,-97.7,11.5376,16.4823,2.6936427887450516e-06,False
2065,F0208,30.1325,-97.6592,14.7024,16.3359,2.757897196604175e-06,False
2066,F0506,30.3364,-97.7551,5.3782,17.9275,2.8844024943263557e-06,False
2067,F0407,30.2665,-97.6996,11.415,17.5616,2.9356164087079964e-06,False
2068,F0208,30.131,-97.6235,13.42,16.775,2.76397033109572e-06,False
2069,F0407,30.246,-97.7184,12.691,16.9213,2.9667361259282104e-06,False
2070,F0305,30.1996,-97.8171,9.9443,16.5738,2.095188685894931e-06,False
2071,F0206,30.1311,-97.7922,10.5479,17.5799,2.78744334903332e-06,False
2072,F0608,30.3858,-97.671,10.4162,17.3604,2.4906255379677632e-06,False
2073,F0307,30.2069,-97.7057,14.7847,16.4274,3.0961914681793635e-06,False
2074,F0206,30.1598,-97.7745,10.5918,17.6531,2.8960586221114993e-06,False
2075,F0505,30.3352,-97.8078,6.8783,17.1957,2.1432584338274756e-06,False
2076,F0305,30.2225,-97.8569,6.1402,17.5433,2.0938725729930085e-06,False
2077,F0607,30.4008,-97.6944,9.2061,16.7384,2.030636243013223e-06,False
2078,F0606,30.3601,-97.7951,15.8667,16.7018,3.069644710890923e-06,False
2079,F0507,30.3222,-97.7049,12.2794,16.3725,2.6356343851247717e-06,False
2080,F0307,30.226,-97.7186,9.7494,17.7262,3.085763530386677e-06,False
2081,F0506,30.3227,-97.7425,13.3322,16.6652,3.1096493609283644e-06,False
2082,F0505,30.3314,-97.8417,10.8086,16.6286,2.1902468688443817e-06,False
2083,F0504,30.3296,-97.89,0.0,16.5372,,False
2084,F0404,30.2932,-97.9452,12.8694,17.1591,3.1012380369137575e-06,False
2085,F0305,30.2101,-97.8041,5.2849,17.6165,2.074960694762431e-06,False
2086,F0506,30.3327,-97.793,13.1026,17.4701,3.0657641426506976e-06,False
2087,F0606,30.3764,-97.7709,10.6357,17.7262,2.968870670756198e-06,False
2088,F0506,30.3097,-97.7722,9.7997,17.8177,2.9570174426182377e-06,False
2089,F0405,30.2603,-97.8137,7.6722,17.0494,1.974574316177052e-06,False
2090,F0306,30.1863,-97.773,15.832,16.6652,3.167498080120461e-06,False
2091,F0406,30.2846,-97.7783,9.0095,18.0189,2.9878048824609233e-06,False
2092,F0404,30.2694,-97.8812,3.6294,18.147,2.904427315407964e-06,False
2093,F0404,30.2432,-97.9399,10.6796,17.7994,3.0379232533292617e-06,False
2094,F0306,30.223,-97.7572,15.2457,16.9396,3.033043417177483e-06,False
2095,F0306,30.2192,-97.7819,15.9362,16.775,3.052530580269821e-06,False
2096,F0506,30.3583,-97.7418,12.2163,17.4518,2.9593488105023833e-06,False
2097,F0408,30.2801,-97.6462,9.0653,16.4823,1.919871615841534e-06,False
2098,F0307,30.2206,-97.712,14.352,16.8847,3.029228855749009e-06,False
2099,F0304,30.1956,-97.9582,9.6689,17.5799,2.9385142603011502e-06,False
2100,F0505,30.3449,-97.8327,7.0978,17.7445,2.1609448275130004e-06,False
2101,F0607,30.4089,-97.7251,9.8125,16.3542,1.9765360101990515e-06,False
2102,F0509,30.3161,-97.6088,0.0,16.6652,,False
2103,F0607,30.4273,-97.6813,7.5981,16.8847,1.9470877262186913e-06,False
2104,F0305,30.2303,-97.8484,6.9734,17.4335,2.070039905632942e-06,False
2105,F0607,30.361,-97.7158,6.0441,17.2689,1.94466259288014e-06,False
2106,F0207,30.1597,-97.7003,12.0882,17.2689,2.806214205935026e-06,False
2107,F0408,30.2867,-97.6783,9.0753,16.5006,1.9902845200863304e-06,False
2108,F0307,30.2391,-97.7232,12.787,17.0494,3.0508349262295327e-06,False
2109,F0407,30.257,-97.7141,14.8999,16.5555,2.9380434720488956e-06,False
2110,F0306,30.2309,-97.7741,16.464,16.464,3.023024835224319e-06,False
2111,F0206,30.0662,-97.7672,6.3322,18.0921,2.728135889731642e-06,False
2112,F0307,30.2222,-97.6922,12.9105,17.214,3.086236791240347e-06,False
2113,F0409,30.2841,-97.5525,12.3892,16.5189,2.4154268951971533e-06,False
2114,F0406,30.2915,-97.7452,9.7897,17.7994,3.1160194559390727e-06,False
2115,F0405,30.2442,-97.8353,9.2363,16.7933,1.917285083520222e-06,False
2116,F0407,30.264,-97.6804,13.2151,16.5189,2.9808292780694745e-06,False
2117,F0407,30.272,-97.7026,13.5371,16.9213,2.9710590462489245e-06,False
2118,F0505,30.3497,-97.8088,9.1659,16.6652,2.2281294039945386e-06,False
2119,F0206,30.1192,-97.7618,5.4002,18.0006,2.788220465471753e-06,False
2120,F0508,30.3083,-97.6359,12.595,16.7933,2.939506074363114e-06,False
2121,F0405,30.2809,-97.833,9.8564,16.4274,2.000725626629551e-06,False
2122,F0505,30.3046,-97.8291,9.0753,16.5006,2.1271305552396353e-06,False
2123,F0506,30.3338,-97.7472,15.5713,16.3908,3.0698370300778386e-06,False
2124,F0404,30.2539,-97.8721,5.3782,17.9275,2.8902537613044986e-06,False
2125,F0409,30.2859,-97.6053,12.7596,17.0128,2.4303075898693757e-06,False
2126,F0206,30.1279,-97.7499,12.5812,16.775,2.887788423176993e-06,False
2127,F0408,30.2418,-97.6722,10.6303,16.3542,2.0102196419248493e-06,False
2128,F0406,30.2963,-97.7789,9.8098,17.836,3.1510622188043384e-06,False
2129,F0504,30.3579,-97.9625,0.0,17.4153,,False
2130,F0406,30.2444,-97.75,5.4276,18.0921,2.9765658400707147e-06,False
2131,F0506,30.3029,-97.7734,15.7625,16.5921,3.0072091027402432e-06,False
2132,F0604,30.369,-97.9553,0.0,17.0311,,False
2133,F0409,30.2614,-97.5808,10.7373,16.5189,2.4007334129831133e-06,False
2134,F0208,30.1576,-97.6604,6.2234,17.7811,2.6988462371780084e-06,False
2135,F0307,30.2231,-97.7345,11.5696,17.7994,3.0953687854231486e-06,False
2136,F0309,30.1926,-97.5586,0.0,16.9945,,False
2137,F0408,30.2928,-97.6701,4.4407,17.7628,1.942551651372243e-06,False
2138,F0404,30.2683,-97.8775,16.5006,16.5006,2.8410010028076006e-06,False
2139,F0604,30.3656,-97.8701,0.0,16.6835,,False
2140,F0405,30.2865,-97.8171,5.3728,17.9092,1.9613995106550645e-06,False
2141,F0506,30.3494,-97.7455,3.6184,18.0921,2.855468037852072e-06,False
2142,F0207,30.1329,-97.7299,14.2587,16.775,2.8342607218404187e-06,False
2143,F0406,30.2851,-97.7628,13.7712,17.214,3.016059600546381e-06,False
2144,F0408,30.2598,-97.6463,2.6864,17.9092,1.8414425232882005e-06,False
2145,F0608,30.4221,-97.6562,10.076,16.7933,2.5950368438733143e-06,False
2146,F0407,30.2849,-97.6933,13.5956,16.9945,2.8472963040856054e-06,False
2147,F0407,30.2834,-97.7351,16.2811,16.2811,2.9948808185136183e-06,False
2148,F0406,30.2979,-97.7421,14.4453,16.9945,3.110982434874503e-06,False
2149,F0607,30.3866,-97.6987,8.4241,16.8482,1.968686207602221e-06,False
2150,F0209,30.1106,-97.5679,0.0,16.8847,,False
2151,F0607,30.4378,-97.6872,5.2849,17.6165,1.9850658469353826e-06,False
2152,F0306,30.1885,-97.7861,16.7018,16.7018,3.1476088603305907e-06,False
2153,F0204,30.1758,-97.8787,0.0,16.9945,,False
2154,F0504,30.3339,-97.8994,0.0,17.5067,,False
2155,F0306,30.2004,-97.7773,16.464,16.464,3.015637227654538e-06,False
2156,F0305,30.1991,-97.8355,6.9588,17.397,2.0754787857753793e-06,False
2157,F0405,30.2734,-97.8029,6.0825,17.3787,1.9428407407233334e-06,False
2158,F0205,30.1759,-97.8191,9.6891,17.6165,2.5969041007616907e-06,False
2159,F0508,30.3422,-97.6416,15.9362,16.775,3.0843558733014624e-06,False
2160,F0608,30.4038,-97.6443,12.3206,16.4274,2.5815385888627932e-06,False
2161,F0406,30.2898,-97.7461,13.5517,16.9396,3.0889501262321075e-06,False
2162,F0406,30.2473,-97.7531,11.3199,17.4153,3.1325927226506746e-06,False
2163,F0406,30.282,-97.7908,5.3947,17.9823,3.120076014870814e-06,False
2164,F0205,30.0386,-97.8029,13.2297,16.5372,2.5288799398694232e-06,False
2165,F0408,30.2991,-97.6259,8.5796,17.1591,2.0135488479225706e-06,False
2166,F0304,30.229,-97.8873,13.8737,17.3421,3.065995196074311e-06,False
2167,F0608,30.3625,-97.6486,9.5281,17.3238,2.6067349956415876e-06,False
2168,F0509,30.3153,-97.5745,0.0,16.5555,,False
2169,F0609,30.4167,-97.6177,0.0,17.0494,,False
2170,F0306,30.2275,-97.7809,12.2292,17.4701,2.9935356847026677e-06,False
2171,F0307,30.2307,-97.7375,4.5322,18.1287,2.979698680049376e-06,False
2172,F0509,30.3124,-97.5299,0.0,17.7079,,False
2173,F0309,30.2108,-97.6156,0.0,17.3055,,False
2174,F0204,30.0852,-97.8684,0.0,16.9945,,False
2175,F0608,30.4054,-97.6709,12.4303,16.5738,2.510502401473276e-06,False
2176,F0406,30.255,-97.7465,9.6287,17.5067,3.0052098665772848e-06,False
2177,F0609,30.3663,-97.5933,0.0,16.8665,,False
2178,F0407,30.2452,-97.6936,10.4821,17.4701,2.828937157115766e-06,False
2179,F0505,30.3042,-97.8389,6.9661,17.4153,2.1023327953406028e-06,False
2180,F0406,30.2886,-97.7566,16.5372,16.5372,3.1137071188687307e-06,False
2181,F0306,30.2213,-97.7458,16.5006,16.5006,3.173967287704827e-06,False
2182,F0507,30.3245,-97.7346,9.5683,17.397,2.6107838891365484e-06,False
2183,F0205,30.156,-97.844,12.3892,16.5189,2.520526200197872e-06,False
2184,F0605,30.3891,-97.8494,0.0,16.6286,,False
2185,F0608,30.3974,-97.6572,10.4272,17.3787,2.626677355815546e-06,False
2186,F0408,30.2893,-97.6415,9.2967,16.903,1.950803877997575e-06,False
2187,F0204,30.158,-97.8924,0.0,17.5982,,False
2188,F0304,30.2297,-97.9289,9.6186,17.4884,2.9050740068125734e-06,False
2189,F0208,30.1294,-97.6394,7.2149,18.0372,2.8059788665441476e-06,False
2190,F0408,30.2991,-97.6659,5.3288,17.7628,2.014273163776129e-06,False
2191,F0405,30.2628,-97.8562,5.3179,17.7262,2.0009450246523785e-06,False
2192,F0606,30.3782,-97.7516,8.8448,17.6897,2.98886459910335e-06,False
2193,F0307,30.1853,-97.7034,12.0626,17.2323,3.0593073482663703e-06,False
2194,F0506,30.3521,-97.7499,15.3444,17.0494,3.082966936687913e-06,False
2195,F0505,30.3353,-97.8012,10.076,16.7933,2.1677956595043957e-06,False
2196,F0404,30.2487,-97.9521,13.4493,16.8116,3.1225233155587217e-06,False
2197,F0207,30.167,-97.7396,10.1967,16.9945,2.788287542040025e-06,False
2198,F0307,30.2073,-97.6845,9.7997,17.8177,3.0751450741885227e-06,False
2199,F0404,30.2644,-97.9034,15.9362,16.775,3.0090029469691232e-06,False
2200,F0508,30.354,-97.6654,13.034,17.3787,3.0135357410656933e-06,False
2201,F0606,30.3615,-97.7653,14.3676,16.903,3.0236696835443785e-06,False
2202,F0506,30.3252,-97.795,13.1986,17.5982,2.9828446928730813e-06,False
2203,F0408,30.2549,-97.6785,10.5113,16.1713,1.9879501476696625e-06,False
2204,F0304,30.2391,-97.868,13.742,17.1774,2.95613268926366e-06,False
2205,F0408,30.2956,-97.6536,4.4316,17.7262,1.87355347579656e-06,False
2206,F0408,30.2848,-97.6557,10.2406,17.0677,2.005305107013661e-06,False
2207,F0206,30.1569,-97.7491,12.5675,16.7567,2.7862683682561897e-06,False
2208,F0304,30.2123,-97.8954,12.9791,17.3055,2.94570296649245e-06,False
2209,F0505,30.3281,-97.8098,7.8945,17.5433,2.1880393613900223e-06,False
2210,F0609,30.428,-97.5721,0.0,17.7811,,False
2211,F0505,30.3111,-97.8456,12.3617,16.4823,2.191225112632101e-06,False
2212,F0505,30.3208,-97.8021,7.8698,17.4884,2.2053425026862162e-06,False
2213,F0605,30.3779,-97.8366,0.0,18.1836,,False
2214,F0308,30.1801,-97.6417,15.4268,17.1409,3.0971000231534978e-06,False
2215,F0508,30.3171,-97.6613,9.6086,17.4701,2.9246553559228374e-06,False
2216,F0406,30.2783,-97.7593,12.2163,17.4518,3.1097854857756798e-06,False
2217,F0606,30.4124,-97.7431,12.2163,17.4518,2.936016333055148e-06,False
2218,F0507,30.3112,-97.7269,12.4029,16.5372,2.639825831218283e-06,False
2219,F0409,30.2453,-97.5557,12.3343,16.4457,2.4841106486864738e-06,False
2220,F0304,30.2172,-97.89,12.8419,17.1226,3.0649579854999246e-06,False
2221,F0506,30.311,-97.7612,13.6102,17.0128,3.0684065298341475e-06,False
2222,F0309,30.2243,-97.5358,0.0,16.8482,,False
2223,F0404,30.29,-97.8617,8.9546,17.9092,2.9925123957950657e-06,False
2224,F0406,30.2651,-97.7449,15.8667,16.7018,3.0110691850324475e-06,False
2225,F0507,30.3557,-97.7103,7.0978,17.7445,2.518184230329958e-06,False
2226,F0309,30.2253,-97.5707,0.0,17.3421,,False
2227,F0604,30.3698,-97.8601,0.0,17.3238,,False
2228,F0305,30.2141,-97.825,9.9004,16.5006,2.0254837345413574e-06,False
2229,F0408,30.2452,-97.6547,4.3995,17.5982,1.9786016817552955e-06,False
2230,F0306,30.2156,-97.7561,15.081,16.7567,3.046489825807259e-06,False
2231,F0208,30.0891,-97.6669,12.5812,16.775,2.746821577229294e-06,False
2232,F0509,30.3285,-97.6157,0.0,17.0494,,False
2233,F0404,30.2594,-97.892,14.4142,16.9579,3.003109293565502e-06,False
2234,F0608,30.4078,-97.661,12.7596,17.0128,2.5615604619127515e-06,False
2235,F0406,30.273,-97.7553,15.8146,16.6469,3.0537839752184154e-06,False
2236,F0406,30.2736,-97.7816,15.114,16.7933,3.0935195516189096e-06,False
2237,F0608,30.3756,-97.631,12.7733,17.0311,2.5843045843782685e-06,False
2238,F0505,30.3176,-97.8476,10.1748,16.9579,2.1169585916845776e-06,False
2239,F0404,30.2835,-97.9825,14.6008,17.1774,3.053950316942095e-06,False
2240,F0407,30.299,-97.7363,14.2121,16.7201,2.9221681841477847e-06,False
2241,F0206,30.1588,-97.7969,15.5191,16.3359,2.848220124596838e-06,False
2242,F0506,30.3285,-97.7519,11.9346,17.0494,2.97631436077559e-06,False
2243,F0309,30.2161,-97.6021,0.0,17.6348,,False
2244,F0305,30.2377,-97.8193,9.1458,16.6286,2.0834173038664097e-06,False
2245,F0406,30.2756,-97.7984,14.9987,16.6652,3.1583568987867685e-06,False
2246,F0506,30.3091,-97.7691,13.8151,17.2689,2.963160762201977e-06,False
2247,F0308,30.208,-97.6543,14.0877,16.5738,2.9904250683596172e-06,False
2248,F0406,30.2905,-97.7852,15.8667,16.7018,3.072744160023371e-06,False
2249,F0404,30.2765,-97.862,16.1896,16.1896,3.1004677008975766e-06,False
2250,F0207,30.1596,-97.7011,11.3318,17.4335,2.731342360470375e-06,False
2251,F0204,30.0692,-97.9623,0.0,16.9396,,False
2252,F0307,30.2107,-97.7381,13.2124,17.6165,3.004540609979919e-06,False
2253,F0207,30.167,-97.7104,15.0152,16.6835,2.696811500797186e-06,False
2254,F0505,30.3274,-97.8206,6.1081,17.4518,2.0945728207458374e-06,False
2255,F0406,30.2827,-97.7664,16.4457,16.4457,3.142080595729341e-06,False
2256,F0505,30.3311,-97.812,9.347,16.9945,2.1380598277538745e-06,False
2257,F0208,30.1757,-97.6752,13.4054,16.7567,2.8399923474223927e-06,False
2258,F0405,30.2861,-97.8186,6.0825,17.3787,1.9159914023917315e-06,False
2259,F0607,30.3641,-97.7008,11.6016,16.5738,1.9962743994413192e-06,False
2260,F0409,30.2608,-97.579,9.5381,17.3421,2.473046189426783e-06,False
2261,F0306,30.184,-97.7594,14.6036,16.2262,3.0584781208038367e-06,False
2262,F0506,30.3225,-97.7923,14.041,16.5189,3.05973024346498e-06,False
2263,F0407,30.2836,-97.6901,13.4054,16.7567,2.981479211755419e-06,False
2264,F0206,30.1208,-97.7452,8.0674,17.9275,2.802251461716458e-06,False
2265,F0304,30.2042,-97.8635,14.6786,17.2689,3.0244091286546915e-06,False
2266,F0305,30.2248,-97.8126,10.8324,16.6652,2.105637523823955e-06,False
2267,F0506,30.3015,-97.7589,16.3177,16.3177,2.6174729448556067e-06,False
2268,F0405,30.2715,-97.8175,8.3143,16.6286,2.003607016894426e-06,False
2269,F0306,30.2103,-97.749,14.8341,16.4823,3.0376303952670794e-06,False
2270,F0307,30.1986,-97.7343,5.4496,18.1653,3.1574005333499328e-06,False
2271,F0605,30.4604,-97.8178,0.0,16.8482,,False
2272,F0206,30.1695,-97.7735,12.0882,17.2689,2.8312063503447573e-06,False
2273,F0606,30.3737,-97.7689,16.153,16.153,3.037458995141894e-06,False
2274,F0409,30.2787,-97.547,9.3383,17.7262,2.4289511913945137e-06,False
2275,F0605,30.3918,-97.8414,0.0,16.5921,,False
2276,F0506,30.3123,-97.742,14.8835,16.5372,2.971426149976766e-06,False
2277,F0206,30.1653,-97.7454,14.0863,16.8116,2.9016505139761327e-06,False
2278,F0506,30.3492,-97.7855,14.9822,16.6469,3.103086658501217e-06,False
2279,F0507,30.324,-97.7178,10.3613,17.2689,2.6063789681652884e-06,False
2280,F0308,30.2113,-97.6635,11.8705,16.9579,2.975809120457312e-06,False
2281,F0307,30.2231,-97.7399,14.5231,17.086,3.1216410349907273e-06,False
2282,F0305,30.2274,-97.8394,4.4133,17.6531,1.975073269775149e-06,False
2283,F0507,30.3273,-97.6994,15.0646,16.7384,2.673177625525609e-06,False
2284,F0305,30.2349,-97.8557,4.4864,17.9458,1.987824042740863e-06,False
2285,F0207,30.0592,-97.681,12.6636,16.8847,2.811570562660619e-06,False
2286,F0406,30.284,-97.7778,16.1969,17.0494,3.082821093536135e-06,False
2287,F0209,30.0936,-97.5683,0.0,16.6835,,False
2288,F0506,30.3267,-97.767,5.4002,18.0006,2.930761139494965e-06,False
2289,F0506,30.3134,-97.7463,13.3029,16.6286,2.9926380356663345e-06,False
2290,F0207,30.1799,-97.6914,11.2248,17.2689,2.811034170941844e-06,False
2291,F0305,30.2224,-97.8458,8.4241,16.8482,2.058763410113011e-06,False
2292,F0404,30.2605,-97.9268,13.4785,16.8482,3.004342679008637e-06,False
2293,F0507,30.3296,-97.6923,9.4778,17.2323,2.6327104811830256e-06,False
2294,F0406,30.2674,-97.7931,16.0926,16.9396,3.104935077389667e-06,False
2295,F0405,30.2632,-97.856,5.2575,17.525,1.929563699133061e-06,False
2296,F0605,30.366,-97.852,0.0,17.4335,,False
2297,F0304,30.1931,-97.887,13.7273,17.1591,2.99867407028585e-06,False
2298,F0307,30.1997,-97.7088,16.0753,16.9213,3.1045774301074753e-06,False
2299,F0306,30.1802,-97.7833,9.7897,17.7994,3.1114185633030947e-06,False
2300,F0404,30.297,-97.9393,11.4031,17.5433,3.1060339717090116e-06,False
2301,F0308,30.2306,-97.6794,16.2079,16.2079,3.015644196425557e-06,False
2302,F0609,30.3706,-97.5092,0.0,16.9396,,False
2303,F0505,30.3385,-97.8252,10.9275,16.8116,2.1693469881740868e-06,False
2304,F0307,30.2226,-97.6997,8.0097,17.7994,3.1286302573706133e-06,False
2305,F0506,30.317,-97.7887,10.6687,17.7811,3.103274066458195e-06,False
2306,F0306,30.2288,-97.7881,12.2419,17.4884,3.1088233331495263e-06,False
2307,F0407,30.2939,-97.7184,14.9987,16.6652,2.9192107890693762e-06,False
2308,F0509,30.3229,-97.5972,0.0,17.4701,,False
2309,F0509,30.3011,-97.6154,0.0,17.3421,,False
2310,F0506,30.3183,-97.7877,12.7459,16.9945,3.0118353906540208e-06,False
2311,F0609,30.3681,-97.5958,0.0,16.8665,,False
2312,F0506,30.3107,-97.7892,13.8737,17.3421,3.1024327085789273e-06,False
2313,F0405,30.2879,-97.8386,7.7134,17.1409,1.9516242503831856e-06,False
2314,F0506,30.309,-97.7834,10.5918,17.6531,3.057106789180114e-06,False
2315,F0505,30.3489,-97.8081,7.771,17.2689,2.1209257678244064e-06,False
2316,F0405,30.2421,-97.8125,9.1055,16.5555,1.959189898401216e-06,False
2317,F0604,30.4571,-97.8792,0.0,16.3725,,False
2318,F0407,30.2574,-97.7187,13.2736,16.5921,2.844667460432385e-06,False
2319,F0307,30.2157,-97.7232,16.4091,16.4091,3.101455971570393e-06,False
2320,F0505,30.3029,-97.8564,10.9037,16.775,2.1715987779867644e-06,False
2321,F0405,30.2802,-97.8511,6.1402,17.5433,1.882468195668941e-06,False
2322,F0406,30.2503,-97.7574,13.9176,17.397,3.1599156468187304e-06,False
2323,F0607,30.4134,-97.6879,8.9546,16.2811,2.035285612929171e-06,False
2324,F0407,30.256,-97.7084,12.8282,17.1043,2.835079650999103e-06,False
2325,F0506,30.3294,-97.7743,15.6929,16.5189,3.007555145545805e-06,False
2326,F0207,30.1635,-97.6908,14.4609,17.0128,2.8045569076753528e-06,False
2327,F0507,30.3371,-97.6981,7.8945,17.5433,2.584322833074307e-06,False
2328,F0609,30.3724,-97.6177,0.0,16.6286,,False
2329,F0606,30.3984,-97.7671,11.201,17.2323,2.9520399557358176e-06,False
2330,F0307,30.2185,-97.7147,16.5921,16.5921,3.066987292548389e-06,False
2331,F0204,30.0293,-97.8668,0.0,16.4457,,False
2332,F0204,30.0963,-97.8653,0.0,17.4335,,False
2333,F0307,30.2103,-97.6989,16.4091,16.4091,3.159975481942267e-06,False
2334,F0507,30.3292,-97.7386,7.1271,17.8177,2.6670921700882596e-06,False
2335,F0607,30.4025,-97.7119,8.5155,17.0311,1.9423445688185014e-06,False
2336,F0308,30.2244,-97.6476,14.2432,16.7567,3.002520047232663e-06,False
2337,F0407,30.2817,-97.737,13.5078,16.8847,2.894327972334095e-06,False
2338,F0507,30.3032,-97.7282,13.9944,16.464,2.5503769660368576e-06,False
2339,F0606,30.3767,-97.761,16.6469,16.6469,3.009486003109906e-06,False
2340,F0406,30.2785,-97.7825,16.1274,16.9762,3.1536001015969838e-06,False
2341,F0307,30.2204,-97.682,14.0639,17.5799,3.0284573943660607e-06,False
2342,F0506,30.3485,-97.752,9.6891,17.6165,3.029315058970057e-06,False
2343,F0505,30.3143,-97.8047,7.8698,17.4884,2.163819375830206e-06,False
2344,F0505,30.3156,-97.8472,6.9295,17.3238,2.093800384004152e-06,False
2345,F0604,30.3674,-97.9029,0.0,16.2445,,False
2346,F0407,30.255,-97.7011,11.1772,17.1957,2.9378329761741502e-06,False
2347,F0507,30.3011,-97.7389,9.6488,17.5433,2.6079667146170318e-06,False
2348,F0406,30.2747,-97.7733,5.4386,18.1287,2.9873351959897157e-06,False
2349,F0507,30.3143,-97.7274,2.6891,17.9275,2.5377937526736824e-06,False
2350,F0406,30.2627,-97.7691,12.8968,17.1957,3.112510686622202e-06,False
2351,F0506,30.3229,-97.7584,16.1896,16.1896,2.843379805195093e-06,False
2352,F0305,30.2335,-97.8022,7.6558,17.0128,2.1396474682868583e-06,False
2353,F0408,30.2558,-97.6564,10.1308,16.8847,1.9381016452455117e-06,False
2354,F0206,30.1495,-97.7561,9.7092,17.6531,2.9304692163173852e-06,False
2355,F0406,30.2745,-97.788,14.867,16.5189,3.0444861109851443e-06,False
2356,F0405,30.2803,-97.8252,3.5526,17.7628,1.8999636014736956e-06,False
2357,F0204,30.133,-97.9184,0.0,17.3238,,False
2358,F0404,30.2499,-98.0366,16.8482,16.8482,3.1062433093334628e-06,False
2359,F0405,30.2542,-97.8472,6.8563,17.1409,1.95517592533479e-06,False
2360,F0509,30.307,-97.5711,0.0,16.5189,,False
2361,F0407,30.2666,-97.7028,14.0877,16.5738,2.9975331409416847e-06,False
2362,F0506,30.3559,-97.7666,11.9218,17.0311,3.0145889733896805e-06,False
2363,F0507,30.3576,-97.7274,10.0869,16.8116,2.553248366073165e-06,False
2364,F0407,30.2776,-97.6916,10.3723,17.2872,2.8295470411205417e-06,False
2365,F0405,30.2957,-97.8142,1.8001,18.0006,1.868022447266698e-06,False
2366,F0308,30.1885,-97.6248,14.4453,16.9945,3.0525554227139358e-06,False
2367,F0408,30.2858,-97.6569,5.241,17.4701,1.976136476706729e-06,False
2368,F0406,30.2597,-97.7696,15.4103,17.1226,3.0261122113739626e-06,False
2369,F0304,30.2212,-97.8627,15.6234,16.4457,2.962746587253462e-06,False
2370,F0405,30.2951,-97.8081,5.2795,17.5982,2.012775634863141e-06,False
2371,F0406,30.2665,-97.763,4.5093,18.0372,3.1263123858739876e-06,False
2372,F0208,30.1561,-97.6706,11.1178,17.1043,2.7126659811801263e-06,False
2373,F0606,30.4567,-97.7574,10.5918,17.6531,3.0108180012681617e-06,False
2374,F0507,30.3355,-97.686,13.9944,16.464,2.6413799456906226e-06,False
2375,F0307,30.2243,-97.7383,15.7103,16.5372,3.0514219307047795e-06,False
2376,F0405,30.292,-97.8511,7.557,16.7933,1.947168183901498e-06,False
2377,F0207,30.1044,-97.723,12.938,17.2506,2.773376535187126e-06,False
2378,F0306,30.1874,-97.7731,9.7796,17.7811,3.1639422893974803e-06,False
2379,F0508,30.3203,-97.6746,15.6234,16.4457,2.9785763951220047e-06,False
2380,F0307,30.223,-97.6859,8.8174,17.6348,3.0491112761183695e-06,False
2381,F0308,30.1983,-97.6292,15.2292,16.9213,3.0656736379844498e-06,False
2382,F0609,30.395,-97.6041,0.0,18.1287,,False
2383,F0309,30.2279,-97.4786,0.0,17.1043,,False
2384,F0208,30.1472,-97.6792,12.7733,17.0311,2.737659152586406e-06,False
2385,F0308,30.1914,-97.6794,15.2654,16.6103,3.0427731172310305e-06,False
2386,F0507,30.3054,-97.6953,10.9513,16.8482,2.589292174621206e-06,False
2387,F0604,30.4258,-97.9116,0.0,16.4457,,False
2388,F0507,30.3043,-97.7086,7.9439,17.6531,2.6267254911417154e-06,False
2389,F0506,30.3034,-97.7946,16.3542,16.3542,2.8577885157701375e-06,False
2390,F0408,30.2831,-97.6631,8.4332,16.8665,1.981465421883393e-06,False
2391,F0505,30.3489,-97.858,8.4058,16.8116,2.21967778416591e-06,False
2392,F0407,30.2754,-97.7084,4.5367,18.147,2.7811198878319204e-06,False
2393,F0204,30.178,-97.9014,0.0,16.3177,,False
2394,F0307,30.2129,-97.7012,15.6929,16.5189,3.0520301769838745e-06,False
2395,F0304,30.1885,-97.8612,15.5365,16.3542,3.0548712058604523e-06,False
2396,F0307,30.186,-97.7049,12.1779,17.397,3.1540596333533673e-06,False
2397,F0507,30.3227,-97.7181,12.5126,16.6835,2.5502863079341286e-06,False
2398,F0509,30.3192,-97.5854,0.0,17.6165,,False
2399,F0308,30.2075,-97.6741,14.4554,16.0615,3.057702074402244e-06,False
2400,F0308,30.2242,-97.6745,15.6756,16.5006,3.0762595545620836e-06,False
2401,F0604,30.4414,-97.8707,0.0,16.2628,,False
2402,F0608,30.4043,-97.6668,9.5281,17.3238,2.5510447771401627e-06,False
2403,F0406,30.2866,-97.7747,15.3115,17.0128,3.058596348710888e-06,False
2404,F0406,30.243,-97.7643,16.7201,16.7201,3.1656024651417e-06,False
2405,F0308,30.2215,-97.6569,10.6357,17.7262,3.0760781244557663e-06,False
2406,F0505,30.3482,-97.8279,9.4878,17.2506,2.2043139282436515e-06,False
2407,F0605,30.3849,-97.8365,0.0,18.0921,,False
2408,F0407,30.2799,-97.7283,10.7345,17.8909,2.9728516802388235e-06,False
2409,F0204,30.1737,-97.9248,0.0,16.464,,False
2410,F0606,30.39,-97.7516,9.7595,17.7445,3.0192808412223947e-06,False
2411,F0507,30.3064,-97.7141,12.8785,16.0981,2.591646187403651e-06,False
2412,F0407,30.2642,-97.7136,11.2724,17.3421,2.8593732525061946e-06,False
2413,F0507,30.3535,-97.7341,10.2626,17.1043,2.519072767132049e-06,False
2414,F0606,30.4272,-97.7597,12.7733,17.0311,2.9600862914815545e-06,False
2415,F0306,30.2363,-97.7406,14.5386,17.1043,3.0281678218828e-06,False
2416,F0608,30.3952,-97.6324,8.7991,17.5982,2.629594226148015e-06,False
2417,F0508,30.3234,-97.6285,16.3725,16.3725,3.0902509617056803e-06,False
2418,F0407,30.2701,-97.6953,10.3723,17.2872,2.8503373095918534e-06,False
2419,F0506,30.3189,-97.752,15.2127,16.903,2.9788036483668185e-06,False
2420,F0505,30.348,-97.8314,1.8037,18.0372,2.0625536667331695e-06,False
2421,F0409,30.2639,-97.5913,13.0688,16.3359,2.4272868602386293e-06,False
2422,F0505,30.3509,-97.819,9.9991,16.6652,2.1651217521954604e-06,False
2423,F0409,30.2792,-97.6179,9.4174,17.1226,2.379149184720999e-06,False
2424,F0308,30.2193,-97.6703,12.2163,17.4518,3.0861854379352343e-06,False
2425,F0408,30.2941,-97.6548,7.7052,17.1226,1.9481882743876394e-06,False
2426,F0505,30.346,-97.805,9.9113,16.5189,2.1395168505120563e-06,False
2427,F0504,30.3085,-97.9594,0.0,16.5921,,False
2428,F0308,30.22,-97.62,14.3831,16.9213,3.0775522426801583e-06,False
2429,F0405,30.2894,-97.8211,6.8929,17.2323,1.9665623946676683e-06,False
2430,F0306,30.227,-97.7669,11.1891,17.214,3.0231531315781115e-06,False
2431,F0607,30.4113,-97.7132,4.4407,17.7628,1.9980709134096897e-06,False
2432,F0305,30.216,-97.8193,8.3601,16.7201,2.0267804710868444e-06,False
2433,F0208,30.053,-97.6612,4.5139,18.0555,2.845248661065538e-06,False
2434,F0304,30.1815,-97.9658,15.114,16.7933,3.033586271811788e-06,False
2435,F0605,30.4392,-97.8539,0.0,17.1957,,False
2436,F0405,30.2799,-97.8569,6.871,17.1774,1.9218341805714854e-06,False
2437,F0407,30.2862,-97.6966,12.8556,17.1409,2.8608991247031134e-06,False
2438,F0507,30.3247,-97.7265,11.1653,17.1774,2.5395181128072525e-06,False
2439,F0205,30.1219,-97.847,13.2736,16.5921,2.5296946842993587e-06,False
2440,F0206,30.1669,-97.7911,8.8997,17.7994,2.936854301459517e-06,False
2441,F0409,30.2883,-97.6172,6.2426,17.836,2.412955906204537e-06,False
2442,F0306,30.2135,-97.7548,5.3947,17.9823,3.053797140084626e-06,False
2443,F0405,30.2966,-97.8285,8.9848,16.3359,1.95743850476468e-06,False
2444,F0206,30.1458,-97.7668,14.9493,16.6103,2.799613808329791e-06,False
2445,F0307,30.2082,-97.7041,13.8005,17.2506,3.1031425586906287e-06,False
2446,F0307,30.2001,-97.7127,5.4276,18.0921,2.988930505152577e-06,False
2447,F0408,30.2751,-97.6477,9.8016,16.3359,2.0306099921307466e-06,False
2448,F0607,30.4016,-97.7202,7.6887,17.086,1.916998759356523e-06,False
2449,F0305,30.215,-97.8143,7.7216,17.1591,2.069702156796556e-06,False
2450,F0607,30.3616,-97.706,4.4453,17.7811,1.9128710506426165e-06,False
2451,F0509,30.312,-97.6007,0.0,16.153,,False
2452,F0408,30.2829,-97.654,6.8124,17.0311,1.992545151998932e-06,False
2453,F0406,30.2941,-97.7796,14.3054,16.8299,3.0801418515097366e-06,False
2454,F0505,30.3139,-97.8242,9.1961,16.7201,2.14042557254389e-06,False
2455,F0205,30.1487,-97.8404,6.9881,17.4701,2.5595717556871616e-06,False
2456,F0406,30.2588,-97.7691,5.4441,18.147,3.132285348415696e-06,False
2457,F0307,30.2281,-97.7092,15.2457,16.9396,3.1182711381657724e-06,False
2458,F0204,30.1492,-97.914,0.0,16.5006,,False
2459,F0508,30.3355,-97.6678,14.0099,16.4823,3.0043141066310865e-06,False
2460,F0404,30.2414,-97.8841,14.2587,16.775,2.9680442322962275e-06,False
2461,F0404,30.2922,-97.9269,15.1633,16.8482,2.9921143096937647e-06,False
2462,F0304,30.2151,-97.8754,14.3054,16.8299,3.0658366259171433e-06,False
2463,F0207,30.1693,-97.6861,15.0995,16.464,2.7408063796254987e-06,False
2464,F0406,30.253,-97.759,14.6008,17.1774,3.1336538329771114e-06,False
2465,F0406,30.294,-97.7773,16.3908,16.3908,3.0213580577745348e-06,False
2466,F0305,30.2251,-97.8236,8.4607,16.9213,2.0780791559885225e-06,False
2467,F0405,30.2872,-97.8242,9.0954,16.5372,1.9236488369557905e-06,False
2468,F0304,30.2028,-97.8795,13.4932,16.8665,2.987224922248812e-06,False
2469,F0406,30.2907,-97.7744,15.0152,16.6835,3.047586333294159e-06,False
2470,F0307,30.202,-97.7287,12.9105,17.214,3.0473833816285946e-06,False
2471,F0407,30.2712,-97.6802,13.6249,17.0311,2.967150155815896e-06,False
2472,F0206,30.0958,-97.7804,13.4932,16.8665,2.8339975474126118e-06,False
2473,F0405,30.2729,-97.8491,7.3182,16.2628,1.943464681392335e-06,False
2474,F0409,30.2749,-97.605,12.444,16.5921,2.4734061231197952e-06,False
2475,F0504,30.3582,-97.9049,0.0,17.5799,,False
2476,F0308,30.2318,-97.6642,13.2261,17.6348,3.1216208626308646e-06,False
2477,F0406,30.2946,-97.7452,16.0981,16.0981,2.8934967891312092e-06,False
2478,F0605,30.4357,-97.8275,0.0,17.4335,,False
2479,F0406,30.2823,-97.7967,12.1267,17.3238,3.071524784661078e-06,False
2480,F0405,30.2676,-97.8028,6.7612,16.903,2.0133385423513816e-06,False
2481,F0208,30.1612,-97.6651,13.8234,16.2628,2.7392976014759354e-06,False
2482,F0207,30.1733,-97.6873,9.7595,17.7445,2.7825603661385567e-06,False
2483,F0206,30.1205,-97.7704,8.0262,17.836,2.8751452934786394e-06,False
2484,F0405,30.2915,-97.826,2.6974,17.9823,1.8528076936446617e-06,False
2485,F0308,30.2145,-97.6514,15.2127,16.903,3.120096211632449e-06,False
2486,F0405,30.2631,-97.819,5.0654,16.8847,1.88189575235735e-06,False
2487,F0406,30.2592,-97.7587,8.9546,17.9092,3.0850559522089865e-06,False
2488,F0207,30.0679,-97.7158,6.3386,18.1104,2.671895842582721e-06,False
2489,F0606,30.3847,-97.7625,13.0614,17.4153,3.0926747600513175e-06,False
2490,F0506,30.3565,-97.7755,13.0066,17.3421,2.977327623237576e-06,False
2491,F0408,30.2713,-97.6743,10.5232,16.1896,2.0228818225287502e-06,False
2492,F0309,30.2371,-97.554,0.0,17.3604,,False
2493,F0605,30.3817,-97.8476,0.0,16.6835,,False
2494,F0407,30.2914,-97.7106,12.938,17.2506,2.997324392357213e-06,False
2495,F0409,30.2635,-97.5647,12.4029,16.5372,2.384827260087997e-06,False
2496,F0305,30.182,-97.8177,4.491,17.9641,2.041100861864091e-06,False
2497,F0404,30.2864,-97.8756,15.3627,16.1713,3.0838137554289104e-06,False
2498,F0406,30.2558,-97.7999,14.9822,16.6469,3.113620605131923e-06,False
2499,F0407,30.2763,-97.7026,13.6541,17.0677,2.839135948727608e-06,False
2500,F0507,30.3299,-97.7202,3.6257,18.1287,2.545005553209426e-06,False
2501,F0404,30.2462,-97.8666,13.0614,17.4153,2.9718098997608724e-06,False
2502,F0404,30.2558,-97.8721,10.6687,17.7811,3.064840672717742e-06,False
2503,F0406,30.2458,-97.7723,16.4274,16.4274,2.9477958517424424e-06,False
2504,F0207,30.1602,-97.701,11.5248,16.464,2.688768892783751e-06,False
2505,F0204,30.0701,-97.8769,0.0,17.397,,False
2506,F0307,30.1968,-97.7295,14.9164,16.5738,3.151325511494994e-06,False
2507,F0207,30.0826,-97.6991,12.8008,17.0677,2.693793969382315e-06,False
2508,F0405,30.2906,-97.8442,8.3235,16.6469,1.963558713140004e-06,False
2509,F0306,30.2097,-97.7841,15.0316,16.7018,3.0698427084601635e-06,False
2510,F0407,30.2556,-97.737,12.2163,17.4518,2.8804348717445847e-06,False
2511,F0207,30.1693,-97.7135,10.3943,17.3238,2.68855025660257e-06,False
2512,F0407,30.2717,-97.7166,9.7394,17.7079,2.8327930724102363e-06,False
2513,F0306,30.2127,-97.7455,12.0498,17.214,2.999134773885726e-06,False
2514,F0204,30.1755,-97.8663,0.0,17.2689,,False
2515,F0207,30.1378,-97.7004,15.5887,16.4091,2.697399783578439e-06,False
2516,F0506,30.3315,-97.7433,14.1965,16.7018,3.045389691054296e-06,False
2517,F0406,30.2827,-97.7684,13.5517,16.9396,3.1427869550914016e-06,False
2518,F0607,30.3654,-97.7232,3.5416,17.7079,1.902024131749282e-06,False
2519,F0406,30.29,-97.7983,15.9362,16.775,3.1660478165313637e-06,False
2520,F0308,30.2233,-97.6419,16.4457,16.4457,3.049302602281859e-06,False
2521,F0509,30.3043,-97.5882,0.0,17.1043,,False
2522,F0505,30.3551,-97.8149,10.7848,16.5921,2.1904265559693836e-06,False
2523,F0608,30.4319,-97.6335,12.101,17.2872,2.6208435618578025e-06,False
2524,F0507,30.3472,-97.6982,8.9089,17.8177,2.659501216942478e-06,False
2525,F0309,30.2162,-97.5521,0.0,17.397,,False
2526,F0507,30.328,-97.6933,11.2367,17.2872,2.657002135017449e-06,False
2527,F0305,30.2259,-97.8172,7.6146,16.9213,2.120733080897039e-06,False
2528,F0606,30.3764,-97.7659,11.9218,17.0311,3.031312534974631e-06,False
2529,F0306,30.1982,-97.7914,16.5738,16.5738,3.021467609287104e-06,False
2530,F0308,30.1841,-97.6491,16.0753,16.9213,3.0023006652127613e-06,False
2531,F0208,30.1412,-97.6721,14.3365,16.8665,2.848739050491714e-06,False
2532,F0206,30.0512,-97.7462,13.6541,17.0677,2.7828049404025283e-06,False
2533,F0404,30.2477,-97.8619,16.4274,16.4274,2.7531421347958414e-06,False
2534,F0507,30.3178,-97.7147,11.2486,17.3055,2.6645559752714096e-06,False
2535,F0405,30.2884,-97.8236,8.3966,16.7933,1.9150868633276586e-06,False
2536,F0506,30.3099,-97.7788,14.2743,16.7933,3.029474805573345e-06,False
2537,F0608,30.4289,-97.6616,13.8545,16.2994,2.620316358844664e-06,False
2538,F0306,30.2363,-97.7491,13.4785,16.8482,3.0419954619077697e-06,False
2539,F0508,30.3594,-97.674,15.4926,17.214,3.0257522354292665e-06,False
2540,F0204,30.1798,-97.8766,0.0,17.8726,,False
2541,F0406,30.2878,-97.7404,16.2994,16.2994,3.1033059887803347e-06,False
2542,F0406,30.2583,-97.7745,14.9987,16.6652,3.146161079962208e-06,False
2543,F0505,30.3482,-97.8554,10.1857,16.9762,2.2017556238195115e-06,False
2544,F0206,30.131,-97.7544,11.4269,17.5799,2.88056947809417e-06,False
2545,F0605,30.3726,-97.8371,0.0,17.2506,,False
2546,F0308,30.2139,-97.6623,9.7796,17.7811,2.9578334202815508e-06,False
2547,F0505,30.3144,-97.8097,11.5376,16.4823,2.1241629883740132e-06,False
2548,F0305,30.2228,-97.8578,9.2464,16.8116,2.051665801899695e-06,False
2549,F0406,30.2807,-97.7424,15.606,16.4274,3.0392780335134037e-06,False
2550,F0407,30.244,-97.7394,13.2883,16.6103,2.9495303293575924e-06,False
2551,F0305,30.2185,-97.8109,8.3601,16.7201,2.141639266152531e-06,False
2552,F0407,30.2421,-97.6829,14.2276,16.7384,2.8655604567973933e-06,False
2553,F0508,30.3249,-97.646,13.9907,17.4884,3.0668356395377374e-06,False
2554,F0208,30.1631,-97.6774,8.9089,17.8177,2.8543347492321146e-06,False
2555,F0504,30.3194,-97.9588,0.0,16.5372,,False
2556,F0408,30.2477,-97.6784,5.1532,17.1774,1.9335898849269596e-06,False
2557,F0305,30.2129,-97.8026,6.9441,17.3604,2.028752284940852e-06,False
2558,F0205,30.1656,-97.8396,7.0539,17.6348,2.421291943684867e-06,False
2559,F0608,30.3681,-97.6518,11.0464,16.9945,2.6035761151952112e-06,False
2560,F0404,30.2419,-97.8657,14.2276,16.7384,3.1077854237509492e-06,False
2561,F0206,30.0794,-97.7876,13.1127,16.3908,2.835949402312676e-06,False
2562,F0306,30.2207,-97.7477,13.3615,16.7018,3.0655294109578607e-06,False
2563,F0406,30.261,-97.7546,13.581,16.9762,3.0579456208984333e-06,False
2564,F0304,30.2391,-97.9378,12.9654,17.2872,3.0813655225549793e-06,False
2565,F0308,30.2169,-97.652,9.7192,17.6714,2.9943641441106767e-06,False
2566,F0309,30.2338,-97.5603,0.0,16.464,,False
2567,F0406,30.2502,-97.793,15.7277,16.5555,3.147726562038915e-06,False
2568,F0606,30.5077,-97.7502,16.6286,16.6286,3.0039679257338786e-06,False
2569,F0406,30.2881,-97.7448,5.4167,18.0555,2.9399789038449535e-06,False
2570,F0407,30.2461,-97.7021,12.9791,17.3055,2.83395260262843e-06,False
2571,F0409,30.2437,-97.5091,7.8533,17.4518,2.399421770834636e-06,False
2572,F0306,30.2106,-97.7618,14.5542,17.1226,3.1363366351565367e-06,False
2573,F0409,30.2885,-97.6166,6.281,17.9458,2.4284926374093524e-06,False
2574,F0604,30.4066,-97.9192,0.0,16.6835,,False
2575,F0307,30.1888,-97.7083,10.6138,17.6897,3.0329762380957816e-06,False
2576,F0505,30.3123,-97.8347,6.217,17.7628,2.1346327155103594e-06,False
2577,F0405,30.241,-97.8196,7.7463,17.214,2.008070660156388e-06,False
2578,F0507,30.3366,-97.6943,13.9789,16.4457,2.615465200660072e-06,False
2579,F0204,30.0904,-97.9086,0.0,16.8665,,False
2580,F0306,30.1929,-97.78,14.9328,16.5921,3.123740694348985e-06,False
2581,F0406,30.2713,-97.7582,16.2079,16.2079,2.8875658988710453e-06,False
2582,F0407,30.2401,-97.7266,15.0316,16.7018,2.9662209595919168e-06,False
2583,F0408,30.2482,-97.6271,7.8204,17.3787,1.927335471485752e-06,False
2584,F0605,30.3844,-97.8023,0.0,16.7384,,False
2585,F0507,30.3483,-97.6817,10.4492,17.4153,2.6269185774808828e-06,False
2586,F0406,30.2497,-97.7926,10.6138,17.6897,3.0633868676755707e-06,False
2587,F0507,30.3299,-97.7193,13.2005,16.5006,2.559076174941057e-06,False
2588,F0206,30.1337,-97.7634,9.7192,17.6714,2.7787763331889434e-06,False
2589,F0304,30.1986,-97.8688,15.3454,16.153,2.998412940205495e-06,False
2590,F0307,30.2292,-97.7227,15.832,16.6652,3.007399419115153e-06,False
2591,F0606,30.3894,-97.7843,15.1798,16.8665,2.9714678920920643e-06,False
2592,F0506,30.3492,-97.7877,13.6834,17.1043,3.0125949383007634e-06,False
2593,F0507,30.3093,-97.7107,12.2547,17.5067,2.5909534812358745e-06,False
2594,F0304,30.2284,-97.936,13.3761,16.7201,3.0153426977149296e-06,False
2595,F0506,30.35,-97.7521,14.2276,16.7384,3.0529890170659548e-06,False
2596,F0607,30.3684,-97.7175,10.8919,16.7567,1.984054147393329e-06,False
2597,F0505,30.3341,-97.8271,9.8345,16.3908,2.22854356782269e-06,False
2598,F0306,30.2038,-97.7901,12.8145,17.086,3.0236632613475384e-06,False
2599,F0305,30.2077,-97.8142,6.0761,17.3604,2.025029912002422e-06,False
2600,F0507,30.3142,-97.703,10.526,17.5433,2.58770649121512e-06,False
2601,F0506,30.3115,-97.7658,11.1416,17.1409,2.984074281517295e-06,False
2602,F0408,30.2489,-97.6458,6.0825,17.3787,2.0302686452351596e-06,False
2603,F0308,30.2131,-97.6745,13.0614,17.4153,3.127320231237685e-06,False
2604,F0306,30.1871,-97.7723,11.5577,17.7811,3.0271268213363475e-06,False
2605,F0307,30.2198,-97.7261,13.5078,16.8847,3.0791809095072798e-06,False
2606,F0608,30.554,-97.6418,11.9218,17.0311,2.642565768117027e-06,False
2607,F0406,30.2721,-97.7876,12.1779,17.397,3.1113900751730675e-06,False
2608,F0504,30.3146,-97.8648,0.0,16.9579,,False
2609,F0207,30.1246,-97.6944,12.7047,16.9396,2.783623775585672e-06,False
2610,F0405,30.2842,-97.8512,9.1458,16.6286,2.0010144696021285e-06,False
2611,F0508,30.3205,-97.6475,13.8298,17.2872,3.0898920417548725e-06,False
2612,F0307,30.2214,-97.7133,15.6408,16.464,3.0553920092289417e-06,False
2613,F0505,30.3256,-97.8191,6.8563,17.1409,2.1251412876886316e-06,False
2614,F0507,30.3352,-97.6951,9.4979,17.2689,2.590817914695974e-06,False
2615,F0408,30.2838,-97.6617,8.479,16.9579,1.9632022310869736e-06,False
2616,F0208,30.1238,-97.6624,13.1026,17.4701,2.794593597004667e-06,False
2617,F0607,30.3608,-97.7355,9.4275,17.1409,1.925590312288654e-06,False
2618,F0505,30.3097,-97.8506,7.8533,17.4518,2.1458421528300706e-06,False
2619,F0405,30.2692,-97.8029,6.8783,17.1957,1.9691479956282452e-06,False
2620,F0406,30.2559,-97.7951,14.041,16.5189,3.0262818168693686e-06,False
2621,F0209,30.1141,-97.5854,0.0,17.1226,,False
2622,F0305,30.2288,-97.8042,10.076,16.7933,2.0951343626542216e-06,False
2623,F0406,30.2556,-97.7931,14.7719,17.3787,3.1576148671318973e-06,False
2624,F0407,30.2465,-97.7025,12.5675,16.7567,2.9453076901111758e-06,False
2625,F0607,30.3868,-97.6955,2.6589,17.7262,1.913507030295997e-06,False
2626,F0304,30.2133,-97.9452,11.415,17.5616,2.944400226781164e-06,False
2627,F0407,30.2711,-97.6943,11.3437,17.4518,2.8286564778863278e-06,False
2628,F0505,30.3172,-97.8479,4.5139,18.0555,2.2215895780559704e-06,False
2629,F0205,30.1648,-97.831,11.2248,17.2689,2.542287784475968e-06,False
2630,F0405,30.2891,-97.8239,7.8369,17.4153,1.961959469362722e-06,False
2631,F0506,30.3213,-97.7594,4.5413,18.1653,2.9774195552784947e-06,False
2632,F0507,30.3293,-97.6816,9.6086,17.4701,2.5652174206665807e-06,False
2633,F0306,30.224,-97.7446,9.8199,17.8543,3.0929083440853905e-06,False
2634,F0307,30.2337,-97.7291,14.5697,17.1409,3.147945844505232e-06,False
2635,F0206,30.1795,-97.7412,16.2628,16.2628,2.8784121316084715e-06,False
2636,F0304,30.2004,-97.8772,13.3084,17.7445,2.9932674499598736e-06,False
2637,F0408,30.2701,-97.6308,9.3973,17.086,1.9408249425931164e-06,False
2638,F0507,30.309,-97.6872,12.4303,16.5738,2.659093116541458e-06,False
2639,F0205,30.1103,-97.8229,8.9546,17.9092,2.5250504078352075e-06,False
2640,F0307,30.2269,-97.7365,13.6688,17.086,3.0639176454560764e-06,False
2641,F0407,30.2852,-97.7368,11.9346,17.0494,2.849998354864937e-06,False
2642,F0205,30.1663,-97.8002,11.5504,16.5006,2.507371650427374e-06,False
2643,F0305,30.2118,-97.8122,5.2465,17.4884,2.032741774291964e-06,False
2644,F0307,30.2245,-97.7144,13.8005,17.2506,3.101074853376179e-06,False
2645,F0504,30.3479,-97.8713,0.0,17.086,,False
2646,F0308,30.2247,-97.6212,15.7798,16.6103,3.1343186568199666e-06,False
2647,F0308,30.2175,-97.6772,16.3908,16.3908,2.9336341746004276e-06,False
2648,F0305,30.225,-97.8575,7.8039,17.3421,2.0250235868020554e-06,False
2649,F0409,30.2975,-97.5058,6.2618,17.8909,2.391611578493941e-06,False
2650,F0207,30.1572,-97.6811,11.973,17.1043,2.6891155174238473e-06,False
2651,F0405,30.2922,-97.8378,9.9333,16.5555,1.9273446075184755e-06,False
2652,F0208,30.1589,-97.6361,11.7297,16.7567,2.865628536971365e-06,False
2653,F0305,30.2097,-97.8028,4.4361,17.7445,2.023086830843057e-06,False
2654,F0406,30.2773,-97.7587,10.4931,17.4884,3.0773350272416105e-06,False
2655,F0206,30.0599,-97.7491,7.1417,17.8543,2.8230393302821374e-06,False
2656,F0409,30.2606,-97.6128,10.7729,16.5738,2.4034810322612755e-06,False
2657,F0306,30.2153,-97.7815,13.3468,16.6835,3.1110190952499898e-06,False
2658,F0406,30.2429,-97.7945,14.6164,17.1957,3.1570358305202563e-06,False
2659,F0206,30.1662,-97.7692,14.7024,16.3359,2.823923107228782e-06,False
2660,F0205,30.1516,-97.8365,9.4979,17.2689,2.461292505317184e-06,False
2661,F0207,30.1764,-97.681,13.9944,16.464,2.7676700638854223e-06,False
2662,F0607,30.3684,-97.7236,7.7052,17.1226,1.9678846762761685e-06,False
2663,F0407,30.2691,-97.7309,5.4441,18.147,2.945512833375002e-06,False
2664,F0608,30.4671,-97.6739,12.0498,17.214,2.5328659981368844e-06,False
2665,F0507,30.3315,-97.684,11.9346,17.0494,2.587761113088564e-06,False
2666,F0207,30.1701,-97.7316,8.0344,17.8543,2.6961664604142216e-06,False
2667,F0406,30.2633,-97.7798,16.0615,16.0615,2.8680043818263637e-06,False
2668,F0208,30.134,-97.6466,4.5185,18.0738,2.647427899754221e-06,False
2669,F0409,30.2981,-97.5458,4.4636,17.8543,2.409403256970571e-06,False
2670,F0408,30.2861,-97.6604,5.263,17.5433,1.8837573331222148e-06,False
2671,F0309,30.2303,-97.6114,0.0,17.8909,,False
2672,F0504,30.3365,-97.8796,0.0,17.6348,,False
2673,F0404,30.2767,-97.9442,12.938,17.2506,3.125823189931986e-06,False
2674,F0604,30.3952,-97.8834,0.0,16.8665,,False
2675,F0507,30.329,-97.6963,11.8321,16.903,2.585860745401376e-06,False
2676,F0306,30.2279,-97.7429,11.308,17.397,3.1054396390565694e-06,False
2677,F0208,30.0782,-97.6743,12.9517,16.1896,2.745266866076507e-06,False
2678,F0408,30.2525,-97.6577,7.0978,17.7445,1.9436119579010046e-06,False
2679,F0306,30.237,-97.7528,12.787,17.0494,3.0145367057418833e-06,False
2680,F0506,30.3417,-97.7817,13.0614,17.4153,3.0613502485113224e-06,False
2681,F0405,30.2611,-97.8536,4.4271,17.7811,2.024995084378049e-06,False
2682,F0405,30.2634,-97.8327,7.7216,17.1591,2.013772046410522e-06,False
2683,F0407,30.2451,-97.6928,16.4457,16.4457,2.9445392422442997e-06,False
2684,F0206,30.1614,-97.7472,15.1469,16.8299,2.8673977304718193e-06,False
2685,F0608,30.3631,-97.6415,6.1978,17.7079,2.4950112107678443e-06,False
2686,F0306,30.1908,-97.781,13.1712,17.5616,2.998621279446157e-06,False
2687,F0406,30.2526,-97.7617,15.4323,16.2445,3.1002982236928185e-06,False
2688,F0507,30.3042,-97.728,8.0262,17.836,2.5514094305476622e-06,False
2689,F0406,30.2821,-97.7978,13.4346,16.7933,3.049155495830341e-06,False
2690,F0308,30.2316,-97.6578,12.4989,16.6652,2.9951948826772236e-06,False
2691,F0405,30.2421,-97.8111,9.2464,16.8116,1.9914989589784384e-06,False
2692,F0208,30.0971,-97.6693,14.352,16.8847,2.793463984775458e-06,False
2693,F0305,30.1982,-97.8018,8.7808,17.5616,2.0154515309910164e-06,False
2694,F0606,30.4275,-97.7444,15.7451,16.5738,2.9704819652861018e-06,False
2695,F0308,30.2397,-97.6648,15.1469,16.8299,3.10941009060118e-06,False
2696,F0604,30.3668,-97.8622,0.0,17.0494,,False
2697,F0205,30.1505,-97.8012,9.518,17.3055,2.5707125191103472e-06,False
2698,F0307,30.183,-97.6914,9.7394,17.7079,3.0840574909249977e-06,False
2699,F0405,30.2683,-97.8004,7.5652,16.8116,1.931421120656039e-06,False
2700,F0406,30.2477,-97.7843,16.5738,16.5738,3.1450280257542954e-06,False
2701,F0308,30.2223,-97.6782,8.0344,17.8543,3.141420552284094e-06,False
2702,F0505,30.3238,-97.8226,10.9632,16.8665,2.125461558221599e-06,False
2703,F0407,30.2759,-97.7023,12.4715,16.6286,2.8751639965049497e-06,False
2704,F0205,30.15,-97.807,11.7425,16.775,2.520654944407623e-06,False
2705,F0508,30.3168,-97.6576,13.0889,17.4518,2.9404370775916715e-06,False
2706,F0305,30.1943,-97.8348,6.9441,17.3604,2.1388532971735463e-06,False
2707,F0506,30.3168,-97.7424,14.2898,16.8116,3.0273963374446175e-06,False
2708,F0406,30.2544,-97.7881,6.2682,17.9092,3.162564239149972e-06,False
2709,F0407,30.2694,-97.7004,10.2955,17.1591,2.9124157859382468e-06,False
2710,F0607,30.4856,-97.7079,2.6864,17.9092,1.9637026080991914e-06,False
2711,F0207,30.169,-97.6992,9.5985,17.4518,2.7807309332838397e-06,False
2712,F0206,30.1688,-97.7724,15.7277,16.5555,2.80716804130227e-06,False
2713,F0506,30.3236,-97.7696,14.041,16.5189,3.000179870224365e-06,False
2714,F0409,30.2994,-97.5141,8.6527,17.3055,2.4140682747454028e-06,False
2715,F0406,30.2705,-97.796,14.2276,16.7384,3.1207232670304926e-06,False
2716,F0608,30.3894,-97.6555,13.3615,16.7018,2.6406449176757154e-06,False
2717,F0406,30.2635,-97.7843,3.6001,18.0006,2.9677263339874694e-06,False
2718,F0408,30.2947,-97.6518,8.2137,16.4274,2.0303942758322986e-06,False
2719,F0405,30.2817,-97.8058,7.9192,17.5982,1.992049738784662e-06,False
2720,F0507,30.3016,-97.6888,11.9218,17.0311,2.6410993736155144e-06,False
2721,F0506,30.3329,-97.7775,14.041,16.5189,3.024048965351444e-06,False
2722,F0208,30.086,-97.674,12.1523,17.3604,2.801625890779677e-06,False
2723,F0607,30.4303,-97.7269,9.7357,16.2262,1.934064769807531e-06,False
2724,F0508,30.3144,-97.6486,13.5663,16.9579,3.0481373742798816e-06,False
2725,F0508,30.3016,-97.6303,15.081,16.7567,3.0715750588254127e-06,False
2726,F0407,30.2519,-97.7009,11.1059,17.086,2.9772420943555443e-06,False
2727,F0407,30.2638,-97.6925,8.8448,17.6897,2.981877559687411e-06,False
2728,F0305,30.2366,-97.8345,5.3288,17.7628,2.0155347405782946e-06,False
2729,F0207,30.1574,-97.7198,11.8833,16.9762,2.837021356486824e-06,False
2730,F0509,30.3193,-97.5284,0.0,17.5799,,False
2731,F0606,30.4013,-97.7832,14.7097,17.3055,2.9742882493710026e-06,False
2732,F0206,30.1641,-97.7946,3.6367,18.1836,2.764429293660356e-06,False
2733,F0405,30.2911,-97.8562,7.5652,16.8116,2.0133312960687603e-06,False
2734,F0507,30.3133,-97.7365,11.1416,17.1409,2.5953273329516085e-06,False
2735,F0207,30.1528,-97.7311,8.0838,17.9641,2.72303452414306e-06,False
2736,F0305,30.2154,-97.8157,9.1558,16.6469,2.0648399216979403e-06,False
2737,F0406,30.2459,-97.7788,12.2035,17.4335,3.051986798384578e-06,False
2738,F0507,30.3588,-97.7329,10.88,16.7384,2.531843740902334e-06,False
2739,F0408,30.2421,-97.6596,7.2853,16.1896,1.971466774839523e-06,False
2740,F0305,30.2362,-97.8173,9.4275,17.1409,2.134747266907861e-06,False
2741,F0206,30.115,-97.7984,13.1438,17.525,2.860263479615319e-06,False
2742,F0209,30.1707,-97.5655,0.0,17.9458,,False
2743,F0509,30.3365,-97.6145,0.0,16.8847,,False
2744,F0307,30.2368,-97.7369,9.6689,17.5799,3.144517782813623e-06,False
2745,F0508,30.3171,-97.6769,10.526,17.5433,3.0560959524789734e-06,False
2746,F0407,30.2523,-97.7148,12.7047,16.9396,2.8820375676242947e-06,False
2747,F0504,30.319,-97.9632,0.0,17.2872,,False
2748,F0305,30.2276,-97.8592,9.4375,17.1591,2.126893154079612e-06,False
2749,F0206,30.0975,-97.7913,10.9513,16.8482,2.8645351049654428e-06,False
2750,F0407,30.2554,-97.731,15.5539,16.3725,2.94280375620451e-06,False
2751,F0408,30.2447,-97.6412,9.7906,16.3177,1.925628293066736e-06,False
2752,F0504,30.3343,-97.9122,0.0,16.9213,,False
2753,F0406,30.2619,-97.7748,10.4931,17.4884,3.117127061317838e-06,False
2754,F0307,30.2118,-97.7098,13.9633,16.4274,3.1215783386709796e-06,False
2755,F0408,30.2779,-97.6616,5.3014,17.6714,2.029659992518818e-06,False
2756,F0305,30.2117,-97.8128,10.0869,16.8116,2.060665405440001e-06,False
2757,F0306,30.2046,-97.7972,14.5853,17.1591,3.096707404855734e-06,False
2758,F0507,30.3006,-97.6829,9.5784,17.4153,2.623732691536625e-06,False
2759,F0307,30.2246,-97.7081,13.4785,16.8482,3.0313228139740165e-06,False
2760,F0305,30.1874,-97.8248,9.3168,16.9396,2.047486196096813e-06,False
2761,F0306,30.2029,-97.7812,9.7696,17.7628,2.9874270961450074e-06,False
2762,F0606,30.4018,-97.7746,12.9109,17.214,2.9302989935897617e-06,False
2763,F0405,30.2496,-97.8268,6.9149,17.2872,1.890132934903852e-06,False
2764,F0506,30.3129,-97.7888,6.281,17.9458,2.951976115423129e-06,False
2765,F0308,30.1855,-97.6703,10.3723,17.2872,3.075755324628886e-06,False
2766,F0608,30.3982,-97.6358,14.8341,16.4823,2.6097384244667704e-06,False
2767,F0509,30.3522,-97.5605,0.0,16.6286,,False
2768,F0406,30.2627,-97.7826,10.6467,17.7445,3.1393895460034304e-06,False
2769,F0507,30.3005,-97.6911,6.345,18.1287,2.5122482836369554e-06,False
2770,F0306,30.2335,-97.7466,9.6388,17.525,2.984130852701718e-06,False
2771,F0607,30.3651,-97.7117,8.296,16.5921,1.9223552665647827e-06,False
2772,F0505,30.3204,-97.8126,7.0612,17.6531,2.2157182770083923e-06,False
2773,F0507,30.3261,-97.6807,10.0211,16.7018,2.6111595608941122e-06,False
2774,F0406,30.2881,-97.7674,15.6234,16.4457,3.1620160114236267e-06,False
2775,F0408,30.2704,-97.6724,6.1786,17.6531,1.9848748733106443e-06,False
2776,F0507,30.3055,-97.7234,13.5956,16.9945,2.6401617728189246e-06,False
2777,F0309,30.1882,-97.5772,0.0,16.5738,,False
2778,F0505,30.3244,-97.8078,6.8271,17.0677,2.1844796221317763e-06,False
2779,F0306,30.2362,-97.7587,13.42,16.775,3.067334737775126e-06,False
2780,F0309,30.2108,-97.5537,0.0,17.3238,,False
2781,F0207,30.118,-97.6997,12.101,17.2872,2.716033245261042e-06,False
2782,F0406,30.261,-97.7915,14.2587,16.775,3.0916763877990295e-06,False
2783,F0408,30.2865,-97.6575,9.9882,16.6469,1.9601465195328023e-06,False
2784,F0208,30.1445,-97.6422,8.9454,17.8909,2.796955971953106e-06,False
2785,F0407,30.2415,-97.7185,12.1779,17.397,2.918186510037613e-06,False
2786,F0307,30.2011,-97.7116,14.5386,17.1043,3.0497836787167867e-06,False
2787,F0304,30.2356,-97.8754,12.8419,17.1226,2.93856956397448e-06,False
2788,F0408,30.2882,-97.6494,9.1055,16.5555,1.9790044108296685e-06,False
2789,F0406,30.2786,-97.7782,13.5517,16.9396,3.1571454835657568e-06,False
2790,F0605,30.3896,-97.822,0.0,17.0494,,False
2791,F0307,30.2338,-97.7184,10.6028,17.6714,3.0587847518147158e-06,False
2792,F0506,30.3379,-97.7841,15.7103,16.5372,2.9770709937043053e-06,False
2793,F0506,30.3596,-97.7794,15.4496,16.2628,2.9630633692562724e-06,False
2794,F0507,30.3092,-97.7144,8.9363,17.8726,2.543375234137442e-06,False
2795,F0507,30.3089,-97.7181,14.7371,16.4091,2.672143985416571e-06,False
2796,F0307,30.2193,-97.7271,11.1653,17.1774,3.147240134675222e-06,False
2797,F0508,30.3077,-97.6663,16.2445,16.2445,2.669092380421168e-06,False
2798,F0407,30.2529,-97.6978,13.098,16.3725,2.8527875468487045e-06,False
2799,F0205,30.178,-97.8359,11.6785,16.6835,2.5935259838527527e-06,False
2800,F0306,30.2205,-97.7684,8.0262,17.836,3.060861772162014e-06,False
2801,F0506,30.3035,-97.7969,12.1267,17.3238,3.093411346373568e-06,False
2802,F0207,30.1784,-97.6963,15.9884,16.8299,2.8253323907843447e-06,False
2803,F0507,30.3154,-97.7125,11.0108,16.9396,2.6057174120647654e-06,False
2804,F0506,30.3054,-97.7988,14.3365,16.8665,3.0915130027675054e-06,False
2805,F0406,30.2589,-97.7843,16.1896,16.1896,2.9788687306088636e-06,False
2806,F0208,30.1285,-97.6777,8.7168,17.4335,2.72082777567857e-06,False
2807,F0306,30.1842,-97.7459,9.7997,17.8177,3.04091384876913e-06,False
2808,F0609,30.363,-97.551,0.0,17.8177,,False
2809,F0405,30.2823,-97.822,10.6421,16.3725,1.971091323862303e-06,False
2810,F0305,30.2296,-97.8234,10.054,16.7567,2.0849191482346516e-06,False
2811,F0405,30.2931,-97.8487,7.6064,16.903,1.98751142264028e-06,False
2812,F0509,30.335,-97.5871,0.0,16.464,,False
2813,F0508,30.3324,-97.6551,12.101,17.2872,2.966354783062966e-06,False
2814,F0409,30.2447,-97.6004,7.7545,17.2323,2.358377499412528e-06,False
2815,F0606,30.3806,-97.7855,9.7394,17.7079,2.9634203850442854e-06,False
2816,F0504,30.3107,-97.8637,0.0,17.0128,,False
2817,F0406,30.2913,-97.7803,15.0152,16.6835,3.0783001894406473e-06,False
2818,F0305,30.2187,-97.8208,8.4698,16.9396,2.0466595610293687e-06,False
2819,F0407,30.2861,-97.7228,10.4492,17.4153,2.87475174422675e-06,False
2820,F0507,30.348,-97.7314,11.1891,17.214,2.5389068809586295e-06,False
2821,F0307,30.1881,-97.6877,13.8737,17.3421,3.0143183585432175e-06,False
2822,F0405,30.2575,-97.8553,4.5093,18.0372,1.9678702052345007e-06,False
2823,F0404,30.2728,-97.8827,15.6756,16.5006,3.129628838019854e-06,False
2824,F0307,30.2329,-97.715,12.0114,17.1591,3.0045131519017764e-06,False
2825,F0207,30.1378,-97.7154,12.2419,17.4884,2.825857038326701e-06,False
2826,F0307,30.1841,-97.6939,16.1622,17.0128,3.1343924087961182e-06,False
2827,F0207,30.1754,-97.6909,12.1779,17.397,2.7500073362328844e-06,False
2828,F0405,30.2635,-97.817,7.7134,17.1409,2.026159779094751e-06,False
2829,F0405,30.2553,-97.8079,8.2137,16.4274,1.9068045242759125e-06,False
2830,F0406,30.2607,-97.7598,13.859,17.3238,3.0235213712275237e-06,False
2831,F0406,30.2717,-97.7886,4.491,17.9641,3.1588163799565284e-06,False
2832,F0507,30.3503,-97.6989,11.094,17.0677,2.573482796041363e-06,False
2833,F0605,30.3827,-97.8307,0.0,16.7384,,False
2834,F0508,30.3252,-97.6557,13.8151,17.2689,3.0783341885685825e-06,False
2835,F0606,30.4091,-97.764,11.4031,17.5433,2.958987604944271e-06,False
2836,F0207,30.1216,-97.7059,14.5542,17.1226,2.818079667684124e-06,False
2837,F0506,30.337,-97.7418,11.9346,17.0494,2.987571900711728e-06,False
2838,F0407,30.2461,-97.7139,9.7696,17.7628,2.884923314708674e-06,False
2839,F0507,30.3548,-97.7372,14.1343,16.6286,2.561712503345147e-06,False
2840,F0608,30.3931,-97.6522,12.0114,17.1591,2.5015702539102634e-06,False
2841,F0507,30.3266,-97.682,14.9328,16.5921,2.607545436838501e-06,False
2842,F0606,30.3928,-97.7536,12.9105,17.214,2.956772727655968e-06,False
2843,F0408,30.2691,-97.6316,9.4878,17.2506,1.984397243095094e-06,False
2844,F0606,30.3823,-97.7828,10.5918,17.6531,3.017453120219597e-06,False
2845,F0506,30.3486,-97.7568,13.0066,17.3421,3.0885711815631693e-06,False
2846,F0406,30.2991,-97.7494,11.3675,17.4884,3.0100782003085875e-06,False
2847,F0308,30.22,-97.6472,14.4298,16.9762,3.1036409974700285e-06,False
2848,F0507,30.3313,-97.7376,7.032,17.5799,2.5106991561192447e-06,False
2849,F0204,30.1212,-97.9023,0.0,17.2506,,False
2850,F0306,30.1929,-97.7497,15.4323,16.2445,3.034998339992298e-06,False
2851,F0306,30.2233,-97.7451,13.281,17.7079,3.081428397190355e-06,False
2852,F0405,30.2523,-97.8096,9.9991,16.6652,1.983825014470956e-06,False
2853,F0508,30.3071,-97.6484,15.5191,16.3359,3.0972974738506206e-06,False
2854,F0505,30.3452,-97.8425,9.5482,17.3604,2.220701453050798e-06,False
2855,F0607,30.4051,-97.686,9.0351,16.4274,2.007295327617812e-06,False
2856,F0405,30.2405,-97.8036,3.6001,18.0006,1.9269180532640196e-06,False
2857,F0409,30.2498,-97.572,10.1308,16.8847,2.496899768048125e-06,False
2858,F0605,30.3696,-97.8587,0.0,16.8116,,False
2859,F0508,30.3353,-97.6336,13.9789,16.4457,2.9525476165658443e-06,False
2860,F0506,30.3268,-97.7454,11.415,17.5616,3.1148839737495435e-06,False
2861,F0506,30.3242,-97.7728,14.1499,16.6469,3.0294098249572152e-06,False
2862,F0305,30.181,-97.8519,3.5892,17.9458,2.122813516990349e-06,False
2863,F0607,30.3838,-97.7244,9.4476,17.1774,1.934474057027498e-06,False
2864,F0206,30.176,-97.7659,11.8449,16.9213,2.80383657509241e-06,False
2865,F0307,30.2381,-97.7136,14.2276,16.7384,3.047357551862846e-06,False
2866,F0307,30.2353,-97.7296,12.938,17.2506,3.1140624124935873e-06,False
2867,F0506,30.36,-97.7517,13.1712,17.5616,3.0603507638875005e-06,False
2868,F0405,30.2876,-97.839,6.7978,16.9945,1.9455925690728805e-06,False
2869,F0308,30.2223,-97.6296,14.8176,16.464,2.993151386710598e-06,False
2870,F0307,30.1925,-97.7369,10.6577,17.7628,3.0095003768279826e-06,False
2871,F0608,30.4339,-97.6797,13.1858,16.4823,2.5097330815367715e-06,False
2872,F0407,30.2605,-97.7383,11.4507,17.6165,2.8996710782478358e-06,False
2873,F0407,30.2593,-97.7267,12.8008,17.0677,2.8789223786010107e-06,False
2874,F0205,30.1492,-97.8334,11.64,16.6286,2.48380610993657e-06,False
2875,F0206,30.1489,-97.7528,14.2121,16.7201,2.8100597049749272e-06,False
2876,F0408,30.2799,-97.6527,9.2765,16.8665,1.9953407824068207e-06,False
2877,F0306,30.2108,-97.7698,13.581,16.9762,3.1558073416957408e-06,False
2878,F0506,30.3537,-97.7869,13.5224,16.903,3.062717867546798e-06,False
2879,F0307,30.2352,-97.7282,16.8847,16.8847,3.1412767814493927e-06,False
2880,F0606,30.4097,-97.7864,13.0477,17.397,2.9495439323684407e-06,False
2881,F0306,30.2098,-97.7987,14.2432,16.7567,3.159141156960037e-06,False
2882,F0209,30.1651,-97.6146,0.0,16.7201,,False
2883,F0306,30.2186,-97.7865,15.606,16.4274,3.1450845711207477e-06,False
2884,F0407,30.2458,-97.7332,13.581,16.9762,2.948731887557476e-06,False
2885,F0305,30.1958,-97.8205,6.9002,17.2506,2.0325985596437613e-06,False
2886,F0505,30.3075,-97.8494,8.4149,16.8299,2.2012384751571645e-06,False
2887,F0507,30.3369,-97.7025,11.3675,17.4884,2.6260936812597964e-06,False
2888,F0507,30.3377,-97.7217,14.181,16.6835,2.6089397531966466e-06,False
2889,F0204,30.1648,-97.96,0.0,16.3359,,False
2890,F0306,30.2336,-97.7425,14.5231,17.086,3.1305259029394477e-06,False
2891,F0307,30.1855,-97.717,8.8906,17.7811,3.0234007368524894e-06,False
2892,F0406,30.2463,-97.754,12.7047,16.9396,3.048722806951555e-06,False
2893,F0406,30.2441,-97.7672,16.2994,16.2994,3.1207353614027492e-06,False
2894,F0409,30.2896,-97.5459,4.4864,17.9458,2.3468262048328688e-06,False
2895,F0406,30.2509,-97.7669,12.3187,17.5982,2.9985947957125345e-06,False
2896,F0407,30.242,-97.6958,4.523,18.0921,2.774866250577953e-06,False
2897,F0508,30.3495,-97.6538,11.308,17.397,3.050891677394647e-06,False
2898,F0608,30.4425,-97.6764,10.4711,17.4518,2.634873340019608e-06,False
2899,F0204,30.1301,-97.9062,0.0,16.464,,False
2900,F0206,30.143,-97.7619,9.8702,17.9458,2.8548458951265513e-06,False
2901,F0308,30.1907,-97.6741,14.041,16.5189,3.1062358218836885e-06,False
2902,F0404,30.2835,-97.877,14.1654,16.6652,3.012901361290095e-06,False
2903,F0407,30.2454,-97.6836,13.1858,16.4823,2.9372434584035455e-06,False
2904,F0206,30.1255,-97.7523,12.5675,16.7567,2.8901209015310227e-06,False
2905,F0208,30.1784,-97.6785,10.8086,16.6286,2.708317455575094e-06,False
2906,F0605,30.3608,-97.8302,0.0,17.8177,,False
2907,F0407,30.2783,-97.7001,15.328,16.1347,2.905668726924164e-06,False
2908,F0408,30.2577,-97.6429,6.1594,17.5982,1.9110063453442355e-06,False
2909,F0506,30.3268,-97.78,16.2445,16.2445,3.000704582070197e-06,False
2910,F0207,30.1729,-97.6827,13.3615,16.7018,2.7560128553131804e-06,False
2911,F0207,30.1386,-97.7159,13.2151,16.5189,2.7656067424080297e-06,False
2912,F0309,30.1946,-97.4995,0.0,17.1591,,False
2913,F0205,30.1699,-97.8481,11.909,17.0128,2.5944547742696165e-06,False
2914,F0404,30.29,-97.8906,12.7322,16.9762,3.0369765424186957e-06,False
2915,F0206,30.1468,-97.7814,4.4956,17.9823,2.9070976036915587e-06,False
2916,F0207,30.1273,-97.6859,14.1965,16.7018,2.7409661834740652e-06,False
2917,F0307,30.231,-97.721,14.5386,17.1043,3.000450713810124e-06,False
2918,F0507,30.3138,-97.7387,9.6891,17.6165,2.6604812294003956e-06,False
2919,F0206,30.1774,-97.7851,13.2736,16.5921,2.902214870059686e-06,False
2920,F0506,30.3054,-97.7671,12.8694,17.1591,3.045899934399674e-06,False
2921,F0507,30.3266,-97.7327,10.3065,17.1774,2.637401501751207e-06,False
2922,F0307,30.1984,-97.7065,15.081,16.7567,3.033633942112207e-06,False
2923,F0407,30.2802,-97.7393,15.3454,16.153,2.9441276433475426e-06,False
2924,F0306,30.1992,-97.7429,15.1798,16.8665,3.1690599300461514e-06,False
2925,F0207,30.171,-97.7185,13.2151,16.5189,2.7063667402762743e-06,False
2926,F0407,30.2964,-97.6827,13.5517,16.9396,2.956644312549498e-06,False
2927,F0507,30.3359,-97.7207,11.0464,16.9945,2.528751895026845e-06,False
2928,F0405,30.2621,-97.8047,9.1961,16.7201,2.0097809738966235e-06,False
2929,F0407,30.2414,-97.6849,11.3437,17.4518,2.927083922963611e-06,False
2930,F0505,30.3539,-97.8122,8.7168,17.4335,2.215524939127111e-06,False
2931,F0206,30.1728,-97.7556,13.5371,16.9213,2.920951985168436e-06,False
2932,F0607,30.3611,-97.7361,5.2849,17.6165,2.013126795484061e-06,False
2933,F0508,30.3143,-97.6618,13.281,17.7079,2.9609042041061463e-06,False
2934,F0507,30.3395,-97.735,7.1051,17.7628,2.5451249736011667e-06,False
2935,F0405,30.2707,-97.8483,3.6257,18.1287,1.998932913799648e-06,False
2936,F0406,30.2655,-97.7649,13.13,17.5067,3.091585717582103e-06,False
2937,F0307,30.2166,-97.7162,13.6249,17.0311,2.9950748844871416e-06,False
2938,F0306,30.1905,-97.7554,14.5386,17.1043,3.131396452691308e-06,False
2939,F0307,30.2303,-97.7312,15.7972,16.6286,3.149142169422102e-06,False
2940,F0405,30.2713,-97.8502,0.9119,18.2385,1.8049592329671778e-06,False
2941,F0306,30.2243,-97.798,9.6388,17.525,3.10003659356636e-06,False
2942,F0304,30.2375,-97.8748,12.2163,17.4518,3.0450866902389942e-06,False
2943,F0305,30.2102,-97.835,5.9993,17.1409,1.9943847249083793e-06,False
2944,F0308,30.2278,-97.667,14.3209,16.8482,3.035280875701631e-06,False
2945,F0409,30.2771,-97.5504,14.653,16.2811,2.4563153514169274e-06,False
2946,F0304,30.2136,-97.906,15.1304,16.8116,2.926645122593711e-06,False
2947,F0506,30.3442,-97.7622,12.2803,17.5433,3.0126789805639837e-06,False
2948,F0406,30.2757,-97.7751,9.6991,17.6348,3.0239388658311365e-06,False
2949,F0407,30.2996,-97.7327,15.6582,16.4823,2.912549613120466e-06,False
2950,F0408,30.2813,-97.6293,8.4149,16.8299,1.9561338199582676e-06,False
2951,F0409,30.2402,-97.6197,11.2842,17.3604,2.378417427738937e-06,False
2952,F0406,30.2953,-97.7994,14.9493,16.6103,3.159077849629224e-06,False
2953,F0507,30.3386,-97.7128,10.5708,16.2628,2.5538713670492493e-06,False
2954,F0509,30.3456,-97.6125,0.0,17.7262,,False
2955,F0304,30.2108,-97.8643,14.6365,16.2628,3.033250228150276e-06,False
2956,F0304,30.2371,-97.8624,12.7322,16.9762,2.9458203092293364e-06,False
2957,F0305,30.1928,-97.8407,9.7467,16.2445,2.0681484150849037e-06,False
2958,F0505,30.3062,-97.8006,9.347,16.9945,2.1189938398962123e-06,False
2959,F0407,30.2903,-97.7348,12.2035,17.4335,2.864560065627249e-06,False
2960,F0405,30.2885,-97.8107,8.4332,16.8665,1.92200481745307e-06,False
2961,F0307,30.2046,-97.7281,16.3725,16.3725,3.06557604126109e-06,False
2962,F0208,30.1789,-97.6671,15.7277,16.5555,2.7932968468888516e-06,False
2963,F0508,30.3202,-97.6693,15.1798,16.8665,2.9974569183005572e-06,False
2964,F0606,30.445,-97.7726,9.6891,17.6165,2.9518521917162074e-06,False
2965,F0605,30.397,-97.8472,0.0,17.9275,,False
2966,F0304,30.2009,-97.865,10.6248,17.7079,2.89709612639559e-06,False
2967,F0306,30.2099,-97.7675,15.5191,16.3359,3.143288609929216e-06,False
2968,F0305,30.2008,-97.8335,9.9113,16.5189,2.0775458728793426e-06,False
2969,F0606,30.4454,-97.764,15.6756,16.5006,2.991336353081115e-06,False
2970,F0505,30.3261,-97.8431,7.6228,16.9396,2.1558333038985156e-06,False
2971,F0608,30.4093,-97.6772,11.1178,17.1043,2.5312114456821643e-06,False
2972,F0409,30.2974,-97.6126,10.8681,16.7201,2.4092183851112474e-06,False
2973,F0306,30.2127,-97.7795,11.3794,17.5067,3.1681766122411696e-06,False
2974,F0208,30.1253,-97.6767,10.5479,17.5799,2.7683938684921675e-06,False
2975,F0205,30.1529,-97.8064,10.4821,17.4701,2.5324714342821105e-06,False
2976,F0406,30.2784,-97.7515,12.1907,17.4153,3.1309779469229512e-06,False
2977,F0408,30.2695,-97.6742,6.8856,17.214,2.0276893187252005e-06,False
2978,F0407,30.2645,-97.6819,13.2444,16.5555,2.9379763094868983e-06,False
2979,F0509,30.3456,-97.5996,0.0,16.7567,,False
2980,F0207,30.1673,-97.7053,2.7083,18.0555,2.5804190914141252e-06,False
2981,F0606,30.374,-97.7483,15.0646,16.7384,3.053777203841987e-06,False
2982,F0606,30.4089,-97.7867,5.4331,18.1104,3.0969964483942278e-06,False
2983,F0207,30.1072,-97.6892,10.7784,17.9641,2.8011881843549423e-06,False
2984,F0506,30.3551,-97.778,14.9822,16.6469,3.087400533994297e-06,False
2985,F0305,30.1982,-97.8047,7.5981,16.8847,2.06067159890899e-06,False
2986,F0408,30.2838,-97.6229,6.1594,17.5982,1.96712113865571e-06,False
2987,F0506,30.3379,-97.7621,15.7972,16.6286,3.0653342446794316e-06,False
2988,F0406,30.2901,-97.7739,9.7494,17.7262,3.0485554088566713e-06,False
2989,F0506,30.3149,-97.7648,14.2898,16.8116,2.980250594746941e-06,False
2990,F0306,30.2369,-97.7949,16.6469,16.6469,2.9767897212664286e-06,False
2991,F0408,30.2548,-97.6743,6.0249,17.214,1.948897778063726e-06,False
2992,F0305,30.2287,-97.8108,8.4332,16.8665,2.0785315616083925e-06,False
2993,F0605,30.3635,-97.8534,0.0,16.7933,,False
2994,F0607,30.4098,-97.7289,8.4515,16.903,2.03510049210022e-06,False
2995,F0209,30.1387,-97.5788,0.0,16.6469,,False
2996,F0309,30.1823,-97.5706,0.0,16.8482,,False
2997,F0408,30.2422,-97.664,9.347,16.9945,1.9523132816987574e-06,False
2998,F0407,30.2814,-97.7268,14.7847,16.4274,2.8779121951841004e-06,False
2999,F0508,30.3008,-97.664,14.3209,16.8482,3.067581342446014e-06,False
3000,F0405,30.2467,-97.8507,5.3124,17.7079,1.8799068075200988e-06,False
3001,F0507,30.3289,-97.7025,14.0255,16.5006,2.622734771557647e-06,False
3002,F0406,30.2992,-97.7617,12.2547,17.5067,3.1564139363077513e-06,False
3003,F0207,30.1379,-97.7221,13.3175,16.6469,2.730425776636302e-06,False
3004,F0407,30.2952,-97.6943,11.4031,17.5433,3.000119613993669e-06,False
3005,F0306,30.1841,-97.7965,16.1713,16.1713,3.0032493543217755e-06,False
3006,F0307,30.1908,-97.7179,16.5372,16.5372,2.633954398506894e-06,False
3007,F0204,30.1003,-97.8817,0.0,18.0006,,False
3008,F0406,30.2739,-97.7541,9.0003,18.0006,3.16515697552889e-06,False
3009,F0406,30.2582,-97.7423,10.6577,17.7628,3.1266350858786992e-06,False
3010,F0506,30.3009,-97.7959,11.3675,17.4884,2.964907378128222e-06,False
3011,F0307,30.2265,-97.7045,14.2743,16.7933,3.0089924174233956e-06,False
3012,F0504,30.3176,-97.8654,0.0,16.7933,,False
3013,F0205,30.1024,-97.848,11.9602,17.086,2.5688271051495947e-06,False
3014,F0206,30.1573,-97.7468,10.6138,17.6897,2.7952413795568075e-06,False
3015,F0507,30.3105,-97.6811,12.595,16.7933,2.6432999098158623e-06,False
3016,F0505,30.3585,-97.8513,9.9772,16.6286,2.1670301290955293e-06,False
3017,F0207,30.1252,-97.7009,7.1198,17.7994,2.7489358551815253e-06,False
3018,F0505,30.3262,-97.8241,7.8616,17.4701,2.130068008754954e-06,False
3019,F0205,30.1566,-97.8237,10.987,16.903,2.4618028116652656e-06,False
3020,F0505,30.3301,-97.8152,8.4607,16.9213,2.1372400558088053e-06,False
3021,F0608,30.4031,-97.6384,12.5538,16.7384,2.524981966585483e-06,False
3022,F0205,30.1684,-97.8358,11.2248,17.2689,2.5590449021221684e-06,False
3023,F0507,30.3523,-97.7019,10.5699,17.6165,2.613458199938329e-06,False
3024,F0505,30.3247,-97.8183,9.3872,17.0677,2.1944372759703833e-06,False
3025,F0508,30.3135,-97.6541,15.3115,17.0128,3.0635666402060644e-06,False
3026,F0409,30.285,-97.6068,10.2187,17.0311,2.37466305783615e-06,False
3027,F0206,30.1254,-97.7466,12.7459,16.9945,2.7782518898333657e-06,False
3028,F0307,30.1803,-97.6839,15.9015,16.7384,3.1327694154667063e-06,False
3029,F0508,30.3533,-97.647,7.171,17.9275,2.9395555413338353e-06,False
3030,F0305,30.2006,-97.8514,9.8674,16.4457,2.085741869083097e-06,False
3031,F0506,30.3109,-97.7407,15.6756,16.5006,2.9943818280322917e-06,False
3032,F0607,30.414,-97.6961,7.7052,17.1226,1.9448841475327346e-06,False
3033,F0205,30.1737,-97.8154,13.098,16.3725,2.5653445043794914e-06,False
3034,F0508,30.3398,-97.6644,13.9789,16.4457,2.9706010741160243e-06,False
3035,F0206,30.1674,-97.7699,15.9362,16.775,2.799240635329071e-06,False
3036,F0406,30.2878,-97.7698,14.5231,17.086,3.0779077098051994e-06,False
3037,F0206,30.1704,-97.7541,13.0541,16.3177,2.8614410364486526e-06,False
3038,F0307,30.1802,-97.7095,11.308,17.397,2.9915177767302764e-06,False
3039,F0409,30.2674,-97.5125,11.5888,16.5555,2.420131713633429e-06,False
3040,F0207,30.1746,-97.7235,9.6186,17.4884,2.7539181586231927e-06,False
3041,F0206,30.1778,-97.7581,12.7459,16.9945,2.8617985580773556e-06,False
3042,F0407,30.2933,-97.7293,14.8011,16.4457,2.9890382742167034e-06,False
3043,F0409,30.2514,-97.6138,4.459,17.836,2.3707782708512e-06,False
3044,F0506,30.3248,-97.7543,12.3443,17.6348,3.064194252678311e-06,False
3045,F0506,30.3589,-97.7523,15.2786,16.9762,3.0428142452455445e-06,False
3046,F0308,30.1911,-97.6798,15.9189,16.7567,3.0567958579469064e-06,False
3047,F0307,30.1904,-97.72,16.5372,16.5372,2.9525247811862067e-06,False
3048,F0509,30.3093,-97.6057,0.0,16.9579,,False
3049,F0506,30.3206,-97.7536,12.8556,17.1409,3.0302063161965657e-06,False
3050,F0506,30.3052,-97.7557,9.679,17.5982,2.9773321431459765e-06,False
3051,F0405,30.2672,-97.8504,9.7796,16.2994,1.919260075222988e-06,False
3052,F0506,30.357,-97.7644,11.415,17.5616,2.972677831293845e-06,False
3053,F0409,30.2953,-97.5662,13.1858,16.4823,2.4543884768199676e-06,False
3054,F0405,30.2459,-97.8114,9.2564,16.8299,1.977655456938032e-06,False
3055,F0206,30.1692,-97.7809,8.7899,17.5799,2.7783837756186717e-06,False
3056,F0509,30.327,-97.6163,0.0,16.6835,,False
3057,F0207,30.0913,-97.7091,14.5871,16.2079,2.7232838955202726e-06,False
3058,F0408,30.2746,-97.6667,7.6475,16.9945,2.013269323147242e-06,False
3059,F0508,30.331,-97.6441,15.6756,16.5006,3.1013490268805136e-06,False
3060,F0608,30.4525,-97.6364,11.8193,16.8847,2.5406542295310227e-06,False
3061,F0607,30.3926,-97.6876,9.1558,16.6469,1.981833521260788e-06,False
3062,F0304,30.1803,-98.0117,13.5078,16.8847,3.0086299155776617e-06,False
3063,F0205,30.1664,-97.8223,11.3794,17.5067,2.5613527600817026e-06,False
3064,F0507,30.3275,-97.6838,10.7016,16.464,2.5422569284681422e-06,False
3065,F0406,30.2801,-97.7751,8.982,17.9641,3.0047383058220782e-06,False
3066,F0407,30.2465,-97.6852,13.4493,16.8116,2.8791365307509627e-06,False
3067,F0307,30.2043,-97.6862,16.4823,16.4823,3.024209621033737e-06,False
3068,F0304,30.1904,-97.9783,13.5663,16.9579,2.971757041302133e-06,False
3069,F0208,30.131,-97.6472,13.2151,16.5189,2.7556388776869156e-06,False
3070,F0208,30.1535,-97.6585,11.3913,17.525,2.770218149738361e-06,False
3071,F0405,30.2999,-97.8369,6.0761,17.3604,1.9658624051878092e-06,False
3072,F0405,30.242,-97.8521,6.1338,17.525,1.943725158758289e-06,False
3073,F0506,30.3063,-97.761,6.3258,18.0738,2.9934214168341985e-06,False
3074,F0405,30.2884,-97.8,7.4417,16.5372,1.909411324908844e-06,False
3075,F0307,30.1813,-97.7307,15.1304,16.8116,3.1254622307760427e-06,False
3076,F0406,30.2471,-97.7856,15.3938,17.1043,3.161708152977534e-06,False
3077,F0407,30.2861,-97.6935,15.3975,16.2079,2.9502771836856353e-06,False
3078,F0608,30.425,-97.647,5.3288,17.7628,2.5039285486099566e-06,False
3079,F0209,30.1301,-97.6181,0.0,16.6469,,False
3080,F0305,30.2317,-97.8153,9.2967,16.903,2.1448090959464626e-06,False
3081,F0506,30.3368,-97.7987,14.3987,16.9396,3.000425881262593e-06,False
3082,F0309,30.2299,-97.5935,0.0,16.7384,,False
3083,F0205,30.1695,-97.817,13.098,16.3725,2.4712040830046975e-06,False
3084,F0405,30.2543,-97.8056,7.6064,16.903,1.9242051019490393e-06,False
3085,F0408,30.2554,-97.6745,3.6111,18.0555,2.025975943246602e-06,False
3086,F0607,30.3788,-97.7246,9.7577,16.2628,1.9769335439741013e-06,False
3087,F0208,30.171,-97.668,13.7712,17.214,2.7985724298474154e-06,False
3088,F0307,30.2178,-97.7246,9.0003,18.0006,3.162338724264113e-06,False
3089,F0304,30.2174,-97.8622,13.6395,17.0494,3.038783358346337e-06,False
3090,F0307,30.2009,-97.7164,13.581,16.9762,3.0858469465293227e-06,False
3091,F0507,30.3497,-97.6917,11.3199,17.4153,2.5738333659496167e-06,False
3092,F0204,30.1147,-98.0016,0.0,16.9213,,False
3093,F0305,30.2398,-97.8479,6.185,17.6714,2.1337901212002054e-06,False
3094,F0407,30.272,-97.7345,12.5812,16.775,2.8546459132112735e-06,False
3095,F0406,30.2918,-97.7595,15.1633,16.8482,3.1578666466047106e-06,False
3096,F0306,30.1888,-97.7999,14.6319,17.214,3.0166574145796155e-06,False
3097,F0205,30.1719,-97.825,13.9167,16.3725,2.526207894720396e-06,False
3098,F0508,30.3394,-97.643,12.8694,17.1591,2.954582113086452e-06,False
3099,F0605,30.4071,-97.8368,0.0,17.9458,,False
3100,F0506,30.3065,-97.7777,15.6408,16.464,3.013272649877237e-06,False
3101,F0406,30.2541,-97.7709,12.2035,17.4335,3.0470970542463127e-06,False
3102,F0507,30.3281,-97.712,13.4054,16.7567,2.6519308935557334e-06,False
3103,F0407,30.269,-97.7311,10.4162,17.3604,2.9509464452188316e-06,False
3104,F0406,30.297,-97.7684,10.6028,17.6714,3.007576162217078e-06,False
3105,F0205,30.1279,-97.8156,12.595,16.7933,2.5217339734047304e-06,False
3106,F0305,30.2265,-97.8144,7.9933,17.7628,2.068324312927853e-06,False
3107,F0605,30.3646,-97.8419,0.0,16.2079,,False
3108,F0504,30.3057,-97.9012,0.0,17.9641,,False
3109,F0505,30.3009,-97.8056,9.4073,17.1043,2.1092736903657297e-06,False
3110,F0604,30.3855,-97.9173,0.0,17.7628,,False
3111,F0408,30.2421,-97.6217,9.347,16.9945,1.9315925808657236e-06,False
3112,F0506,30.3407,-97.7535,14.2121,16.7201,3.0473991665554677e-06,False
3113,F0307,30.2268,-97.7074,16.3908,16.3908,2.9962090820749462e-06,False
3114,F0506,30.3012,-97.7899,12.3956,17.7079,3.1129511686338936e-06,False
3115,F0508,30.3331,-97.6341,14.492,17.0494,2.9994157169809297e-06,False
3116,F0407,30.2637,-97.7294,12.101,17.2872,2.8653390988254155e-06,False
3117,F0405,30.2927,-97.8465,6.0313,17.2323,1.988700301181433e-06,False
3118,F0508,30.344,-97.6654,10.5589,17.5982,2.971155325303586e-06,False
3119,F0408,30.2741,-97.6654,2.6891,17.9275,1.9180411098196272e-06,False
3120,F0308,30.2096,-97.6366,11.3199,17.4153,3.0021347976333786e-06,False
3121,F0504,30.313,-97.8766,0.0,16.7567,,False
3122,F0607,30.3874,-97.7226,8.3143,16.6286,2.0049885664691323e-06,False
3123,F0306,30.2179,-97.7506,15.9015,16.7384,3.1169365594659417e-06,False
3124,F0208,30.1432,-97.6795,12.5812,16.775,2.736177719497656e-06,False
3125,F0406,30.2748,-97.7483,13.4639,16.8299,3.0035506933093653e-06,False
3126,F0505,30.3524,-97.829,8.4698,16.9396,2.1120185742489533e-06,False
3127,F0407,30.2685,-97.7335,14.9987,16.6652,2.9362400449390046e-06,False
3128,F0507,30.3165,-97.7135,12.6773,16.903,2.62014048780219e-06,False
3129,F0308,30.2154,-97.646,15.4149,16.2262,3.094892480205212e-06,False
3130,F0509,30.3397,-97.5579,0.0,17.3055,,False
3131,F0405,30.2881,-97.8114,8.4607,16.9213,2.0113304606545325e-06,False
3132,F0506,30.3397,-97.769,5.4715,18.2385,2.992893766139604e-06,False
3133,F0605,30.409,-97.8318,0.0,16.3177,,False
3134,F0306,30.1947,-97.7972,15.2127,16.903,3.0372072160108753e-06,False
3135,F0408,30.2961,-97.679,9.025,16.4091,1.9951891266380535e-06,False
3136,F0506,30.3434,-97.7461,11.1534,17.1591,3.018056704447416e-06,False
3137,F0206,30.1734,-97.7929,13.3029,16.6286,2.8881024219708917e-06,False
3138,F0505,30.3266,-97.8538,9.9882,16.6469,2.216759594178566e-06,False
3139,F0606,30.3831,-97.7489,13.6834,17.1043,3.0818532533876834e-06,False
3140,F0605,30.4664,-97.8503,0.0,16.5921,,False
3141,F0605,30.4515,-97.8452,0.0,17.2872,,False
3142,F0506,30.3225,-97.7986,15.1633,16.8482,3.07095277359759e-06,False
3143,F0404,30.2408,-97.9052,4.4636,17.8543,3.0619119504120127e-06,False
3144,F0407,30.2831,-97.7353,11.6657,16.6652,2.9678961976728225e-06,False
3145,F0505,30.3056,-97.8358,9.4878,17.2506,2.120467782787481e-06,False
3146,F0408,30.272,-97.6609,5.252,17.5067,1.9959674683426724e-06,False
3147,F0607,30.3746,-97.7287,10.5708,16.2628,2.0010254152998797e-06,False
3148,F0205,30.1408,-97.8125,11.6272,16.6103,2.4888809264711405e-06,False
3149,F0504,30.3209,-97.9015,0.0,16.3177,,False
3150,F0506,30.3221,-97.7429,8.0427,17.8726,2.9067216446268567e-06,False
3151,F0609,30.4181,-97.5723,0.0,17.9275,,False
3152,F0608,30.49,-97.6741,11.6785,16.6835,2.543801715878017e-06,False
3153,F0504,30.3399,-97.8963,0.0,16.3542,,False
3154,F0206,30.0863,-97.7818,11.3913,17.525,2.851973989403226e-06,False
3155,F0306,30.1839,-97.7456,13.9176,17.397,3.0804926519054673e-06,False
3156,F0407,30.2402,-97.6832,11.5221,17.7262,2.929951537834988e-06,False
3157,F0306,30.2045,-97.7516,10.6357,17.7262,2.9940094763633573e-06,False
3158,F0209,30.1771,-97.6083,0.0,17.214,,False
3159,F0206,30.1326,-97.7558,11.2486,17.3055,2.8525989711051966e-06,False
3160,F0605,30.4317,-97.8161,0.0,16.2811,,False
3161,F0405,30.2681,-97.8327,6.1594,17.5982,1.9708310944567195e-06,False
3162,F0207,30.1459,-97.7328,13.5956,16.9945,2.789636666782679e-06,False
3163,F0408,30.2409,-97.6739,9.1961,16.7201,1.9375039672442235e-06,False
3164,F0306,30.2352,-97.7721,10.6687,17.7811,3.088468323374135e-06,False
3165,F0505,30.3001,-97.8414,6.2106,17.7445,2.173375649277988e-06,False
3166,F0407,30.2901,-97.7303,12.2675,17.525,2.972066758029658e-06,False
3167,F0606,30.4062,-97.7454,14.6941,17.2872,3.0081260537845257e-06,False
3168,F0307,30.2289,-97.7287,13.1858,16.4823,3.033570061671624e-06,False
3169,F0605,30.4034,-97.8413,0.0,16.5189,,False
3170,F0306,30.1966,-97.7783,16.3359,16.3359,3.0793298196953066e-06,False
3171,F0209,30.1527,-97.6043,0.0,16.4091,,False
3172,F0607,30.3827,-97.726,10.8086,16.6286,1.987887728018746e-06,False
3173,F0306,30.2232,-97.7705,13.6249,17.0311,3.138492364232267e-06,False
3174,F0508,30.3401,-97.6767,10.4821,17.4701,2.9487040445167232e-06,False
3175,F0207,30.1241,-97.7343,11.8065,16.8665,2.680313084194266e-06,False
3176,F0207,30.0527,-97.6916,10.6303,16.3542,2.704691694839948e-06,False
3177,F0507,30.3415,-97.6997,13.2151,16.5189,2.6301991711041904e-06,False
3178,F0204,30.1448,-97.8823,0.0,17.836,,False
3179,F0506,30.3508,-97.7564,15.9884,16.8299,3.0487532882053474e-06,False
3180,F0307,30.2332,-97.7254,4.5276,18.1104,2.906525959106714e-06,False
3181,F0406,30.294,-97.7653,12.8419,17.1226,3.0361343370683682e-06,False
3182,F0206,30.1182,-97.754,12.7322,16.9762,2.914502740888097e-06,False
3183,F0606,30.3685,-97.7418,11.1772,17.1957,2.974847256441291e-06,False
3184,F0205,30.1608,-97.8486,13.4639,16.8299,2.596938938473616e-06,False
3185,F0607,30.4529,-97.6864,7.6887,17.086,1.9977377266163014e-06,False
3186,F0307,30.207,-97.7322,14.3831,16.9213,3.137976177421185e-06,False
3187,F0407,30.2768,-97.7073,14.7847,16.4274,2.887162114352976e-06,False
3188,F0408,30.2431,-97.6238,8.2869,16.5738,1.9381485755157014e-06,False
3189,F0204,30.1703,-97.8614,0.0,17.0494,,False
3190,F0407,30.2564,-97.7221,12.938,17.2506,2.975484810093361e-06,False
3191,F0408,30.2873,-97.6342,9.4275,17.1409,2.0092054844947767e-06,False
3192,F0406,30.2587,-97.7561,15.7625,16.5921,3.1691649745893243e-06,False
3193,F0407,30.2473,-97.7137,16.0753,16.9213,2.937400778937736e-06,False
3194,F0204,30.1256,-97.8802,0.0,16.5006,,False
3195,F0509,30.303,-97.6145,0.0,16.8847,,False
3196,F0406,30.2672,-97.7611,14.8835,16.5372,3.0931392783370654e-06,False
3197,F0506,30.3067,-97.7738,8.0262,17.836,3.0274420909506768e-06,False
3198,F0307,30.2165,-97.7373,15.7277,16.5555,3.0080557401291963e-06,False
3199,F0305,30.2175,-97.8042,9.0552,16.464,2.052187254122554e-06,False
3200,F0206,30.1728,-97.7579,14.3054,16.8299,2.925213314401167e-06,False
3201,F0306,30.2131,-97.7878,16.464,16.464,2.697026339613641e-06,False
3202,F0607,30.3654,-97.7354,9.4073,17.1043,2.0057104528360253e-06,False
3203,F0306,30.1992,-97.7815,14.352,16.8847,3.153330638098594e-06,False
3204,F0609,30.3703,-97.6172,0.0,17.4701,,False
3205,F0407,30.2637,-97.6835,6.3066,18.0189,2.90010515259967e-06,False
3206,F0407,30.2788,-97.7269,5.4002,18.0006,2.905145596364026e-06,False
3207,F0405,30.2424,-97.8018,9.7467,16.2445,1.954805953276165e-06,False
3208,F0606,30.3832,-97.7991,14.9822,16.6469,3.1006727039659983e-06,False
3209,F0307,30.2069,-97.7219,7.1417,17.8543,3.0064758758465728e-06,False
3210,F0407,30.2933,-97.7352,11.2605,17.3238,2.8263775664270875e-06,False
3211,F0206,30.177,-97.7677,13.2883,16.6103,2.814558891471369e-06,False
3212,F0208,30.1271,-97.6611,10.4052,17.3421,2.8377626748439337e-06,False
3213,F0406,30.2937,-97.7893,12.3443,17.6348,3.089841579502264e-06,False
3214,F0506,30.3027,-97.7645,15.0316,16.7018,3.1108954964824165e-06,False
3215,F0409,30.2873,-97.6162,8.7259,17.4518,2.3760192153636403e-06,False
3216,F0206,30.1753,-97.7617,11.415,17.5616,2.8328695445071746e-06,False
3217,F0405,30.2972,-97.8347,1.7781,17.7811,1.8366283495834386e-06,False
3218,F0407,30.2883,-97.7176,15.0481,16.7201,2.9913942654089345e-06,False
3219,F0408,30.2608,-97.637,6.8929,17.2323,1.9465138082775253e-06,False
3220,F0508,30.3011,-97.655,12.1267,17.3238,2.940400311416796e-06,False
3221,F0605,30.4289,-97.8318,0.0,17.5982,,False
3222,F0305,30.2088,-97.8341,6.0889,17.397,2.0564321246482813e-06,False
3223,F0606,30.3642,-97.7988,15.2127,16.903,3.0901689506749284e-06,False
3224,F0306,30.2083,-97.7913,9.7394,17.7079,3.081423646495346e-06,False
3225,F0408,30.2924,-97.6651,7.5652,16.8116,1.9018867478368421e-06,False
3226,F0506,30.3065,-97.794,12.9654,17.2872,3.0483776894123807e-06,False
3227,F0209,30.1361,-97.6042,0.0,18.0738,,False
3228,F0607,30.3968,-97.7127,8.232,16.464,1.9720772987154707e-06,False
3229,F0508,30.3015,-97.6285,14.4719,16.0798,3.048950505768537e-06,False
3230,F0307,30.2308,-97.7213,13.8444,17.3055,3.0524905784450247e-06,False
3231,F0408,30.274,-97.6706,8.9848,16.3359,1.9870225245435975e-06,False
3232,F0308,30.1802,-97.6314,4.4864,17.9458,2.9613089506234946e-06,False
3233,F0506,30.3397,-97.7888,15.1633,16.8482,3.0242020290139102e-06,False
3234,F0206,30.1058,-97.7485,12.8694,17.1591,2.876154459664464e-06,False
3235,F0505,30.3062,-97.8232,6.2298,17.7994,2.1049524429534637e-06,False
3236,F0406,30.2875,-97.7562,14.0877,16.5738,3.166436762577402e-06,False
3237,F0305,30.2179,-97.8572,3.5745,17.8726,1.9838567332391185e-06,False
3238,F0506,30.3254,-97.7614,15.3115,17.0128,3.0917065300327363e-06,False
3239,F0307,30.2376,-97.7126,12.9928,17.3238,3.077586305077416e-06,False
3240,F0304,30.2377,-97.9581,14.8341,16.4823,2.998401854353993e-06,False
3241,F0406,30.2692,-97.7553,15.7103,16.5372,3.143515828951283e-06,False
3242,F0405,30.286,-97.8102,6.7173,16.7933,2.0080393271628354e-06,False
3243,F0405,30.2934,-97.8326,6.9588,17.397,1.9020873596969738e-06,False
3244,F0308,30.1825,-97.6761,16.5006,16.5006,2.948291835774716e-06,False
3245,F0606,30.386,-97.7928,12.7047,16.9396,2.9427482327548074e-06,False
3246,F0605,30.3941,-97.8446,0.0,16.7384,,False
3247,F0205,30.1732,-97.8595,12.6636,16.8847,2.579237206625778e-06,False
3248,F0208,30.0867,-97.6691,12.938,17.2506,2.8477716723123076e-06,False
3249,F0208,30.1796,-97.6274,14.3365,16.8665,2.7468284007559415e-06,False
3250,F0305,30.22,-97.8295,9.2967,16.903,2.09473621814802e-06,False
3251,F0408,30.2527,-97.6593,4.4087,17.6348,1.8908782095952118e-06,False
3252,F0409,30.2579,-97.5698,12.5126,16.6835,2.371926771239241e-06,False
3253,F0506,30.3098,-97.7544,16.3725,16.3725,2.9952676848603424e-06,False
3254,F0204,30.1478,-97.8966,0.0,16.4823,,False
3255,F0607,30.3819,-97.6984,8.5887,17.1774,2.017825874236618e-06,False
3256,F0606,30.3822,-97.7836,8.7625,17.525,3.05970031478194e-06,False
3257,F0506,30.3221,-97.7628,12.1267,17.3238,3.038842163592315e-06,False
3258,F0306,30.2141,-97.7654,10.6028,17.6714,3.1731683880701755e-06,False
3259,F0508,30.3036,-97.6602,11.2129,17.2506,3.023395878063703e-06,False
3260,F0505,30.3223,-97.8399,7.0393,17.5982,2.163308785081251e-06,False
3261,F0404,30.2502,-97.8761,13.1566,16.4457,3.0127216327768542e-06,False
3262,F0305,30.2002,-97.8242,8.4424,16.8847,2.0394778382809998e-06,False
3263,F0506,30.3254,-97.7992,9.8199,17.8543,3.035689221742897e-06,False
3264,F0608,30.3739,-97.6251,10.2845,17.1409,2.5025529624653783e-06,False
3265,F0409,30.2478,-97.5793,13.0834,16.3542,2.4384276909733684e-06,False
3266,F0607,30.3863,-97.7127,4.4316,17.7262,1.9577197298812724e-06,False
3267,F0507,30.3438,-97.7002,10.4931,17.4884,2.605190431822729e-06,False
3268,F0505,30.3228,-97.8208,3.5818,17.9092,2.0806510711797102e-06,False
3269,F0507,30.3012,-97.6821,11.1297,17.1226,2.5433502002615907e-06,False
3270,F0404,30.2695,-97.8734,9.7997,17.8177,3.0910045031550524e-06,False
3271,F0504,30.3143,-97.9101,0.0,16.9579,,False
3272,F0208,30.1505,-97.6633,12.5812,16.775,2.764280260421874e-06,False
3273,F0208,30.1557,-97.6423,11.8577,16.9396,2.8621001946906797e-06,False
3274,F0408,30.2666,-97.6514,10.8324,16.6652,1.9878638668581537e-06,False
3275,F0306,30.1862,-97.7459,14.6859,16.3177,3.053648940449052e-06,False
3276,F0404,30.2713,-97.8631,4.5459,18.1836,3.0798981061640792e-06,False
3277,F0405,30.2458,-97.8006,9.015,16.3908,1.9973227133739625e-06,False
3278,F0504,30.3273,-97.8674,0.0,17.9458,,False
3279,F0306,30.1843,-97.7816,13.0614,17.4153,3.1003738577879426e-06,False
3280,F0406,30.2567,-97.7527,13.6541,17.0677,3.080959483037893e-06,False
3281,F0207,30.1743,-97.6983,13.3175,16.6469,2.817715580653526e-06,False
3282,F0407,30.2792,-97.682,11.8577,16.9396,2.8377907980667598e-06,False
3283,F0407,30.271,-97.7325,15.9362,16.775,2.9002328186762195e-06,False
3284,F0205,30.1799,-97.802,12.787,17.0494,2.5881089698913612e-06,False
3285,F0507,30.3442,-97.7043,11.909,17.0128,2.569309657227535e-06,False
3286,F0505,30.3039,-97.8064,8.3418,16.6835,2.1274292232903756e-06,False
3287,F0406,30.2608,-97.7655,12.1523,17.3604,3.109895260754487e-06,False
3288,F0308,30.2256,-97.6424,13.034,17.3787,3.0027867427822593e-06,False
3289,F0308,30.2281,-97.6359,14.3831,16.9213,3.0159177292950754e-06,False
3290,F0306,30.2343,-97.7849,11.2129,17.2506,2.9975478959511954e-06,False
3291,F0406,30.2864,-97.7614,13.8005,17.2506,3.05089507176335e-06,False
3292,F0406,30.2499,-97.7403,15.328,17.0311,3.14751723996565e-06,False
3293,F0606,30.4126,-97.7752,15.4496,16.2628,2.9819808239407876e-06,False
3294,F0404,30.2912,-97.8697,11.4269,17.5799,3.0989589021506114e-06,False
3295,F0408,30.2505,-97.6603,4.395,17.5799,1.9539474440194383e-06,False
3296,F0506,30.3195,-97.7739,13.3175,16.6469,2.9643282294853604e-06,False
3297,F0404,30.2607,-97.9161,16.153,16.153,2.913483377462464e-06,False
3298,F0606,30.4724,-97.7457,13.4346,16.7933,3.0131953869254633e-06,False
3299,F0306,30.2238,-97.7826,10.5479,17.5799,3.1068248996419005e-06,False
3300,F0409,30.2937,-97.5527,10.4382,17.397,2.4014445936110782e-06,False
3301,F0407,30.2623,-97.726,13.7301,16.153,2.955532434577589e-06,False
3302,F0408,30.2756,-97.6392,8.4241,16.8482,1.9423548963755754e-06,False
3303,F0406,30.247,-97.7736,11.6053,17.8543,3.108083627733561e-06,False
3304,F0307,30.2019,-97.7364,14.3676,16.903,3.0384502375236896e-06,False
3305,F0305,30.2338,-97.8015,7.7545,17.2323,2.1309698789482193e-06,False
3306,F0404,30.2867,-97.873,11.7004,18.0006,3.084338634019954e-06,False
3307,F0407,30.27,-97.7079,14.8835,16.5372,2.948246630521032e-06,False
3308,F0506,30.3317,-97.7556,13.5078,16.8847,3.082832949637617e-06,False
3309,F0405,30.2635,-97.8543,7.5817,16.8482,1.94796836457028e-06,False
3310,F0305,30.2398,-97.8513,6.2106,17.7445,2.0785946825504662e-06,False
3311,F0505,30.3456,-97.851,10.0211,16.7018,2.229303808016608e-06,False
3312,F0408,30.246,-97.668,9.8455,16.4091,1.9435338027035825e-06,False
3313,F0405,30.2424,-97.8031,2.6644,17.7628,1.8463461754806648e-06,False
3314,F0306,30.2312,-97.7965,13.5224,16.903,3.0336354670194014e-06,False
3315,F0506,30.307,-97.7755,14.867,16.5189,2.983940675545848e-06,False
3316,F0308,30.2294,-97.6512,10.7784,17.9641,3.0900376829274564e-06,False
3317,F0304,30.1961,-97.8944,15.6408,16.464,3.0090778759382804e-06,False
3318,F0508,30.3055,-97.6616,12.9242,17.2323,2.946160015035302e-06,False
3319,F0408,30.2966,-97.6206,0.8991,17.9823,1.8129210483371565e-06,False
3320,F0607,30.4884,-97.7336,10.6659,16.4091,2.0348890316498262e-06,False
3321,F0306,30.2239,-97.7778,10.7126,17.8543,3.1537986163618316e-06,False
3322,F0404,30.2838,-97.9217,10.5479,17.5799,3.062064016392968e-06,False
3323,F0405,30.2474,-97.8534,9.7577,16.2628,1.9546574969537346e-06,False
3324,F0308,30.2129,-97.6596,11.5339,17.7445,3.1031657174005503e-06,False
3325,F0506,30.3232,-97.7633,14.4924,17.0494,2.948078927291663e-06,False
3326,F0204,30.1545,-97.8735,0.0,18.1104,,False
3327,F0408,30.2635,-97.6643,8.9948,16.3542,1.999407522285454e-06,False
3328,F0407,30.2615,-97.7072,15.1304,16.8116,2.9868002621561313e-06,False
3329,F0408,30.2796,-97.6787,9.2765,16.8665,2.0304032505618545e-06,False
3330,F0404,30.2639,-97.9094,14.1965,16.7018,3.1213154561493745e-06,False
3331,F0606,30.4043,-97.7478,15.5191,16.3359,3.0205576697750318e-06,False
3332,F0408,30.2846,-97.6555,6.6295,16.5738,1.9912491889587488e-06,False
3333,F0305,30.2388,-97.8435,11.448,16.3542,2.1427990643035157e-06,False
3334,F0407,30.2702,-97.7307,15.1469,16.8299,2.9088105772367675e-06,False
3335,F0407,30.2797,-97.6929,8.9729,17.9458,2.9819631540220368e-06,False
3336,F0405,30.2531,-97.833,4.427,17.7079,1.9523988392710894e-06,False
3337,F0407,30.2603,-97.7321,12.9654,17.2872,2.979503844967199e-06,False
3338,F0407,30.2888,-97.7055,13.3615,16.7018,2.8467293572657514e-06,False
3339,F0609,30.4084,-97.556,0.0,16.1896,,False
3340,F0507,30.3075,-97.728,11.1297,17.1226,2.6489840008078568e-06,False
3341,F0607,30.4427,-97.6948,7.3676,16.3725,1.918639060542099e-06,False
3342,F0305,30.2126,-97.8469,5.3124,17.7079,2.083675201193222e-06,False
3343,F0409,30.2646,-97.5099,10.4272,17.3787,2.4729722837561914e-06,False
3344,F0606,30.407,-97.7688,15.0975,16.775,3.059609534290458e-06,False
3345,F0607,30.3791,-97.7265,6.8198,17.0494,1.990869956166756e-06,False
3346,F0407,30.2712,-97.7338,13.0889,17.4518,2.986183906364775e-06,False
3347,F0307,30.2101,-97.7129,6.2938,17.9823,3.052588259994438e-06,False
3348,F0505,30.3597,-97.8362,9.9772,16.6286,2.1390420412245337e-06,False
3349,F0608,30.4232,-97.6487,10.3613,17.2689,2.5739052164888476e-06,False
3350,F0408,30.2665,-97.659,7.6722,17.0494,1.967665667648712e-06,False
3351,F0608,30.4098,-97.6752,13.2444,16.5555,2.5857369144421905e-06,False
3352,F0506,30.3428,-97.7448,15.0316,16.7018,3.0716021622921683e-06,False
3353,F0508,30.3148,-97.6267,15.9884,16.8299,3.063843936837061e-06,False
3354,F0407,30.2573,-97.7181,12.6636,16.8847,2.9074457498397537e-06,False
3355,F0406,30.2839,-97.7496,11.415,17.5616,3.080499948305063e-06,False
3356,F0607,30.3756,-97.6926,6.9515,17.3787,2.013408840349395e-06,False
3357,F0306,30.1839,-97.7934,16.2262,16.2262,2.750058215789068e-06,False
3358,F0205,30.1653,-97.8282,9.0003,18.0006,2.583614957321772e-06,False
3359,F0404,30.273,-97.9742,12.9517,17.2689,3.0541674873507316e-06,False
3360,F0504,30.3403,-97.8615,0.0,17.0128,,False
3361,F0505,30.3363,-97.8441,8.3418,16.6835,2.1682822530278453e-06,False
3362,F0405,30.2663,-97.8297,9.1256,16.5921,1.973959988170747e-06,False
3363,F0306,30.2283,-97.7634,13.4054,16.7567,3.112650860542294e-06,False
3364,F0208,30.1625,-97.666,12.1907,17.4153,2.8614968854031962e-06,False
3365,F0404,30.252,-97.91,11.9474,17.0677,3.028282122485528e-06,False
3366,F0207,30.1623,-97.705,11.7553,16.7933,2.8112435117504613e-06,False
3367,F0407,30.297,-97.6939,13.8005,17.2506,2.980002682966698e-06,False
3368,F0408,30.2881,-97.666,7.7381,17.1957,1.9336933069585523e-06,False
3369,F0607,30.4095,-97.6854,6.1209,17.4884,1.916940482165419e-06,False
3370,F0407,30.2814,-97.6946,16.5006,16.5006,2.972119985087063e-06,False
3371,F0606,30.3808,-97.7579,14.8999,16.5555,2.955830802500622e-06,False
3372,F0609,30.3733,-97.5656,0.0,17.3604,,False
3373,F0409,30.2567,-97.6014,13.0834,16.3542,2.3944065703904638e-06,False
3374,F0306,30.183,-97.7987,15.3444,17.0494,3.1455753683483817e-06,False
3375,F0406,30.2418,-97.758,14.6941,17.2872,3.106099424968672e-06,False
3376,F0406,30.2823,-97.7579,13.8737,17.3421,3.0324070401172362e-06,False
3377,F0506,30.3364,-97.7528,11.9474,17.0677,3.068383308249336e-06,False
3378,F0404,30.2951,-97.9187,16.6103,16.6103,3.0456709848240132e-06,False
3379,F0409,30.2966,-97.503,7.9027,17.5616,2.382304128801331e-06,False
3380,F0407,30.2732,-97.7375,13.42,16.775,2.9547200058312683e-06,False
3381,F0507,30.3422,-97.701,11.7937,16.8482,2.5614838248507257e-06,False
3382,F0509,30.3547,-97.5706,0.0,16.903,,False
3383,F0409,30.2791,-97.6121,7.032,17.5799,2.4412480633033098e-06,False
3384,F0405,30.2702,-97.8467,10.9037,16.775,2.011592877201819e-06,False
3385,F0407,30.2594,-97.7169,13.9789,16.4457,2.8650604013189635e-06,False
3386,F0506,30.314,-97.7859,13.8151,17.2689,3.0223564655552606e-06,False
3387,F0406,30.2582,-97.7954,16.1347,16.1347,3.0005076535533277e-06,False
3388,F0407,30.2405,-97.7262,13.5078,16.8847,2.867715370693833e-06,False
3389,F0308,30.1965,-97.6726,15.4496,16.2628,3.1124775840871794e-06,False
3390,F0605,30.3669,-97.8036,0.0,17.7628,,False
3391,F0507,30.3372,-97.6868,13.1273,16.4091,2.6099795551632623e-06,False
3392,F0407,30.2677,-97.709,5.4441,18.147,2.8840781285671007e-06,False
3393,F0405,30.2785,-97.8272,8.0857,16.1713,2.0117878408311594e-06,False
3394,F0508,30.3339,-97.665,14.4142,16.9579,2.9550417218350675e-06,False
3395,F0506,30.3013,-97.7861,11.3913,17.525,2.9483530873885096e-06,False
3396,F0306,30.2337,-97.7976,5.4331,18.1104,3.022089782788191e-06,False
3397,F0505,30.3305,-97.8157,6.0953,17.4153,2.2184142177038497e-06,False
3398,F0508,30.3232,-97.6685,15.1963,16.8847,3.1016696192278878e-06,False
3399,F0608,30.391,-97.6276,15.6234,16.4457,2.6461870917505e-06,False
3400,F0606,30.3751,-97.7919,13.7273,17.1591,3.0430067287233502e-06,False
3401,F0206,30.1568,-97.7706,15.6756,16.5006,2.8428638402973463e-06,False
3402,F0406,30.2886,-97.7412,14.4142,16.9579,3.1612673955528628e-06,False
3403,F0404,30.2959,-97.9339,10.504,17.5067,3.1119063369852034e-06,False
3404,F0406,30.2563,-97.7671,12.0498,17.214,3.1629499345221915e-06,False
3405,F0307,30.2284,-97.699,16.3542,16.3542,2.942579307566842e-06,False
3406,F0407,30.2825,-97.6932,15.0316,16.7018,2.932962510448925e-06,False
3407,F0507,30.343,-97.7112,9.2464,16.8116,2.549378756755213e-06,False
3408,F0606,30.3701,-97.7673,13.5078,16.8847,3.0155344148128694e-06,False
3409,F0208,30.1261,-97.6204,13.6102,17.0128,2.734768107307418e-06,False
3410,F0508,30.3579,-97.6463,10.5918,17.6531,3.069478739599769e-06,False
3411,F0505,30.3146,-97.8231,10.7967,16.6103,2.122945646349791e-06,False
3412,F0504,30.3221,-97.8695,0.0,17.0494,,False
3413,F0404,30.2409,-97.8682,14.8835,16.5372,2.9824291673773558e-06,False
3414,F0307,30.1821,-97.6932,9.7796,17.7811,3.0441785344627467e-06,False
3415,F0409,30.292,-97.6139,12.4303,16.5738,2.4251270567969866e-06,False
3416,F0304,30.2108,-97.8951,12.7733,17.0311,3.0261474116435416e-06,False
3417,F0409,30.2834,-97.5558,10.2296,17.0494,2.390933278465288e-06,False
3418,F0207,30.1325,-97.7044,11.9218,17.0311,2.7032254372801084e-06,False
3419,F0307,30.2058,-97.6859,14.2432,16.7567,3.0125020363632506e-06,False
3420,F0607,30.3671,-97.7297,9.9662,16.6103,1.9727870907312626e-06,False
3421,F0306,30.1806,-97.7943,16.3542,16.3542,2.9901394450158474e-06,False
3422,F0304,30.2395,-97.9004,14.1654,16.6652,2.988616662812061e-06,False
3423,F0408,30.2525,-97.6403,10.4995,16.153,1.972434731218581e-06,False
3424,F0304,30.1853,-97.8916,12.2291,17.4701,3.055138003341736e-06,False
3425,F0405,30.2651,-97.8238,9.2262,16.775,1.955591077195426e-06,False
3426,F0307,30.2146,-97.7205,16.7384,16.7384,3.051098024962044e-06,False
3427,F0507,30.3108,-97.695,12.0498,17.214,2.561773924680626e-06,False
3428,F0507,30.3016,-97.7348,7.9603,17.6897,2.5847820596043737e-06,False
3429,F0404,30.2806,-97.8912,12.6773,16.903,3.0466311159014803e-06,False
3430,F0507,30.305,-97.7352,12.9105,17.214,2.5315728425415293e-06,False
3431,F0307,30.219,-97.7126,8.0756,17.9458,3.097646206090551e-06,False
3432,F0309,30.2269,-97.4452,0.0,17.6897,,False
3433,F0506,30.3509,-97.7671,12.2931,17.5616,3.029188790703747e-06,False
3434,F0209,30.1747,-97.5915,0.0,16.3908,,False
3435,F0404,30.2591,-97.8674,15.1798,16.8665,3.113683978596968e-06,False
3436,F0305,30.2072,-97.8299,8.3783,16.7567,2.060459354093531e-06,False
3437,F0306,30.212,-97.7958,15.5887,16.4091,3.0673147257718005e-06,False
3438,F0308,30.1897,-97.6715,9.8098,17.836,3.0074364372010426e-06,False
3439,F0307,30.1971,-97.7223,15.2951,16.9945,3.1630451577544313e-06,False
3440,F0606,30.3743,-97.7869,12.8968,17.1957,2.9743436837122156e-06,False
3441,F0207,30.1789,-97.6958,8.9454,17.8909,2.801264330286408e-06,False
3442,F0509,30.3544,-97.6172,0.0,17.3238,,False
3443,F0309,30.2052,-97.6194,0.0,16.3359,,False
3444,F0206,30.0796,-97.7524,14.7353,16.3725,2.829476793443563e-06,False
3445,F0307,30.238,-97.6908,6.3194,18.0555,3.1140968354284945e-06,False
3446,F0304,30.2386,-97.9276,15.2786,16.9762,3.061761224132248e-06,False
3447,F0504,30.3142,-97.9296,0.0,17.4335,,False
3448,F0507,30.3357,-97.6813,7.9521,17.6714,2.6644302438477648e-06,False
3449,F0407,30.2461,-97.6832,13.7859,17.2323,2.863969607421699e-06,False
3450,F0308,30.1853,-97.6473,8.8814,17.7628,2.9920740898751325e-06,False
3451,F0207,30.1591,-97.7198,11.0108,16.9396,2.774512967062352e-06,False
3452,F0406,30.2544,-97.7819,14.1965,16.7018,3.0112612502000642e-06,False
3453,F0408,30.2834,-97.671,9.7467,16.2445,2.007125117164794e-06,False
3454,F0304,30.1917,-97.8732,16.3725,16.3725,2.7881657976817914e-06,False
3455,F0407,30.2977,-97.6965,12.2419,17.4884,2.8944136765293277e-06,False
3456,F0507,30.3286,-97.6917,9.357,17.0128,2.590080759159045e-06,False
3457,F0309,30.2374,-97.6137,0.0,16.2445,,False
3458,F0508,30.316,-97.6656,11.415,17.5616,2.9531455443257204e-06,False
3459,F0608,30.381,-97.6381,8.8265,17.6531,2.502012802112883e-06,False
3460,F0407,30.2494,-97.7137,8.8448,17.6897,2.9601794475224327e-06,False
3461,F0506,30.3599,-97.7684,12.2163,17.4518,3.049274572430836e-06,False
3462,F0306,30.2078,-97.7861,6.2938,17.9823,3.0992545757857097e-06,False
3463,F0505,30.3086,-97.8349,6.9222,17.3055,2.223599633043884e-06,False
3464,F0404,30.293,-97.8618,12.7047,16.9396,2.9706964771774653e-06,False
3465,F0506,30.3347,-97.7706,14.3987,16.9396,2.955208977222071e-06,False
3466,F0306,30.2131,-97.7685,14.8176,16.464,3.1176460391348445e-06,False
3467,F0509,30.3109,-97.6174,0.0,16.464,,False
3468,F0209,30.1774,-97.5406,0.0,17.397,,False
3469,F0404,30.2619,-97.8819,14.5386,17.1043,3.1270287659976125e-06,False
3470,F0406,30.2987,-97.7545,10.4931,17.4884,3.0300021218857595e-06,False
3471,F0308,30.2134,-97.6359,16.3359,16.3359,3.1389212605810555e-06,False
3472,F0608,30.4642,-97.6656,8.5796,17.1591,2.6287612452125664e-06,False
3473,F0404,30.2948,-97.8601,4.491,17.9641,2.8910040669028305e-06,False
3474,F0407,30.2527,-97.6903,13.7127,17.1409,2.9956614180575927e-06,False
3475,F0605,30.3609,-97.8383,0.0,16.903,,False
3476,F0508,30.3005,-97.6679,13.5663,16.9579,2.989115605076938e-06,False
3477,F0308,30.2394,-97.6761,9.85,17.9092,3.0173847231648808e-06,False
3478,F0306,30.2287,-97.7922,14.5075,17.0677,3.117192075476161e-06,False
3479,F0305,30.2036,-97.85,3.5635,17.8177,2.105146096262144e-06,False
3480,F0304,30.237,-97.8973,7.9768,17.7262,2.882703729599717e-06,False
3481,F0307,30.1984,-97.707,13.1026,17.4701,3.009913574814917e-06,False
3482,F0305,30.1987,-97.8163,7.8451,17.4335,2.1029539296220628e-06,False
3483,F0507,30.3325,-97.7257,7.1344,17.836,2.6040926016422466e-06,False
3484,F0405,30.2637,-97.841,4.4407,17.7628,1.8896534705959079e-06,False
3485,F0505,30.3481,-97.8305,10.5589,16.2445,2.243148277276781e-06,False
3486,F0509,30.3442,-97.6092,0.0,17.3604,,False
3487,F0508,30.3331,-97.6637,16.4091,16.4091,2.86077265944849e-06,False
3488,F0405,30.2728,-97.8072,4.4224,17.6897,1.9183802401590927e-06,False
3489,F0407,30.2822,-97.6962,16.1164,16.1164,2.624963534282628e-06,False
3490,F0306,30.2357,-97.7472,15.3609,17.0677,3.055054276134548e-06,False
3491,F0606,30.3695,-97.7833,12.4596,17.7994,3.0641517572683286e-06,False
3492,F0409,30.2969,-97.6091,11.6272,16.6103,2.4204718638938045e-06,False
3493,F0209,30.1761,-97.6123,0.0,16.5738,,False
3494,F0605,30.3646,-97.8328,0.0,17.1957,,False
3495,F0607,30.4098,-97.7168,8.2686,16.5372,2.0285563583063166e-06,False
3496,F0204,30.1341,-97.8716,0.0,17.2506,,False
3497,F0507,30.3234,-97.7012,10.4052,17.3421,2.5903128905377935e-06,False
3498,F0208,30.1558,-97.654,15.6929,16.5189,2.8467317563674206e-06,False
3499,F0306,30.1808,-97.7863,13.9615,17.4518,3.0036526727678125e-06,False
3500,F0205,30.167,-97.8088,7.1198,17.7994,2.4312368838362813e-06,False
3501,F0306,30.2203,-97.7599,8.8631,17.7262,3.0055899305763155e-06,False
3502,F0204,30.1775,-97.8641,0.0,16.6469,,False
3503,F0507,30.3261,-97.7029,13.9633,16.4274,2.6031288655639873e-06,False
3504,F0506,30.3486,-97.7481,15.8493,16.6835,3.0705435896717523e-06,False
3505,F0604,30.3739,-97.8767,0.0,16.3908,,False
3506,F0308,30.2372,-97.6497,16.7933,16.7933,3.097032734624501e-06,False
3507,F0307,30.1836,-97.7258,16.5738,16.5738,2.7804983983389947e-06,False
3508,F0407,30.2456,-97.6836,9.6689,17.5799,2.8543723335644895e-06,False
3509,F0209,30.1673,-97.5856,0.0,17.2872,,False
3510,F0204,30.1396,-97.9085,0.0,17.8177,,False
3511,F0605,30.3856,-97.8175,0.0,16.4457,,False
3512,F0407,30.2429,-97.7183,7.2368,18.0921,2.9936209267258246e-06,False
3513,F0408,30.2652,-97.6415,7.7134,17.1409,2.024951400934671e-06,False
3514,F0304,30.2226,-97.8869,14.4298,16.9762,3.0632833068049983e-06,False
3515,F0407,30.2686,-97.6904,10.6248,17.7079,2.9775263950623272e-06,False
3516,F0405,30.2431,-97.8456,4.4087,17.6348,1.9604760062344508e-06,False
3517,F0506,30.3059,-97.7739,7.1783,17.9458,3.0931188424931845e-06,False
3518,F0306,30.2136,-97.759,16.2811,16.2811,3.0760448245291887e-06,False
3519,F0407,30.2755,-97.7375,14.3831,16.9213,2.936689058271935e-06,False
3520,F0207,30.0743,-97.7266,11.308,17.397,2.7168742543252575e-06,False
3521,F0405,30.2623,-97.8397,7.524,16.7201,1.8989534482372671e-06,False
3522,F0407,30.295,-97.69,13.6688,17.086,2.931128943806495e-06,False
3523,F0406,30.266,-97.7666,14.6859,16.3177,3.0596105594501787e-06,False
3524,F0406,30.2621,-97.7899,11.4269,17.5799,2.994943864031047e-06,False
3525,F0604,30.3925,-97.8869,0.0,16.7567,,False
3526,F0408,30.2978,-97.6531,9.1458,16.6286,1.9809856689596242e-06,False
3527,F0507,30.3456,-97.7069,14.1343,16.6286,2.6453059206478762e-06,False
3528,F0506,30.3062,-97.7527,16.6652,16.6652,2.9651084372021798e-06,False
3529,F0507,30.3307,-97.6962,8.671,17.3421,2.5461621657194234e-06,False
3530,F0508,30.3094,-97.6303,12.8556,17.1409,2.9413177343244173e-06,False
3531,F0508,30.3407,-97.6685,14.0721,16.5555,3.0856778325599396e-06,False
3532,F0306,30.2183,-97.7733,14.8505,16.5006,3.073600025960683e-06,False
3533,F0407,30.2594,-97.698,4.5002,18.0006,2.955938212579419e-06,False
3534,F0307,30.1928,-97.7307,13.6102,17.0128,3.1125564055020015e-06,False
3535,F0608,30.3661,-97.6393,7.1051,17.7628,2.517714781363265e-06,False
3536,F0305,30.2098,-97.803,9.0954,16.5372,2.0810570334629634e-06,False
3537,F0507,30.3219,-97.6944,13.4639,16.8299,2.655231114364565e-06,False
3538,F0406,30.2565,-97.7492,16.2262,16.2262,2.8311802461434237e-06,False
3539,F0209,30.1476,-97.6086,0.0,16.2994,,False
3540,F0406,30.2556,-97.7532,9.7293,17.6897,3.1672047628383636e-06,False
3541,F0407,30.2974,-97.7129,14.4764,17.0311,2.987850439770503e-06,False
3542,F0409,30.2717,-97.5872,10.6897,16.4457,2.388631145110206e-06,False
3543,F0307,30.2376,-97.6827,12.1523,17.3604,3.1163076017959247e-06,False
3544,F0506,30.3106,-97.7977,15.6582,16.4823,2.9822176873587052e-06,False
3545,F0406,30.2487,-97.7828,15.1469,16.8299,3.1364788486942764e-06,False
3546,F0404,30.2862,-97.8647,12.0498,17.214,3.0048659387703287e-06,False
3547,F0207,30.1599,-97.703,12.5675,16.7567,2.724352552773755e-06,False
3548,F0405,30.274,-97.8163,8.2869,16.5738,1.910800648060099e-06,False
3549,F0506,30.3262,-97.7779,13.581,16.9762,2.9758853322001068e-06,False
3550,F0205,30.1341,-97.8176,3.6001,18.0006,2.508230916725144e-06,False
3551,F0407,30.2939,-97.7367,15.328,16.1347,2.999947717911841e-06,False
3552,F0508,30.3375,-97.6728,10.6138,17.6897,2.9846773460920405e-06,False
3553,F0306,30.216,-97.7416,15.1633,16.8482,3.1542086801085163e-06,False
3554,F0407,30.2795,-97.6808,8.8906,17.7811,2.843374997419442e-06,False
3555,F0208,30.1178,-97.6489,12.4852,16.6469,2.745793616666973e-06,False
3556,F0504,30.3297,-97.9907,0.0,17.4335,,False
3557,F0306,30.183,-97.782,14.4453,16.9945,3.0528810241099057e-06,False
3558,F0208,30.1738,-97.6774,15.8493,16.6835,2.7252843927904843e-06,False
3559,F0409,30.2467,-97.5979,11.7553,16.7933,2.4208236689096554e-06,False
3560,F0407,30.298,-97.7135,16.7567,16.7567,2.9278612719108672e-06,False
3561,F0507,30.3303,-97.7,13.42,16.775,2.569623141133063e-06,False
3562,F0306,30.2212,-97.7921,14.8999,16.5555,3.080064899115803e-06,False
3563,F0209,30.158,-97.6027,0.0,17.2323,,False
3564,F0608,30.3656,-97.6357,11.2486,17.3055,2.591524496174766e-06,False
3565,F0508,30.3538,-97.6364,13.9944,16.464,3.0902918916047445e-06,False
3566,F0606,30.4119,-97.7402,14.1343,16.6286,2.985801163234915e-06,False
3567,F0505,30.319,-97.859,10.4519,16.0798,2.141896486819545e-06,False
3568,F0305,30.2387,-97.8277,4.4361,17.7445,2.1241953627079805e-06,False
3569,F0309,30.2364,-97.593,0.0,17.3238,,False
3570,F0506,30.3494,-97.7497,15.3444,17.0494,3.0438681384845257e-06,False
3571,F0409,30.2624,-97.6095,8.6162,17.2323,2.3916014267967632e-06,False
3572,F0507,30.3499,-97.6855,7.9521,17.6714,2.5194583978622244e-06,False
3573,F0406,30.294,-97.7945,13.581,16.9762,3.0854000221804345e-06,False
3574,F0606,30.3632,-97.7721,16.8482,16.8482,2.959670089509674e-06,False
3575,F0206,30.16,-97.7649,14.7517,16.3908,2.8246810182087434e-06,False
3576,F0507,30.3098,-97.7256,13.2736,16.5921,2.536405853246671e-06,False
3577,F0404,30.2939,-97.9023,10.4492,17.4153,2.968958672172289e-06,False
3578,F0607,30.3911,-97.6891,6.1658,17.6165,1.9546715932504828e-06,False
3579,F0405,30.2843,-97.8413,8.2777,16.5555,1.930407917977781e-06,False
3580,F0307,30.2033,-97.6856,15.7798,16.6103,3.128406987539889e-06,False
3581,F0306,30.2253,-97.7521,9.7997,17.8177,2.9775432995446578e-06,False
3582,F0608,30.4052,-97.6596,9.0411,17.2323,2.5639478475758407e-06,False
3583,F0607,30.3604,-97.7324,9.1357,16.6103,2.040312953259743e-06,False
3584,F0406,30.2914,-97.7448,14.041,16.5189,3.126038473422077e-06,False
3585,F0407,30.2886,-97.7151,13.9176,17.397,2.922291840438287e-06,False
3586,F0408,30.2569,-97.6769,7.6887,17.086,1.968999086615629e-06,False
3587,F0307,30.2354,-97.7197,15.467,16.2811,3.0539879766225907e-06,False
3588,F0507,30.3403,-97.6826,10.2845,17.1409,2.652964707842718e-06,False
3589,F0305,30.1856,-97.8524,9.3369,16.9762,2.110225212697658e-06,False
3590,F0204,30.1758,-97.8734,0.0,16.9762,,False
3591,F0404,30.292,-97.86,15.6756,16.5006,2.991946047546087e-06,False
3592,F0207,30.1505,-97.7244,8.018,17.8177,2.721584985965203e-06,False
3593,F0407,30.2997,-97.7287,13.1566,16.4457,2.8562833753199824e-06,False
3594,F0304,30.2283,-97.9105,15.0152,16.6835,3.056868307609007e-06,False
3595,F0307,30.2168,-97.7337,15.971,16.8116,3.1634198510549472e-06,False
3596,F0304,30.219,-98.0175,16.2143,17.0677,3.0193650597452702e-06,False
3597,F0206,30.1675,-97.7955,11.1772,17.1957,2.901683627055333e-06,False
3598,F0307,30.2192,-97.7006,11.2248,17.2689,3.0743833729732917e-06,False
3599,F0507,30.3173,-97.7166,12.8419,17.1226,2.6600260819094644e-06,False
3600,F0408,30.2716,-97.6645,8.9948,16.3542,1.9340019511511806e-06,False
3601,F0607,30.4068,-97.699,8.3143,16.6286,1.968409638328682e-06,False
3602,F0506,30.3568,-97.7428,13.6834,17.1043,3.0805616299681767e-06,False
3603,F0307,30.2013,-97.7052,9.7595,17.7445,3.1211303869057395e-06,False
3604,F0507,30.3134,-97.7279,13.259,16.5738,2.5375865508208594e-06,False
3605,F0207,30.1543,-97.7056,15.3454,16.153,2.7724728013671287e-06,False
3606,F0308,30.2288,-97.6624,11.8833,16.9762,3.0456139624462404e-06,False
3607,F0404,30.2942,-97.9016,16.8665,16.8665,3.043397706880603e-06,False
3608,F0205,30.1529,-97.8068,10.3504,17.2506,2.4524519090787713e-06,False
3609,F0207,30.1689,-97.7266,12.8145,17.086,2.6802985457082234e-06,False
3610,F0405,30.2699,-97.8415,9.2866,16.8847,2.020712370616107e-06,False
3611,F0407,30.272,-97.7075,7.1929,17.9823,2.921515404375125e-06,False
3612,F0206,30.1365,-97.7503,11.2842,17.3604,2.7835419058086822e-06,False
3613,F0407,30.2423,-97.6912,4.5093,18.0372,2.8943715488386417e-06,False
3614,F0506,30.3154,-97.7712,10.5589,17.5982,3.026970681472844e-06,False
3615,F0606,30.3754,-97.7672,13.9478,16.4091,2.9430057305692738e-06,False
3616,F0206,30.1575,-97.7907,12.7733,17.0311,2.8346740822190867e-06,False
3617,F0209,30.1659,-97.6181,0.0,16.6286,,False
3618,F0306,30.1924,-97.7771,5.488,18.2933,3.072984659265813e-06,False
3619,F0309,30.231,-97.6107,0.0,16.4457,,False
3620,F0405,30.282,-97.8223,6.0185,17.1957,1.993625226814582e-06,False
3621,F0305,30.1815,-97.8276,8.1588,16.3177,2.0971649712144002e-06,False
3622,F0407,30.2562,-97.7046,9.7796,17.7811,2.8494789134880354e-06,False
3623,F0306,30.233,-97.747,12.8968,17.1957,3.0837787615776557e-06,False
3624,F0507,30.333,-97.7239,9.6689,17.5799,2.55376940876977e-06,False
3625,F0608,30.3948,-97.6473,12.3206,16.4274,2.5820515879279907e-06,False
3626,F0607,30.3898,-97.7014,7.8122,17.3604,1.969169978619058e-06,False
3627,F0407,30.2861,-97.7178,15.4496,16.2628,2.9902007828730854e-06,False
3628,F0208,30.1343,-97.6564,14.9987,16.6652,2.748401194110331e-06,False
3629,F0407,30.299,-97.7065,12.0114,17.1591,2.8405441095077276e-06,False
3630,F0206,30.0909,-97.7899,12.1651,17.3787,2.885474321517986e-06,False
3631,F0405,30.2468,-97.8336,10.6659,16.4091,1.9388770300988886e-06,False
3632,F0308,30.2121,-97.6698,13.1163,17.4884,3.12642206780651e-06,False
3633,F0405,30.2502,-97.8114,9.2464,16.8116,1.9790713217480706e-06,False
3634,F0406,30.2957,-97.7975,15.0481,16.7201,3.094153633941677e-06,False
3635,F0306,30.2219,-97.757,13.5517,16.9396,3.091845514573965e-06,False
3636,F0406,30.2682,-97.7788,12.6636,16.8847,3.1269187528069843e-06,False
3637,F0305,30.1845,-97.8112,11.448,16.3542,2.086808382382023e-06,False
3638,F0305,30.2371,-97.8562,8.3783,16.7567,2.0801952541502848e-06,False
3639,F0407,30.2703,-97.7323,12.9517,17.2689,2.9479427200630617e-06,False
3640,F0507,30.32,-97.7217,12.4989,16.6652,2.585663507267646e-06,False
3641,F0408,30.281,-97.6428,6.7905,16.9762,1.964039923119813e-06,False
3642,F0409,30.2887,-97.5267,11.5888,16.5555,2.449298318827936e-06,False
3643,F0406,30.2606,-97.7893,9.7696,17.7628,3.0539954066784695e-06,False
3644,F0408,30.25,-97.6417,8.3235,16.6469,1.9662668014126968e-06,False
3645,F0406,30.2664,-97.7838,13.5517,16.9396,3.159116948960256e-06,False
3646,F0507,30.3239,-97.7148,10.3723,17.2872,2.5185601958063064e-06,False
3647,F0307,30.1804,-97.7061,10.515,17.525,3.060673092044125e-06,False
3648,F0407,30.2799,-97.6922,14.9164,16.5738,2.997569321039597e-06,False
3649,F0507,30.3066,-97.7228,11.7425,16.775,2.5662267637885757e-06,False
3650,F0608,30.41,-97.66,6.2618,17.8909,2.570385321080799e-06,False
3651,F0408,30.2964,-97.6245,10.5708,16.2628,1.997605295236054e-06,False
3652,F0306,30.2252,-97.7794,16.1969,17.0494,3.1358808702137693e-06,False
3653,F0209,30.157,-97.5302,0.0,17.4701,,False
3654,F0209,30.1547,-97.6165,0.0,16.8847,,False
3655,F0506,30.3576,-97.7762,11.9858,17.1226,2.9892275571948023e-06,False
3656,F0404,30.2874,-97.9178,14.2276,16.7384,3.122069160856243e-06,False
3657,F0405,30.272,-97.8048,8.1588,16.3177,1.9815895930266973e-06,False
3658,F0306,30.24,-97.7994,12.8556,17.1409,3.06532663844154e-06,False
3659,F0205,30.1478,-97.8163,7.0539,17.6348,2.59328251733046e-06,False
3660,F0204,30.1638,-97.892,0.0,17.7079,,False
3661,F0405,30.2955,-97.8352,9.0351,16.4274,1.994639564691702e-06,False
3662,F0406,30.2913,-97.7513,9.7897,17.7994,3.1635598309306604e-06,False
3663,F0606,30.4744,-97.7539,14.9328,16.5921,2.988418141587455e-06,False
3664,F0507,30.3304,-97.7196,10.5589,17.5982,2.5454306821113767e-06,False
3665,F0506,30.3455,-97.765,16.5555,16.5555,3.019073543491141e-06,False
3666,F0607,30.3663,-97.6982,10.7254,16.5006,1.9935519427720106e-06,False
3667,F0609,30.4494,-97.564,0.0,17.3421,,False
3668,F0308,30.2219,-97.666,13.7566,17.1957,3.0696441650546516e-06,False
3669,F0504,30.3115,-97.905,0.0,16.6835,,False
3670,F0606,30.3697,-97.7868,16.1795,17.0311,3.074926532150175e-06,False
3671,F0306,30.2068,-97.7753,8.0509,17.8909,3.174438909126363e-06,False
3672,F0404,30.2629,-97.8661,14.5541,17.1226,3.129701332677768e-06,False
3673,F0207,30.0975,-97.6928,8.8906,17.7811,2.7182236794541466e-06,False
3674,F0507,30.3545,-97.6999,12.3343,16.4457,2.6736371602968065e-06,False
3675,F0504,30.3109,-97.8635,0.0,16.7201,,False
3676,F0406,30.2725,-97.7835,13.1438,17.525,3.1603345028245993e-06,False
3677,F0405,30.2403,-97.8398,9.2464,16.8116,1.9587362826127026e-06,False
3678,F0205,30.1693,-97.8242,12.3068,16.4091,2.50946069955656e-06,False
3679,F0306,30.2042,-97.7478,15.5018,16.3177,3.1060140011721906e-06,False
3680,F0209,30.1492,-97.5851,0.0,16.6469,,False
3681,F0408,30.2519,-97.6494,8.1588,16.3177,1.9901552728322298e-06,False
3682,F0505,30.3075,-97.8331,10.2406,17.0677,2.125937703982317e-06,False
3683,F0204,30.1592,-97.8764,0.0,16.464,,False
3684,F0308,30.1934,-97.6471,9.7494,17.7262,3.0606951659067737e-06,False
3685,F0407,30.2665,-97.6988,12.9242,17.2323,2.8347111844102656e-06,False
3686,F0405,30.263,-97.846,6.0825,17.3787,1.92764407644973e-06,False
3687,F0406,30.2809,-97.7764,16.5372,16.5372,2.9487309898498543e-06,False
3688,F0307,30.2133,-97.7051,14.1654,16.6652,3.085147366548572e-06,False
3689,F0505,30.3022,-97.8317,7.7298,17.1774,2.2151416045100374e-06,False
3690,F0408,30.2734,-97.6269,10.1528,16.9213,1.964456949802131e-06,False
3691,F0306,30.1911,-97.7421,14.8176,16.464,3.016457834011777e-06,False
3692,F0404,30.2894,-97.8992,12.8556,17.1409,2.9930236678574993e-06,False
3693,F0307,30.2284,-97.6899,16.153,16.153,2.8445197891546455e-06,False
3694,F0406,30.2487,-97.7981,15.7625,16.5921,3.150334010893334e-06,False
3695,F0407,30.25,-97.7286,12.0242,17.1774,2.9504468884772366e-06,False
3696,F0607,30.3994,-97.6881,9.8564,16.4274,1.998721235634194e-06,False
3697,F0508,30.3074,-97.6638,12.1267,17.3238,3.000146586403245e-06,False
3698,F0408,30.2791,-97.6685,6.9588,17.397,1.997033803306821e-06,False
3699,F0407,30.2828,-97.7331,12.2245,16.2994,2.845154382449347e-06,False
3700,F0205,30.0882,-97.82,11.4736,16.3908,2.533110325502827e-06,False
3701,F0307,30.1986,-97.6953,15.5256,17.2506,3.1303512081673176e-06,False
3702,F0205,30.1173,-97.8235,10.7135,16.4823,2.507604492572597e-06,False
3703,F0506,30.3411,-97.7761,10.6687,17.7811,3.0264736098211417e-06,False
3704,F0206,30.1699,-97.795,13.6395,17.0494,2.9117327900131038e-06,False
3705,F0207,30.1217,-97.7004,15.467,16.2811,2.774390110615914e-06,False
3706,F0409,30.2624,-97.551,12.4989,16.6652,2.4933080597424337e-06,False
3707,F0405,30.2971,-97.8083,6.871,17.1774,1.963696120532448e-06,False
3708,F0508,30.3009,-97.654,16.5738,16.5738,3.0022013417004695e-06,False
3709,F0406,30.276,-97.7565,12.3828,17.6897,3.1160285883294054e-06,False
3710,F0305,30.1855,-97.8439,10.6778,16.4274,2.140634988907189e-06,False
3711,F0606,30.3995,-97.7603,13.9907,17.4884,3.0639627261593526e-06,False
3712,F0207,30.1539,-97.693,7.1051,17.7628,2.640339807671532e-06,False
3713,F0405,30.248,-97.8434,9.2363,16.7933,1.9607420814477926e-06,False
3714,F0307,30.2328,-97.7383,11.5102,17.7079,3.1266669930956665e-06,False
3715,F0406,30.2427,-97.7572,14.6008,17.1774,3.1544104650239126e-06,False
3716,F0507,30.35,-97.7225,8.0921,17.9823,2.637827083915389e-06,False
3717,F0507,30.358,-97.7314,12.1285,16.1713,2.63354899634002e-06,False
3718,F0309,30.2335,-97.6135,0.0,16.903,,False
3719,F0205,30.1563,-97.8047,11.4864,16.4091,2.48344014037751e-06,False
3720,F0608,30.3623,-97.6312,10.9275,16.8116,2.528553361492384e-06,False
3721,F0506,30.3379,-97.7871,14.0099,16.4823,2.9897015810361404e-06,False
3722,F0409,30.2426,-97.5707,10.2955,17.1591,2.42400012157578e-06,False
3723,F0508,30.312,-97.642,16.2079,16.2079,3.094858854500073e-06,False
3724,F0505,30.3132,-97.8386,10.1089,16.8482,2.16475475919617e-06,False
3725,F0506,30.3115,-97.7857,4.5139,18.0555,2.9898586482854974e-06,False
3726,F0407,30.2708,-97.71,10.6028,17.6714,2.9094925648985728e-06,False
3727,F0208,30.0804,-97.6716,12.7184,16.9579,2.7140684256350732e-06,False
3728,F0408,30.2484,-97.6781,6.7978,16.9945,1.967354562850871e-06,False
3729,F0507,30.3267,-97.7139,12.0498,17.214,2.6564700580875022e-06,False
3730,F0508,30.3502,-97.6359,11.4388,17.5982,2.925990054995523e-06,False
3731,F0407,30.298,-97.7353,15.5539,16.3725,2.9741444351294406e-06,False
3732,F0408,30.2899,-97.6713,4.4316,17.7262,1.8987445957510178e-06,False
3733,F0305,30.2361,-97.8151,7.8039,17.3421,2.014290624589591e-06,False
3734,F0206,30.1005,-97.793,13.7127,17.1409,2.850892650846349e-06,False
3735,F0408,30.2772,-97.6436,1.7909,17.9092,1.911207511264749e-06,False
3736,F0305,30.2238,-97.8228,10.0211,16.7018,2.0236477545481512e-06,False
3737,F0406,30.2867,-97.7554,13.7566,17.1957,3.062549931061198e-06,False
3738,F0406,30.2498,-97.7458,16.0405,16.8847,3.01334548357463e-06,False
3739,F0408,30.2585,-97.6578,5.2356,17.4518,1.9093823101709663e-06,False
3740,F0606,30.4497,-97.7571,9.7494,17.7262,3.0720948443981505e-06,False
3741,F0307,30.2335,-97.6847,14.9822,16.6469,3.085184300547346e-06,False
3742,F0306,30.2293,-97.7752,9.7293,17.6897,2.9848249300955574e-06,False
3743,F0406,30.2474,-97.7751,12.8282,17.1043,3.1524253718911662e-06,False
3744,F0605,30.4766,-97.8279,0.0,17.6531,,False
3745,F0407,30.2689,-97.7034,10.6796,17.7994,2.8803431692986413e-06,False
3746,F0406,30.2625,-97.7991,9.7595,17.7445,3.009078499479999e-06,False
3747,F0406,30.2614,-97.7493,6.3066,18.0189,2.958111461893041e-06,False
3748,F0405,30.2928,-97.8092,8.5247,17.0494,2.025269880204578e-06,False
3749,F0506,30.301,-97.7945,12.8968,17.1957,3.0693444896847375e-06,False
3750,F0407,30.2972,-97.7216,15.1633,16.8482,2.9956530282078376e-06,False
3751,F0407,30.2961,-97.7191,13.1026,17.4701,2.885105664123891e-06,False
3752,F0406,30.2696,-97.774,11.5339,17.7445,3.0835991472091383e-06,False
3753,F0207,30.1759,-97.734,11.973,17.1043,2.7638134601225994e-06,False
3754,F0506,30.3408,-97.7851,13.42,16.775,3.103632733256144e-06,False
3755,F0207,30.166,-97.6805,8.0838,17.9641,2.686643824165077e-06,False
3756,F0407,30.2886,-97.7325,9.6186,17.4884,2.8808250262001077e-06,False
3757,F0304,30.1897,-97.9025,13.7859,17.2323,2.973099034159549e-06,False
3758,F0604,30.366,-97.8815,0.0,16.9762,,False
3759,F0406,30.2934,-97.784,11.5221,17.7262,3.053466279622199e-06,False
3760,F0505,30.3097,-97.817,11.6529,16.6469,2.1721912879421297e-06,False
3761,F0408,30.2687,-97.6577,6.1722,17.6348,1.903346971116076e-06,False
3762,F0304,30.2391,-97.8648,15.8493,16.6835,2.944231297410401e-06,False
3763,F0508,30.345,-97.6678,10.6248,17.7079,3.045709464362701e-06,False
3764,F0406,30.2437,-97.768,15.0316,16.7018,3.0837212938340385e-06,False
3765,F0306,30.2209,-97.7941,16.3542,16.3542,3.1027071609576517e-06,False
3766,F0309,30.2359,-97.5954,0.0,17.6531,,False
3767,F0206,30.1765,-97.7851,14.041,16.5189,2.8549029040030797e-06,False
3768,F0205,30.1042,-97.8382,11.0821,17.0494,2.466920469746539e-06,False
3769,F0206,30.1528,-97.7978,3.6477,18.2385,2.706798847054286e-06,False
3770,F0306,30.218,-97.7696,7.1637,17.9092,3.0012350789174804e-06,False
3771,F0404,30.2464,-97.9203,15.6756,16.5006,2.9906724184135085e-06,False
3772,F0608,30.5016,-97.6618,9.6891,17.6165,2.528400762893791e-06,False
3773,F0407,30.2512,-97.7178,15.4496,16.2628,2.949392318650333e-06,False
3774,F0307,30.2223,-97.683,13.034,17.3787,3.0130825355718487e-06,False
3775,F0409,30.2966,-97.5765,12.2657,16.3542,2.4296794115536417e-06,False
3776,F0206,30.1217,-97.741,12.6498,16.8665,2.9036894083081603e-06,False
3777,F0307,30.2248,-97.7273,7.0905,17.7262,3.1203833332970547e-06,False
3778,F0506,30.323,-97.7609,14.7682,16.4091,2.9728236686662562e-06,False
3779,F0604,30.4016,-97.8713,0.0,16.7933,,False
3780,F0306,30.2361,-97.7966,13.5517,16.9396,3.0257923823671646e-06,False
3781,F0504,30.3103,-97.9434,0.0,16.5921,,False
3782,F0508,30.3149,-97.6715,16.4823,16.4823,3.1037643732454855e-06,False
3783,F0307,30.2378,-97.7334,14.5706,16.1896,3.0317117048177928e-06,False
3784,F0307,30.2122,-97.7215,10.6577,17.7628,3.045670410758587e-06,False
3785,F0406,30.2512,-97.7686,10.3723,17.2872,3.0043196927909577e-06,False
3786,F0407,30.2421,-97.7136,14.3831,16.9213,2.9453726982620157e-06,False
3787,F0508,30.3599,-97.6626,8.9089,17.8177,2.9176532342522528e-06,False
3788,F0506,30.3009,-97.7941,14.3209,16.8482,2.965166724396221e-06,False
3789,F0306,30.1875,-97.7673,12.7047,16.9396,3.1113242593377825e-06,False
3790,F0305,30.2117,-97.8394,8.9244,16.2262,2.0424534579948592e-06,False
3791,F0607,30.3795,-97.7215,7.664,17.0311,1.9585424168440697e-06,False
3792,F0506,30.3114,-97.7405,13.7127,17.1409,3.0502217722364186e-06,False
3793,F0308,30.2223,-97.6458,14.3676,16.903,3.050867636150581e-06,False
3794,F0606,30.3789,-97.7681,10.6357,17.7262,3.1001261803489868e-06,False
3795,F0309,30.2383,-97.6049,0.0,16.9579,,False
3796,F0306,30.2217,-97.7929,15.1469,16.8299,3.042757528762716e-06,False
3797,F0408,30.2837,-97.6201,8.3692,16.7384,1.998246097084724e-06,False
3798,F0205,30.1518,-97.8001,9.6186,17.4884,2.5374273276342085e-06,False
3799,F0308,30.2186,-97.6638,16.3359,16.3359,3.0169212420013303e-06,False
3800,F0306,30.182,-97.7858,14.2898,16.8116,3.0806578672829926e-06,False
3801,F0408,30.2801,-97.6342,4.4544,17.8177,1.9658775661605808e-06,False
3802,F0307,30.2237,-97.6841,10.6467,17.7445,3.022596961865749e-06,False
3803,F0505,30.3198,-97.8465,10.8205,16.6469,2.209956936874866e-06,False
3804,F0206,30.149,-97.792,14.8011,16.4457,2.7979415657668492e-06,False
3805,F0307,30.2202,-97.6907,11.4983,17.6897,3.0488217890526216e-06,False
3806,F0207,30.1492,-97.7277,11.1891,17.214,2.704111917777068e-06,False
3807,F0207,30.132,-97.7109,13.259,16.5738,2.7038306788916842e-06,False
3808,F0207,30.0786,-97.7014,9.5583,17.3787,2.8133265735243824e-06,False
3809,F0306,30.2231,-97.7503,15.7451,16.5738,3.059978599008481e-06,False
3810,F0307,30.229,-97.6998,14.8176,16.464,3.1455019853079876e-06,False
3811,F0304,30.2308,-97.8836,12.2931,17.5616,3.040965528420384e-06,False
3812,F0505,30.3144,-97.8208,10.2955,17.1591,2.219259975833396e-06,False
3813,F0304,30.2395,-97.9631,13.859,17.3238,3.0230843033043968e-06,False
3814,F0508,30.3465,-97.6747,11.5221,17.7262,3.062813892131986e-06,False
3815,F0509,30.3298,-97.5641,0.0,16.6652,,False
3816,F0207,30.1492,-97.7055,13.3322,16.6652,2.713898084548541e-06,False
3817,F0405,30.273,-97.8058,8.5338,17.0677,2.0127054680573375e-06,False
3818,F0509,30.3218,-97.6187,0.0,17.3238,,False
3819,F0606,30.4187,-97.7445,12.2163,17.4518,2.9962269592576855e-06,False
3820,F0305,30.2366,-97.8586,0.9019,18.0372,2.0581868717964384e-06,False
3821,F0306,30.2193,-97.7914,13.5663,16.9579,3.040610827525345e-06,False
3822,F0408,30.2523,-97.6264,5.2849,17.6165,1.9514642172796835e-06,False
3823,F0405,30.2715,-97.8593,7.5076,16.6835,1.960129437587874e-06,False
3824,F0405,30.2982,-97.8131,6.7393,16.8482,1.994158727768215e-06,False
3825,F0406,30.267,-97.7483,13.5663,16.9579,3.151359943125094e-06,False
3826,F0504,30.3349,-97.9959,0.0,17.3787,,False
3827,F0509,30.3354,-97.5516,0.0,17.4518,,False
3828,F0304,30.2088,-97.8665,12.0626,17.2323,3.0782226036312203e-06,False
3829,F0508,30.3551,-97.6318,12.1267,17.3238,3.0356154080720234e-06,False
3830,F0408,30.2647,-97.666,1.7927,17.9275,2.0200427106230404e-06,False
3831,F0407,30.2512,-97.6927,14.6859,16.3177,2.917452748213119e-06,False
3832,F0408,30.2445,-97.6673,6.0697,17.3421,1.939409995598523e-06,False
3833,F0607,30.3975,-97.7396,9.8455,16.4091,1.9916657787809306e-06,False
3834,F0209,30.1618,-97.5569,0.0,16.903,,False
3835,F0409,30.2664,-97.5934,10.1748,16.9579,2.4829246932159808e-06,False
3836,F0509,30.3281,-97.531,0.0,17.525,,False
3837,F0504,30.3199,-97.8628,0.0,16.903,,False
3838,F0407,30.2448,-97.7393,13.9468,17.4335,2.906346862041045e-06,False
3839,F0307,30.2187,-97.6814,8.9089,17.8177,3.026121843138221e-06,False
3840,F0307,30.2147,-97.7072,14.5853,17.1591,3.1005279372916964e-06,False
3841,F0408,30.246,-97.665,7.5817,16.8482,1.9087483849682842e-06,False
3842,F0205,30.1759,-97.8284,11.7041,16.7201,2.582196087932482e-06,False
3843,F0205,30.095,-97.8262,9.7192,17.6714,2.587846494248646e-06,False
3844,F0207,30.1193,-97.6922,7.8451,17.4335,2.7155877218393255e-06,False
3845,F0308,30.2076,-97.6305,12.5401,16.7201,2.9889780147274647e-06,False
3846,F0406,30.2551,-97.7678,16.8665,16.8665,3.054698919566619e-06,False
3847,F0305,30.2335,-97.8226,8.479,16.9579,2.126780399977394e-06,False
3848,F0509,30.3211,-97.6071,0.0,17.6165,,False
3849,F0405,30.2862,-97.8255,11.4224,16.3177,1.9279020695503474e-06,False
3850,F0508,30.3022,-97.6363,13.9176,17.397,3.0178796494089794e-06,False
3851,F0606,30.5471,-97.7944,16.3359,16.3359,2.9800452624180018e-06,False
3852,F0508,30.3349,-97.6508,13.9633,16.4274,2.9479732320811312e-06,False
3853,F0208,30.1315,-97.6352,13.9633,16.4274,2.7953154312702856e-06,False
3854,F0306,30.2188,-97.7508,13.9176,17.397,3.0743326890709854e-06,False
3855,F0306,30.2259,-97.7626,12.8968,17.1957,3.078938972229017e-06,False
3856,F0408,30.268,-97.6427,9.2765,16.8665,1.9625679416357026e-06,False
3857,F0406,30.2916,-97.7934,12.037,17.1957,3.0770901019149948e-06,False
3858,F0406,30.2555,-97.7528,15.3444,17.0494,3.0982386745672687e-06,False
3859,F0308,30.1962,-97.6467,13.13,17.5067,3.0554128976907326e-06,False
3860,F0305,30.2135,-97.8277,7.8533,17.4518,2.049585586756894e-06,False
3861,F0205,30.1599,-97.8063,15.0646,16.7384,2.560368062626373e-06,False
3862,F0307,30.1957,-97.6982,14.5542,17.1226,3.0163609152645523e-06,False
3863,F0406,30.248,-97.7849,15.1963,16.8847,3.0229800042980755e-06,False
3864,F0308,30.1865,-97.6694,9.7595,17.7445,2.9673003415007343e-06,False
3865,F0506,30.328,-97.7734,15.0152,16.6835,3.0876309800357507e-06,False
3866,F0508,30.3132,-97.674,14.9987,16.6652,3.028587628393819e-06,False
3867,F0507,30.3122,-97.6982,11.973,17.1043,2.672809707667781e-06,False
3868,F0409,30.2794,-97.5535,11.3913,17.525,2.400470113421489e-06,False
3869,F0506,30.3535,-97.7423,14.4453,16.9945,3.0967644587416283e-06,False
3870,F0505,30.3346,-97.8124,9.3168,16.9396,2.204893578527085e-06,False
3871,F0306,30.1878,-97.7946,11.64,16.6286,3.024764950470876e-06,False
3872,F0307,30.2193,-97.7323,9.6891,17.6165,3.137583258290753e-06,False
3873,F0407,30.294,-97.7248,10.6028,17.6714,2.9403914998273577e-06,False
3874,F0307,30.1952,-97.6853,12.7459,16.9945,3.0424090613237432e-06,False
3875,F0606,30.4004,-97.7597,7.1856,17.9641,2.923143411577209e-06,False
3876,F0209,30.1786,-97.5822,0.0,17.6348,,False
3877,F0306,30.2163,-97.7989,15.5749,17.3055,3.159710905189752e-06,False
3878,F0208,30.1632,-97.6579,16.5921,16.5921,2.7935464900652354e-06,False
3879,F0606,30.4013,-97.7804,13.5078,16.8847,3.0052719250425036e-06,False
3880,F0405,30.2785,-97.8353,3.5379,17.6897,1.951118114598799e-06,False
3881,F0309,30.1977,-97.5291,0.0,16.4823,,False
3882,F0208,30.1276,-97.6318,10.3723,17.2872,2.7331327671281723e-06,False
3883,F0606,30.3668,-97.7715,12.4212,17.7445,3.0104517401341777e-06,False
3884,F0207,30.1169,-97.7113,6.2042,17.7262,2.7813232816355644e-06,False
3885,F0307,30.1941,-97.7355,14.9164,16.5738,3.0353109518974102e-06,False
3886,F0407,30.2595,-97.7002,11.2842,17.3604,2.9305080872684666e-06,False
3887,F0507,30.3394,-97.6826,12.252,16.3359,2.6596642355610476e-06,False
3888,F0305,30.2305,-97.8195,9.8784,16.464,2.0455610420775944e-06,False
3889,F0408,30.2924,-97.6459,8.2046,16.4091,1.98007724538048e-06,False
3890,F0205,30.1735,-97.8035,7.9192,17.5982,2.497724924934046e-06,False
3891,F0304,30.2065,-97.8631,11.3318,17.4335,2.9369385044475236e-06,False
3892,F0209,30.1763,-97.5903,0.0,17.3421,,False
3893,F0307,30.2108,-97.6882,15.3975,16.2079,3.010189073848402e-06,False
3894,F0207,30.1545,-97.7347,11.094,17.0677,2.7461263895469306e-06,False
3895,F0606,30.4218,-97.7483,10.4492,17.4153,2.935006161274451e-06,False
3896,F0306,30.2196,-97.7629,16.6286,16.6286,3.1539430466489247e-06,False
3897,F0407,30.2401,-97.7134,14.8835,16.5372,2.890454086025855e-06,False
3898,F0609,30.3645,-97.6118,0.0,18.1287,,False
3899,F0606,30.4037,-97.743,11.909,17.0128,3.04140856737908e-06,False
3900,F0404,30.2692,-97.8672,8.0427,17.8726,3.0712917476505454e-06,False
3901,F0407,30.2543,-97.6939,12.037,17.1957,2.9862561571476596e-06,False
3902,F0406,30.2733,-97.7702,14.9164,16.5738,3.141609395894399e-06,False
3903,F0407,30.2897,-97.7147,14.6941,17.2872,2.9943844066735717e-06,False
3904,F0407,30.2859,-97.7304,12.0114,17.1591,2.982359582184537e-06,False
3905,F0307,30.1968,-97.7198,8.8997,17.7994,3.062653530040623e-06,False
3906,F0407,30.2768,-97.6951,16.4457,16.4457,2.9197291127659345e-06,False
3907,F0407,30.2403,-97.7112,15.114,16.7933,2.958592585426673e-06,False
3908,F0607,30.3725,-97.6842,6.8637,17.1591,1.9102931917261873e-06,False
3909,F0206,30.1723,-97.7959,15.081,16.7567,2.9401515167010097e-06,False
3910,F0505,30.3023,-97.849,8.6619,17.3238,2.1528671832841e-06,False
3911,F0608,30.4104,-97.6293,13.3761,16.7201,2.593532868034576e-06,False
3912,F0205,30.1212,-97.8297,12.595,16.7933,2.548733863851066e-06,False
3913,F0406,30.2618,-97.7749,16.11,16.9579,3.1080124917126184e-06,False
3914,F0305,30.2177,-97.8143,8.2869,16.5738,2.0427222932260894e-06,False
3915,F0404,30.2579,-97.8619,14.9328,16.5921,2.9970374507136443e-06,False
3916,F0205,30.0662,-97.8198,7.0905,17.7262,2.516972336750247e-06,False
3917,F0405,30.2796,-97.8131,5.2849,17.6165,1.9507008157464587e-06,False
3918,F0204,30.0686,-97.9097,0.0,18.1287,,False
3919,F0608,30.3727,-97.626,14.9164,16.5738,2.592062361419934e-06,False
3920,F0305,30.24,-97.8074,7.7957,17.3238,2.07401331032249e-06,False
3921,F0605,30.3719,-97.8227,0.0,17.1957,,False
3922,F0409,30.2765,-97.6033,8.6345,17.2689,2.4512110187778984e-06,False
3923,F0507,30.3117,-97.7085,10.8443,16.6835,2.6129185812570876e-06,False
3924,F0507,30.3325,-97.7117,11.0821,17.0494,2.5646605347242457e-06,False
3925,F0508,30.309,-97.6323,16.2445,16.2445,2.931159945815967e-06,False
3926,F0505,30.3306,-97.8011,10.054,16.7567,2.162567624792571e-06,False
3927,F0606,30.4145,-97.7925,13.6395,17.0494,2.9719914708402925e-06,False
3928,F0408,30.279,-97.6302,3.5489,17.7445,1.947230930504713e-06,False
3929,F0605,30.3769,-97.8513,0.0,17.7079,,False
3930,F0308,30.2396,-97.6485,16.6469,16.6469,2.6998698244306858e-06,False
3931,F0407,30.2912,-97.6926,12.2419,17.4884,2.882959506596305e-06,False
3932,F0406,30.2702,-97.7908,11.415,17.5616,3.0255166046365162e-06,False
3933,F0405,30.2487,-97.8024,7.5817,16.8482,1.9820812991141988e-06,False
3934,F0406,30.2541,-97.7927,13.5224,16.903,3.0135221155078986e-06,False
3935,F0504,30.3215,-97.8763,0.0,17.6165,,False
3936,F0406,30.2609,-97.7405,8.854,17.7079,3.0266463642056156e-06,False
3937,F0504,30.3414,-97.8921,0.0,16.9945,,False
3938,F0505,30.3472,-97.8452,7.8286,17.397,2.1461815320496626e-06,False
3939,F0408,30.2499,-97.633,7.5981,16.8847,1.9101919024320423e-06,False
3940,F0205,30.1534,-97.8191,11.1059,17.086,2.4835198762497524e-06,False
3941,F0504,30.3233,-97.8845,0.0,16.8847,,False
3942,F0307,30.1953,-97.7254,14.5853,17.1591,3.0886256292658634e-06,False
3943,F0306,30.2306,-97.7784,10.7345,17.8909,3.0748804877601537e-06,False
3944,F0405,30.2992,-97.8559,8.3143,16.6286,1.9679008372980097e-06,False
3945,F0208,30.1472,-97.6774,11.9346,17.0494,2.777927061228366e-06,False
3946,F0609,30.3855,-97.5793,0.0,17.086,,False
3947,F0405,30.2966,-97.8145,6.8271,17.0677,1.9645465903726846e-06,False
3948,F0308,30.2075,-97.672,14.0566,16.5372,3.0745993672379206e-06,False
3949,F0307,30.1836,-97.6907,8.8997,17.7994,2.9855184990002447e-06,False
3950,F0407,30.2803,-97.7016,12.5812,16.775,2.9561263287265766e-06,False
3951,F0304,30.213,-97.8856,14.3365,16.8665,2.9541777154650916e-06,False
3952,F0507,30.3252,-97.7182,11.6144,16.5921,2.6586766328492246e-06,False
3953,F0605,30.3976,-97.8034,0.0,17.1409,,False
3954,F0305,30.2216,-97.8203,10.076,16.7933,2.023377202555531e-06,False
3955,F0408,30.2453,-97.6269,2.7166,18.1104,1.8845945678524828e-06,False
3956,F0506,30.3248,-97.7631,16.7384,16.7384,3.054913609402976e-06,False
3957,F0209,30.1319,-97.5462,0.0,16.4274,,False
3958,F0206,30.1448,-97.7632,11.3794,17.5067,2.853458332068541e-06,False
3959,F0307,30.2361,-97.6904,13.5224,16.903,3.073651548235126e-06,False
3960,F0407,30.2448,-97.7371,12.8694,17.1591,2.904444794416466e-06,False
3961,F0407,30.242,-97.7224,12.8968,17.1957,2.8844575474413223e-06,False
3962,F0509,30.3367,-97.5654,0.0,17.3421,,False
3963,F0604,30.3815,-97.8694,0.0,16.9762,,False
3964,F0304,30.2362,-97.986,8.9454,17.8909,3.0180572330921573e-06,False
3965,F0407,30.2939,-97.6814,13.0614,17.4153,2.9543058746027857e-06,False
3966,F0408,30.2735,-97.658,9.3671,17.0311,1.964441600260994e-06,False
3967,F0209,30.1712,-97.5997,0.0,17.3055,,False
3968,F0507,30.3501,-97.7183,7.9439,17.6531,2.556238645332954e-06,False
3969,F0409,30.2882,-97.585,9.4778,17.2323,2.431230168970354e-06,False
3970,F0506,30.3035,-97.7569,7.1929,17.9823,3.0822742985141683e-06,False
3971,F0509,30.3435,-97.5043,0.0,16.7201,,False
3972,F0607,30.3712,-97.7134,11.448,16.3542,2.0458662421903625e-06,False
3973,F0607,30.3855,-97.7133,6.0057,17.1591,1.9791352486055915e-06,False
3974,F0206,30.1545,-97.7442,15.606,16.4274,2.922635269981161e-06,False
3975,F0405,30.2589,-97.8536,9.2464,16.8116,1.971842900442354e-06,False
3976,F0407,30.2612,-97.718,9.5583,17.3787,2.848372639560834e-06,False
3977,F0505,30.3554,-97.8279,10.1528,16.9213,2.139682638860953e-06,False
3978,F0308,30.2233,-97.6357,13.5078,16.8847,3.010959794819373e-06,False
3979,F0307,30.2252,-97.708,13.3221,17.7628,3.1423663831321713e-06,False
3980,F0405,30.2503,-97.8482,5.2465,17.4884,1.968065512958189e-06,False
3981,F0406,30.2548,-97.7919,15.5539,16.3725,3.033836098473045e-06,False
3982,F0408,30.2852,-97.6206,6.0313,17.2323,1.9172047016933694e-06,False
3983,F0305,30.2135,-97.8167,7.9027,17.5616,2.1151037751746676e-06,False
3984,F0207,30.1734,-97.7213,8.8906,17.7811,2.669238222038366e-06,False
3985,F0404,30.2738,-97.8853,11.4269,17.5799,3.12207731288987e-06,False
3986,F0605,30.4674,-97.8011,0.0,17.8543,,False
3987,F0508,30.3003,-97.6747,10.6138,17.6897,2.94237025890329e-06,False
3988,F0504,30.3409,-97.8807,0.0,16.2445,,False
3989,F0409,30.2755,-97.6159,11.3839,16.2628,2.447177488121841e-06,False
3990,F0406,30.2978,-97.7659,13.5078,16.8847,3.007186473812974e-06,False
3991,F0308,30.2388,-97.6552,14.3054,16.8299,2.9913176855546737e-06,False
3992,F0608,30.3797,-97.6316,11.9346,17.0494,2.6444753285295312e-06,False
3993,F0408,30.2428,-97.6212,8.4607,16.9213,1.952490809717593e-06,False
3994,F0407,30.2485,-97.7341,4.5276,18.1104,2.895210348015053e-06,False
3995,F0306,30.2357,-97.754,13.8151,17.2689,3.1664451233884283e-06,False
3996,F0206,30.1158,-97.7617,13.7273,17.1591,2.9394347922073174e-06,False
3997,F0509,30.3028,-97.6034,0.0,16.8665,,False
3998,F0505,30.3452,-97.8287,9.2464,16.8116,2.1084244928618284e-06,False
3999,F0506,30.3113,-97.745,14.6694,16.2994,3.0651232581248696e-06,False
